CBMC version 6.11.0 (cbmc-6.11.0) 64-bit arm64 macos
Type-checking conv
Type-checking harness_msgpack_cbmc
Type-checking mpack_core
Type-checking object
Type-checking packer
Type-checking unpacker
Generating GOTO Program
Adding CPROVER library (arm64)
Removal of function pointers and virtual functions
Generic Property Instrumentation
Starting Bounded Model Checking
Passing problem to propositional reduction
converting SSA
Running propositional reduction
SAT checker: instance is SATISFIABLE
Building error trace
Running propositional reduction
SAT checker: instance is UNSATISFIABLE

** Results:
/Library/Developer/CommandLineTools/SDKs/MacOSX.sdk/usr/include/_ctype.h function __isctype
[__isctype.array_bounds.1] line 175 array '_DefaultRuneLocale'.__runetype lower bound in _DefaultRuneLocale.__runetype[(signed long int)_c]: SUCCESS
[__isctype.array_bounds.2] line 175 array '_DefaultRuneLocale'.__runetype upper bound in _DefaultRuneLocale.__runetype[(signed long int)_c]: SUCCESS

/Library/Developer/CommandLineTools/SDKs/MacOSX.sdk/usr/include/_ctype.h function __istype
[__istype.array_bounds.1] line 163 array '_DefaultRuneLocale'.__runetype lower bound in _DefaultRuneLocale.__runetype[(signed long int)_c]: SUCCESS
[__istype.array_bounds.2] line 163 array '_DefaultRuneLocale'.__runetype upper bound in _DefaultRuneLocale.__runetype[(signed long int)_c]: SUCCESS

/Library/Developer/CommandLineTools/SDKs/MacOSX.sdk/usr/include/_stdio.h function __sputc
[__sputc.overflow.1] line 366 arithmetic overflow on signed - in _p->_w - 1: SUCCESS
[__sputc.pointer_dereference.1] line 366 dereference failure: pointer NULL in _p->_w: SUCCESS
[__sputc.pointer_dereference.2] line 366 dereference failure: pointer invalid in _p->_w: SUCCESS
[__sputc.pointer_dereference.3] line 366 dereference failure: deallocated dynamic object in _p->_w: SUCCESS
[__sputc.pointer_dereference.4] line 366 dereference failure: dead object in _p->_w: SUCCESS
[__sputc.pointer_dereference.5] line 366 dereference failure: pointer outside object bounds in _p->_w: SUCCESS
[__sputc.pointer_dereference.6] line 366 dereference failure: invalid integer address in _p->_w: SUCCESS
[__sputc.pointer_dereference.7] line 366 dereference failure: pointer NULL in _p->_w: SUCCESS
[__sputc.pointer_dereference.8] line 366 dereference failure: pointer invalid in _p->_w: SUCCESS
[__sputc.pointer_dereference.9] line 366 dereference failure: deallocated dynamic object in _p->_w: SUCCESS
[__sputc.pointer_dereference.10] line 366 dereference failure: dead object in _p->_w: SUCCESS
[__sputc.pointer_dereference.11] line 366 dereference failure: pointer outside object bounds in _p->_w: SUCCESS
[__sputc.pointer_dereference.12] line 366 dereference failure: invalid integer address in _p->_w: SUCCESS
[__sputc.pointer_dereference.13] line 366 dereference failure: pointer NULL in _p->_lbfsize: SUCCESS
[__sputc.pointer_dereference.14] line 366 dereference failure: pointer invalid in _p->_lbfsize: SUCCESS
[__sputc.pointer_dereference.15] line 366 dereference failure: deallocated dynamic object in _p->_lbfsize: SUCCESS
[__sputc.pointer_dereference.16] line 366 dereference failure: dead object in _p->_lbfsize: SUCCESS
[__sputc.pointer_dereference.17] line 366 dereference failure: pointer outside object bounds in _p->_lbfsize: SUCCESS
[__sputc.pointer_dereference.18] line 366 dereference failure: invalid integer address in _p->_lbfsize: SUCCESS
[__sputc.pointer_dereference.19] line 367 dereference failure: pointer NULL in _p->_p: SUCCESS
[__sputc.pointer_dereference.20] line 367 dereference failure: pointer invalid in _p->_p: SUCCESS
[__sputc.pointer_dereference.21] line 367 dereference failure: deallocated dynamic object in _p->_p: SUCCESS
[__sputc.pointer_dereference.22] line 367 dereference failure: dead object in _p->_p: SUCCESS
[__sputc.pointer_dereference.23] line 367 dereference failure: pointer outside object bounds in _p->_p: SUCCESS
[__sputc.pointer_dereference.24] line 367 dereference failure: invalid integer address in _p->_p: SUCCESS
[__sputc.pointer_dereference.25] line 367 dereference failure: pointer NULL in *tmp_post: SUCCESS
[__sputc.pointer_dereference.26] line 367 dereference failure: pointer invalid in *tmp_post: SUCCESS
[__sputc.pointer_dereference.27] line 367 dereference failure: deallocated dynamic object in *tmp_post: SUCCESS
[__sputc.pointer_dereference.28] line 367 dereference failure: dead object in *tmp_post: SUCCESS
[__sputc.pointer_dereference.29] line 367 dereference failure: pointer outside object bounds in *tmp_post: SUCCESS
[__sputc.pointer_dereference.30] line 367 dereference failure: invalid integer address in *tmp_post: SUCCESS

/Library/Developer/CommandLineTools/SDKs/MacOSX.sdk/usr/include/math.h function __sincos
[__sincos.pointer_dereference.1] line 716 dereference failure: pointer NULL in *__sinp: SUCCESS
[__sincos.pointer_dereference.2] line 716 dereference failure: pointer invalid in *__sinp: SUCCESS
[__sincos.pointer_dereference.3] line 716 dereference failure: deallocated dynamic object in *__sinp: SUCCESS
[__sincos.pointer_dereference.4] line 716 dereference failure: dead object in *__sinp: SUCCESS
[__sincos.pointer_dereference.5] line 716 dereference failure: pointer outside object bounds in *__sinp: SUCCESS
[__sincos.pointer_dereference.6] line 716 dereference failure: invalid integer address in *__sinp: SUCCESS
[__sincos.pointer_dereference.7] line 716 dereference failure: pointer NULL in *__cosp: SUCCESS
[__sincos.pointer_dereference.8] line 716 dereference failure: pointer invalid in *__cosp: SUCCESS
[__sincos.pointer_dereference.9] line 716 dereference failure: deallocated dynamic object in *__cosp: SUCCESS
[__sincos.pointer_dereference.10] line 716 dereference failure: dead object in *__cosp: SUCCESS
[__sincos.pointer_dereference.11] line 716 dereference failure: pointer outside object bounds in *__cosp: SUCCESS
[__sincos.pointer_dereference.12] line 716 dereference failure: invalid integer address in *__cosp: SUCCESS

/Library/Developer/CommandLineTools/SDKs/MacOSX.sdk/usr/include/math.h function __sincosf
[__sincosf.pointer_dereference.1] line 711 dereference failure: pointer NULL in *__sinp: SUCCESS
[__sincosf.pointer_dereference.2] line 711 dereference failure: pointer invalid in *__sinp: SUCCESS
[__sincosf.pointer_dereference.3] line 711 dereference failure: deallocated dynamic object in *__sinp: SUCCESS
[__sincosf.pointer_dereference.4] line 711 dereference failure: dead object in *__sinp: SUCCESS
[__sincosf.pointer_dereference.5] line 711 dereference failure: pointer outside object bounds in *__sinp: SUCCESS
[__sincosf.pointer_dereference.6] line 711 dereference failure: invalid integer address in *__sinp: SUCCESS
[__sincosf.pointer_dereference.7] line 711 dereference failure: pointer NULL in *__cosp: SUCCESS
[__sincosf.pointer_dereference.8] line 711 dereference failure: pointer invalid in *__cosp: SUCCESS
[__sincosf.pointer_dereference.9] line 711 dereference failure: deallocated dynamic object in *__cosp: SUCCESS
[__sincosf.pointer_dereference.10] line 711 dereference failure: dead object in *__cosp: SUCCESS
[__sincosf.pointer_dereference.11] line 711 dereference failure: pointer outside object bounds in *__cosp: SUCCESS
[__sincosf.pointer_dereference.12] line 711 dereference failure: invalid integer address in *__cosp: SUCCESS

/Library/Developer/CommandLineTools/SDKs/MacOSX.sdk/usr/include/math.h function __sincospi
[__sincospi.pointer_dereference.1] line 726 dereference failure: pointer NULL in *__sinp: SUCCESS
[__sincospi.pointer_dereference.2] line 726 dereference failure: pointer invalid in *__sinp: SUCCESS
[__sincospi.pointer_dereference.3] line 726 dereference failure: deallocated dynamic object in *__sinp: SUCCESS
[__sincospi.pointer_dereference.4] line 726 dereference failure: dead object in *__sinp: SUCCESS
[__sincospi.pointer_dereference.5] line 726 dereference failure: pointer outside object bounds in *__sinp: SUCCESS
[__sincospi.pointer_dereference.6] line 726 dereference failure: invalid integer address in *__sinp: SUCCESS
[__sincospi.pointer_dereference.7] line 726 dereference failure: pointer NULL in *__cosp: SUCCESS
[__sincospi.pointer_dereference.8] line 726 dereference failure: pointer invalid in *__cosp: SUCCESS
[__sincospi.pointer_dereference.9] line 726 dereference failure: deallocated dynamic object in *__cosp: SUCCESS
[__sincospi.pointer_dereference.10] line 726 dereference failure: dead object in *__cosp: SUCCESS
[__sincospi.pointer_dereference.11] line 726 dereference failure: pointer outside object bounds in *__cosp: SUCCESS
[__sincospi.pointer_dereference.12] line 726 dereference failure: invalid integer address in *__cosp: SUCCESS

/Library/Developer/CommandLineTools/SDKs/MacOSX.sdk/usr/include/math.h function __sincospif
[__sincospif.pointer_dereference.1] line 721 dereference failure: pointer NULL in *__sinp: SUCCESS
[__sincospif.pointer_dereference.2] line 721 dereference failure: pointer invalid in *__sinp: SUCCESS
[__sincospif.pointer_dereference.3] line 721 dereference failure: deallocated dynamic object in *__sinp: SUCCESS
[__sincospif.pointer_dereference.4] line 721 dereference failure: dead object in *__sinp: SUCCESS
[__sincospif.pointer_dereference.5] line 721 dereference failure: pointer outside object bounds in *__sinp: SUCCESS
[__sincospif.pointer_dereference.6] line 721 dereference failure: invalid integer address in *__sinp: SUCCESS
[__sincospif.pointer_dereference.7] line 721 dereference failure: pointer NULL in *__cosp: SUCCESS
[__sincospif.pointer_dereference.8] line 721 dereference failure: pointer invalid in *__cosp: SUCCESS
[__sincospif.pointer_dereference.9] line 721 dereference failure: deallocated dynamic object in *__cosp: SUCCESS
[__sincospif.pointer_dereference.10] line 721 dereference failure: dead object in *__cosp: SUCCESS
[__sincospif.pointer_dereference.11] line 721 dereference failure: pointer outside object bounds in *__cosp: SUCCESS
[__sincospif.pointer_dereference.12] line 721 dereference failure: invalid integer address in *__cosp: SUCCESS

/Library/Developer/CommandLineTools/SDKs/MacOSX.sdk/usr/include/signal.h function __sigbits
[__sigbits.overflow.1] line 122 arithmetic overflow on signed - in __signo - 1: SUCCESS
[__sigbits.undefined-shift.1] line 122 shift distance is negative in 1u << __signo - 1: SUCCESS
[__sigbits.undefined-shift.2] line 122 shift distance too large in 1u << __signo - 1: SUCCESS

/Library/Developer/CommandLineTools/SDKs/MacOSX.sdk/usr/include/sys/_types/_fd_def.h function __darwin_fd_clr
[__darwin_fd_clr.array_bounds.1] line 101 array.fds_bits dynamic object upper bound in _p->fds_bits[(signed long int)((unsigned long int)_fd / (sizeof(__int32_t) /*4ul*/  * (unsigned long int)8))]: SUCCESS
[__darwin_fd_clr.pointer_dereference.1] line 101 dereference failure: pointer NULL in _p->fds_bits: SUCCESS
[__darwin_fd_clr.pointer_dereference.2] line 101 dereference failure: pointer invalid in _p->fds_bits: SUCCESS
[__darwin_fd_clr.pointer_dereference.3] line 101 dereference failure: deallocated dynamic object in _p->fds_bits: SUCCESS
[__darwin_fd_clr.pointer_dereference.4] line 101 dereference failure: dead object in _p->fds_bits: SUCCESS
[__darwin_fd_clr.pointer_dereference.5] line 101 dereference failure: pointer outside object bounds in _p->fds_bits: SUCCESS
[__darwin_fd_clr.pointer_dereference.6] line 101 dereference failure: invalid integer address in _p->fds_bits: SUCCESS
[__darwin_fd_clr.undefined-shift.1] line 101 shift distance too large in (unsigned long int)1 << (unsigned long int)_fd % (sizeof(__int32_t) /*4ul*/  * (unsigned long int)8): SUCCESS

/Library/Developer/CommandLineTools/SDKs/MacOSX.sdk/usr/include/sys/_types/_fd_def.h function __darwin_fd_isset
[__darwin_fd_isset.array_bounds.1] line 83 array.fds_bits dynamic object upper bound in _p->fds_bits[(signed long int)((unsigned long int)_fd / (sizeof(__int32_t) /*4ul*/  * (unsigned long int)8))]: SUCCESS
[__darwin_fd_isset.pointer_dereference.1] line 83 dereference failure: pointer NULL in _p->fds_bits: SUCCESS
[__darwin_fd_isset.pointer_dereference.2] line 83 dereference failure: pointer invalid in _p->fds_bits: SUCCESS
[__darwin_fd_isset.pointer_dereference.3] line 83 dereference failure: deallocated dynamic object in _p->fds_bits: SUCCESS
[__darwin_fd_isset.pointer_dereference.4] line 83 dereference failure: dead object in _p->fds_bits: SUCCESS
[__darwin_fd_isset.pointer_dereference.5] line 83 dereference failure: pointer outside object bounds in _p->fds_bits: SUCCESS
[__darwin_fd_isset.pointer_dereference.6] line 83 dereference failure: invalid integer address in _p->fds_bits: SUCCESS
[__darwin_fd_isset.undefined-shift.1] line 83 shift distance too large in (unsigned long int)1 << (unsigned long int)_fd % (sizeof(__int32_t) /*4ul*/  * (unsigned long int)8): SUCCESS

/Library/Developer/CommandLineTools/SDKs/MacOSX.sdk/usr/include/sys/_types/_fd_def.h function __darwin_fd_set
[__darwin_fd_set.array_bounds.1] line 93 array.fds_bits dynamic object upper bound in _p->fds_bits[(signed long int)((unsigned long int)_fd / (sizeof(__int32_t) /*4ul*/  * (unsigned long int)8))]: SUCCESS
[__darwin_fd_set.pointer_dereference.1] line 93 dereference failure: pointer NULL in _p->fds_bits: SUCCESS
[__darwin_fd_set.pointer_dereference.2] line 93 dereference failure: pointer invalid in _p->fds_bits: SUCCESS
[__darwin_fd_set.pointer_dereference.3] line 93 dereference failure: deallocated dynamic object in _p->fds_bits: SUCCESS
[__darwin_fd_set.pointer_dereference.4] line 93 dereference failure: dead object in _p->fds_bits: SUCCESS
[__darwin_fd_set.pointer_dereference.5] line 93 dereference failure: pointer outside object bounds in _p->fds_bits: SUCCESS
[__darwin_fd_set.pointer_dereference.6] line 93 dereference failure: invalid integer address in _p->fds_bits: SUCCESS
[__darwin_fd_set.undefined-shift.1] line 93 shift distance too large in (unsigned long int)1 << (unsigned long int)_fd % (sizeof(__int32_t) /*4ul*/  * (unsigned long int)8): SUCCESS

cbmc/harness_msgpack_cbmc.c function main
[main.overflow.1] line 93 arithmetic overflow on unsigned + in i + 1ul: SUCCESS
[main.array_bounds.1] line 94 array 'src' upper bound in src[(signed long int)i]: SUCCESS

neovim/src/klib/kvec.h function _memcpy_free
[_memcpy_free.pointer_dereference.1] line 180 dereference failure: dead object in *ptr_: SUCCESS
[_memcpy_free.pointer_dereference.2] line 180 dereference failure: pointer outside object bounds in *ptr_: SUCCESS
[_memcpy_free.pointer_dereference.3] line 180 dereference failure: dead object in *ptr_: SUCCESS
[_memcpy_free.pointer_dereference.4] line 180 dereference failure: pointer outside object bounds in *ptr_: SUCCESS
[_memcpy_free.pointer_dereference.5] line 180 dereference failure: dead object in *ptr_: SUCCESS
[_memcpy_free.pointer_dereference.6] line 180 dereference failure: pointer outside object bounds in *ptr_: SUCCESS

neovim/src/mpack/conv.c function mpack_pack_ieee754
[mpack_pack_ieee754.overflow.1] line 322 arithmetic overflow on unsigned - in expbits - (unsigned int)1: SUCCESS
[mpack_pack_ieee754.overflow.2] line 322 arithmetic overflow on signed shl in 1 << expbits - (unsigned int)1: SUCCESS
[mpack_pack_ieee754.overflow.3] line 322 arithmetic overflow on signed - in (1 << expbits - (unsigned int)1) - 1: SUCCESS
[mpack_pack_ieee754.undefined-shift.1] line 322 shift distance too large in 1 << expbits - (unsigned int)1: SUCCESS
[mpack_pack_ieee754.overflow.4] line 336 arithmetic overflow on signed + in exponent + 1: SUCCESS
[mpack_pack_ieee754.overflow.5] line 337 arithmetic overflow on signed - in bias - 1: SUCCESS
[mpack_pack_ieee754.overflow.6] line 337 arithmetic overflow on signed unary minus in -(bias - 1): SUCCESS
[mpack_pack_ieee754.overflow.7] line 337 arithmetic overflow on signed - in exponent - 1: SUCCESS
[mpack_pack_ieee754.overflow.8] line 339 arithmetic overflow on signed unary minus in -bias: SUCCESS
[mpack_pack_ieee754.overflow.9] line 341 arithmetic overflow on signed + in exponent + bias: SUCCESS
[mpack_pack_ieee754.overflow.10] line 342 arithmetic overflow on signed shl in 1 << mantbits / (unsigned int)2: SUCCESS
[mpack_pack_ieee754.overflow.11] line 342 arithmetic overflow on signed shl in 1 << mantbits % (unsigned int)2: SUCCESS
[mpack_pack_ieee754.undefined-shift.2] line 342 shift distance too large in 1 << mantbits / (unsigned int)2: SUCCESS
[mpack_pack_ieee754.undefined-shift.3] line 342 shift distance too large in 1 << mantbits % (unsigned int)2: SUCCESS

neovim/src/mpack/conv.c function mpack_pack_number
[mpack_pack_number.assertion.1] line 113 assertion v <= 9007199254740991. && v >= -9007199254740991.: SUCCESS
[mpack_pack_number.overflow.1] line 121 arithmetic overflow on unsigned + in ~byte_extract_little_endian(tok.data, 0l, mpack_value_t).lo + (unsigned int)1: SUCCESS
[mpack_pack_number.overflow.2] line 122 arithmetic overflow on unsigned + in byte_extract_little_endian(tok.data, 0l, mpack_value_t).hi + 1u: SUCCESS

neovim/src/mpack/conv.c function mpack_pack_sint
[mpack_pack_sint.overflow.1] line 48 arithmetic overflow on signed + in v + (signed long int)1: SUCCESS
[mpack_pack_sint.overflow.2] line 48 arithmetic overflow on unsigned unary minus in -((mpack_uintmax_t)(v + (signed long int)1)): SUCCESS
[mpack_pack_sint.overflow.3] line 48 arithmetic overflow on unsigned + in -((mpack_uintmax_t)(v + (signed long int)1)) + (unsigned long int)1: SUCCESS
[mpack_pack_sint.overflow.4] line 49 arithmetic overflow on unsigned + in ~tc + (unsigned long int)1: SUCCESS

neovim/src/mpack/conv.c function mpack_unpack_float_compat
[mpack_unpack_float_compat.overflow.1] line 238 arithmetic overflow on unsigned - in expbits - (unsigned int)1: SUCCESS
[mpack_unpack_float_compat.overflow.2] line 238 arithmetic overflow on signed shl in 1 << expbits - (unsigned int)1: SUCCESS
[mpack_unpack_float_compat.overflow.3] line 238 arithmetic overflow on signed - in (1 << expbits - (unsigned int)1) - 1: SUCCESS
[mpack_unpack_float_compat.undefined-shift.1] line 238 shift distance too large in 1 << expbits - (unsigned int)1: SUCCESS
[mpack_unpack_float_compat.overflow.4] line 252 arithmetic overflow on signed shl in 1 << mantbits / (unsigned int)2: SUCCESS
[mpack_unpack_float_compat.overflow.5] line 252 arithmetic overflow on signed shl in 1 << mantbits % (unsigned int)2: SUCCESS
[mpack_unpack_float_compat.undefined-shift.2] line 252 shift distance too large in 1 << mantbits / (unsigned int)2: SUCCESS
[mpack_unpack_float_compat.undefined-shift.3] line 252 shift distance too large in 1 << mantbits % (unsigned int)2: SUCCESS
[mpack_unpack_float_compat.overflow.6] line 255 arithmetic overflow on signed - in exponent - bias: SUCCESS
[mpack_unpack_float_compat.overflow.7] line 258 arithmetic overflow on signed - in exponent - 1: SUCCESS
[mpack_unpack_float_compat.overflow.8] line 259 arithmetic overflow on signed + in exponent + 1: SUCCESS

neovim/src/mpack/conv.c function mpack_unpack_number
[mpack_unpack_number.assertion.1] line 292 assertion t.type == MPACK_TOKEN_UINT || t.type == MPACK_TOKEN_SINT: SUCCESS
[mpack_unpack_number.assertion.2] line 300 assertion t.length <= 4: SUCCESS
[mpack_unpack_number.overflow.1] line 301 arithmetic overflow on unsigned * in t.length * (unsigned int)8: SUCCESS
[mpack_unpack_number.overflow.2] line 301 arithmetic overflow on unsigned - in t.length * (unsigned int)8 - (unsigned int)1: SUCCESS
[mpack_unpack_number.overflow.3] line 301 arithmetic overflow on unsigned - in ((mpack_uint32_t)1 << t.length * (unsigned int)8 - (unsigned int)1) - (unsigned int)1: SUCCESS
[mpack_unpack_number.undefined-shift.1] line 301 shift distance too large in (mpack_uint32_t)1 << t.length * (unsigned int)8 - (unsigned int)1: SUCCESS
[mpack_unpack_number.overflow.4] line 306 arithmetic overflow on unsigned + in lo + 1u: SUCCESS
[mpack_unpack_number.overflow.5] line 307 arithmetic overflow on unsigned + in hi + 1u: SUCCESS

neovim/src/mpack/conv.c function mpack_unpack_sint
[mpack_unpack_sint.assertion.1] line 210 assertion t.length <= sizeof(mpack_sintmax_t): SUCCESS
[mpack_unpack_sint.overflow.1] line 218 arithmetic overflow on unsigned * in t.length * (unsigned int)8: SUCCESS
[mpack_unpack_sint.overflow.2] line 218 arithmetic overflow on unsigned - in t.length * (unsigned int)8 - (unsigned int)1: SUCCESS
[mpack_unpack_sint.overflow.3] line 218 arithmetic overflow on unsigned - in ((mpack_uintmax_t)1 << t.length * (unsigned int)8 - (unsigned int)1) - (unsigned long int)1: SUCCESS
[mpack_unpack_sint.overflow.4] line 218 arithmetic overflow on unsigned + in (~rv & ((mpack_uintmax_t)1 << t.length * (unsigned int)8 - (unsigned int)1) - (unsigned long int)1) + (unsigned long int)1: SUCCESS
[mpack_unpack_sint.undefined-shift.1] line 218 shift distance too large in (mpack_uintmax_t)1 << t.length * (unsigned int)8 - (unsigned int)1: SUCCESS
[mpack_unpack_sint.overflow.5] line 221 arithmetic overflow on unsigned - in rv - (unsigned long int)1: SUCCESS
[mpack_unpack_sint.overflow.6] line 221 arithmetic overflow on signed unary minus in -((mpack_sintmax_t)(rv - (unsigned long int)1)): SUCCESS
[mpack_unpack_sint.overflow.7] line 221 arithmetic overflow on signed - in -((mpack_sintmax_t)(rv - (unsigned long int)1)) - (signed long int)1: SUCCESS

neovim/src/mpack/mpack_core.c function mpack_blob
[mpack_blob.pointer_dereference.1] line 566 dereference failure: pointer NULL in tok->type: SUCCESS
[mpack_blob.pointer_dereference.2] line 566 dereference failure: pointer invalid in tok->type: SUCCESS
[mpack_blob.pointer_dereference.3] line 566 dereference failure: deallocated dynamic object in tok->type: SUCCESS
[mpack_blob.pointer_dereference.4] line 566 dereference failure: dead object in tok->type: SUCCESS
[mpack_blob.pointer_dereference.5] line 566 dereference failure: pointer outside object bounds in tok->type: SUCCESS
[mpack_blob.pointer_dereference.6] line 566 dereference failure: invalid integer address in tok->type: SUCCESS
[mpack_blob.pointer_dereference.7] line 567 dereference failure: pointer NULL in tok->length: SUCCESS
[mpack_blob.pointer_dereference.8] line 567 dereference failure: pointer invalid in tok->length: SUCCESS
[mpack_blob.pointer_dereference.9] line 567 dereference failure: deallocated dynamic object in tok->length: SUCCESS
[mpack_blob.pointer_dereference.10] line 567 dereference failure: dead object in tok->length: SUCCESS
[mpack_blob.pointer_dereference.11] line 567 dereference failure: pointer outside object bounds in tok->length: SUCCESS
[mpack_blob.pointer_dereference.12] line 567 dereference failure: invalid integer address in tok->length: SUCCESS
[mpack_blob.pointer_dereference.13] line 568 dereference failure: pointer NULL in tok->data: SUCCESS
[mpack_blob.pointer_dereference.14] line 568 dereference failure: pointer invalid in tok->data: SUCCESS
[mpack_blob.pointer_dereference.15] line 568 dereference failure: deallocated dynamic object in tok->data: SUCCESS
[mpack_blob.pointer_dereference.16] line 568 dereference failure: dead object in tok->data: SUCCESS
[mpack_blob.pointer_dereference.17] line 568 dereference failure: pointer outside object bounds in tok->data: SUCCESS
[mpack_blob.pointer_dereference.18] line 568 dereference failure: invalid integer address in tok->data: SUCCESS

neovim/src/mpack/mpack_core.c function mpack_rblob
[mpack_rblob.overflow.1] line 310 arithmetic overflow on unsigned + in tlen + (unsigned int)((signed int)type == 11 ? 1 : 0): SUCCESS
[mpack_rblob.pointer_dereference.1] line 312 dereference failure: pointer NULL in *buflen: SUCCESS
[mpack_rblob.pointer_dereference.2] line 312 dereference failure: pointer invalid in *buflen: SUCCESS
[mpack_rblob.pointer_dereference.3] line 312 dereference failure: deallocated dynamic object in *buflen: SUCCESS
[mpack_rblob.pointer_dereference.4] line 312 dereference failure: dead object in *buflen: SUCCESS
[mpack_rblob.pointer_dereference.5] line 312 dereference failure: pointer outside object bounds in *buflen: SUCCESS
[mpack_rblob.pointer_dereference.6] line 312 dereference failure: invalid integer address in *buflen: SUCCESS
[mpack_rblob.pointer_dereference.7] line 313 dereference failure: pointer NULL in tok->length: SUCCESS
[mpack_rblob.pointer_dereference.8] line 313 dereference failure: pointer invalid in tok->length: SUCCESS
[mpack_rblob.pointer_dereference.9] line 313 dereference failure: deallocated dynamic object in tok->length: SUCCESS
[mpack_rblob.pointer_dereference.10] line 313 dereference failure: dead object in tok->length: SUCCESS
[mpack_rblob.pointer_dereference.11] line 313 dereference failure: pointer outside object bounds in tok->length: SUCCESS
[mpack_rblob.pointer_dereference.12] line 313 dereference failure: invalid integer address in tok->length: SUCCESS
[mpack_rblob.pointer_dereference.13] line 319 dereference failure: pointer NULL in tok->type: SUCCESS
[mpack_rblob.pointer_dereference.14] line 319 dereference failure: pointer invalid in tok->type: SUCCESS
[mpack_rblob.pointer_dereference.15] line 319 dereference failure: deallocated dynamic object in tok->type: SUCCESS
[mpack_rblob.pointer_dereference.16] line 319 dereference failure: dead object in tok->type: SUCCESS
[mpack_rblob.pointer_dereference.17] line 319 dereference failure: pointer outside object bounds in tok->type: SUCCESS
[mpack_rblob.pointer_dereference.18] line 319 dereference failure: invalid integer address in tok->type: SUCCESS
[mpack_rblob.pointer_dereference.19] line 320 dereference failure: pointer NULL in tok->length: SUCCESS
[mpack_rblob.pointer_dereference.20] line 320 dereference failure: pointer invalid in tok->length: SUCCESS
[mpack_rblob.pointer_dereference.21] line 320 dereference failure: deallocated dynamic object in tok->length: SUCCESS
[mpack_rblob.pointer_dereference.22] line 320 dereference failure: dead object in tok->length: SUCCESS
[mpack_rblob.pointer_dereference.23] line 320 dereference failure: pointer outside object bounds in tok->length: SUCCESS
[mpack_rblob.pointer_dereference.24] line 320 dereference failure: invalid integer address in tok->length: SUCCESS
[mpack_rblob.overflow.2] line 323 arithmetic overflow on unsigned - in *buflen - 1ul: SUCCESS
[mpack_rblob.pointer_dereference.25] line 323 dereference failure: pointer NULL in *buflen: SUCCESS
[mpack_rblob.pointer_dereference.26] line 323 dereference failure: pointer invalid in *buflen: SUCCESS
[mpack_rblob.pointer_dereference.27] line 323 dereference failure: deallocated dynamic object in *buflen: SUCCESS
[mpack_rblob.pointer_dereference.28] line 323 dereference failure: dead object in *buflen: SUCCESS
[mpack_rblob.pointer_dereference.29] line 323 dereference failure: pointer outside object bounds in *buflen: SUCCESS
[mpack_rblob.pointer_dereference.30] line 323 dereference failure: invalid integer address in *buflen: SUCCESS
[mpack_rblob.pointer_dereference.31] line 323 dereference failure: pointer NULL in *buf: SUCCESS
[mpack_rblob.pointer_dereference.32] line 323 dereference failure: pointer invalid in *buf: SUCCESS
[mpack_rblob.pointer_dereference.33] line 323 dereference failure: deallocated dynamic object in *buf: SUCCESS
[mpack_rblob.pointer_dereference.34] line 323 dereference failure: dead object in *buf: SUCCESS
[mpack_rblob.pointer_dereference.35] line 323 dereference failure: pointer outside object bounds in *buf: SUCCESS
[mpack_rblob.pointer_dereference.36] line 323 dereference failure: invalid integer address in *buf: SUCCESS
[mpack_rblob.pointer_dereference.37] line 323 dereference failure: pointer NULL in tok->data: SUCCESS
[mpack_rblob.pointer_dereference.38] line 323 dereference failure: pointer invalid in tok->data: SUCCESS
[mpack_rblob.pointer_dereference.39] line 323 dereference failure: deallocated dynamic object in tok->data: SUCCESS
[mpack_rblob.pointer_dereference.40] line 323 dereference failure: dead object in tok->data: SUCCESS
[mpack_rblob.pointer_dereference.41] line 323 dereference failure: pointer outside object bounds in tok->data: SUCCESS
[mpack_rblob.pointer_dereference.42] line 323 dereference failure: invalid integer address in tok->data: SUCCESS
[mpack_rblob.pointer_dereference.43] line 323 dereference failure: pointer NULL in *tmp_post: SUCCESS
[mpack_rblob.pointer_dereference.44] line 323 dereference failure: pointer invalid in *tmp_post: SUCCESS
[mpack_rblob.pointer_dereference.45] line 323 dereference failure: deallocated dynamic object in *tmp_post: SUCCESS
[mpack_rblob.pointer_dereference.46] line 323 dereference failure: dead object in *tmp_post: SUCCESS
[mpack_rblob.pointer_dereference.47] line 323 dereference failure: pointer outside object bounds in *tmp_post: SUCCESS
[mpack_rblob.pointer_dereference.48] line 323 dereference failure: invalid integer address in *tmp_post: SUCCESS

neovim/src/mpack/mpack_core.c function mpack_read
[mpack_read.assertion.1] line 50 assertion *buf: SUCCESS
[mpack_read.pointer_dereference.1] line 50 dereference failure: pointer NULL in *buf: SUCCESS
[mpack_read.pointer_dereference.2] line 50 dereference failure: pointer invalid in *buf: SUCCESS
[mpack_read.pointer_dereference.3] line 50 dereference failure: deallocated dynamic object in *buf: SUCCESS
[mpack_read.pointer_dereference.4] line 50 dereference failure: dead object in *buf: SUCCESS
[mpack_read.pointer_dereference.5] line 50 dereference failure: pointer outside object bounds in *buf: SUCCESS
[mpack_read.pointer_dereference.6] line 50 dereference failure: invalid integer address in *buf: SUCCESS
[mpack_read.pointer_dereference.7] line 51 dereference failure: pointer NULL in *buflen: SUCCESS
[mpack_read.pointer_dereference.8] line 51 dereference failure: pointer invalid in *buflen: SUCCESS
[mpack_read.pointer_dereference.9] line 51 dereference failure: deallocated dynamic object in *buflen: SUCCESS
[mpack_read.pointer_dereference.10] line 51 dereference failure: dead object in *buflen: SUCCESS
[mpack_read.pointer_dereference.11] line 51 dereference failure: pointer outside object bounds in *buflen: SUCCESS
[mpack_read.pointer_dereference.12] line 51 dereference failure: invalid integer address in *buflen: SUCCESS
[mpack_read.pointer_dereference.13] line 55 dereference failure: pointer NULL in tokbuf->passthrough: SUCCESS
[mpack_read.pointer_dereference.14] line 55 dereference failure: pointer invalid in tokbuf->passthrough: SUCCESS
[mpack_read.pointer_dereference.15] line 55 dereference failure: deallocated dynamic object in tokbuf->passthrough: SUCCESS
[mpack_read.pointer_dereference.16] line 55 dereference failure: dead object in tokbuf->passthrough: SUCCESS
[mpack_read.pointer_dereference.17] line 55 dereference failure: pointer outside object bounds in tokbuf->passthrough: SUCCESS
[mpack_read.pointer_dereference.18] line 55 dereference failure: invalid integer address in tokbuf->passthrough: SUCCESS
[mpack_read.pointer_dereference.19] line 58 dereference failure: pointer NULL in tok->type: SUCCESS
[mpack_read.pointer_dereference.20] line 58 dereference failure: pointer invalid in tok->type: SUCCESS
[mpack_read.pointer_dereference.21] line 58 dereference failure: deallocated dynamic object in tok->type: SUCCESS
[mpack_read.pointer_dereference.22] line 58 dereference failure: dead object in tok->type: SUCCESS
[mpack_read.pointer_dereference.23] line 58 dereference failure: pointer outside object bounds in tok->type: SUCCESS
[mpack_read.pointer_dereference.24] line 58 dereference failure: invalid integer address in tok->type: SUCCESS
[mpack_read.pointer_dereference.25] line 59 dereference failure: pointer NULL in tok->data: SUCCESS
[mpack_read.pointer_dereference.26] line 59 dereference failure: pointer invalid in tok->data: SUCCESS
[mpack_read.pointer_dereference.27] line 59 dereference failure: deallocated dynamic object in tok->data: SUCCESS
[mpack_read.pointer_dereference.28] line 59 dereference failure: dead object in tok->data: SUCCESS
[mpack_read.pointer_dereference.29] line 59 dereference failure: pointer outside object bounds in tok->data: SUCCESS
[mpack_read.pointer_dereference.30] line 59 dereference failure: invalid integer address in tok->data: SUCCESS
[mpack_read.pointer_dereference.31] line 59 dereference failure: pointer NULL in *buf: SUCCESS
[mpack_read.pointer_dereference.32] line 59 dereference failure: pointer invalid in *buf: SUCCESS
[mpack_read.pointer_dereference.33] line 59 dereference failure: deallocated dynamic object in *buf: SUCCESS
[mpack_read.pointer_dereference.34] line 59 dereference failure: dead object in *buf: SUCCESS
[mpack_read.pointer_dereference.35] line 59 dereference failure: pointer outside object bounds in *buf: SUCCESS
[mpack_read.pointer_dereference.36] line 59 dereference failure: invalid integer address in *buf: SUCCESS
[mpack_read.pointer_dereference.37] line 60 dereference failure: pointer NULL in tok->length: SUCCESS
[mpack_read.pointer_dereference.38] line 60 dereference failure: pointer invalid in tok->length: SUCCESS
[mpack_read.pointer_dereference.39] line 60 dereference failure: deallocated dynamic object in tok->length: SUCCESS
[mpack_read.pointer_dereference.40] line 60 dereference failure: dead object in tok->length: SUCCESS
[mpack_read.pointer_dereference.41] line 60 dereference failure: pointer outside object bounds in tok->length: SUCCESS
[mpack_read.pointer_dereference.42] line 60 dereference failure: invalid integer address in tok->length: SUCCESS
[mpack_read.pointer_dereference.43] line 60 dereference failure: pointer NULL in *buflen: SUCCESS
[mpack_read.pointer_dereference.44] line 60 dereference failure: pointer invalid in *buflen: SUCCESS
[mpack_read.pointer_dereference.45] line 60 dereference failure: deallocated dynamic object in *buflen: SUCCESS
[mpack_read.pointer_dereference.46] line 60 dereference failure: dead object in *buflen: SUCCESS
[mpack_read.pointer_dereference.47] line 60 dereference failure: pointer outside object bounds in *buflen: SUCCESS
[mpack_read.pointer_dereference.48] line 60 dereference failure: invalid integer address in *buflen: SUCCESS
[mpack_read.pointer_dereference.49] line 60 dereference failure: pointer NULL in tokbuf->passthrough: SUCCESS
[mpack_read.pointer_dereference.50] line 60 dereference failure: pointer invalid in tokbuf->passthrough: SUCCESS
[mpack_read.pointer_dereference.51] line 60 dereference failure: deallocated dynamic object in tokbuf->passthrough: SUCCESS
[mpack_read.pointer_dereference.52] line 60 dereference failure: dead object in tokbuf->passthrough: SUCCESS
[mpack_read.pointer_dereference.53] line 60 dereference failure: pointer outside object bounds in tokbuf->passthrough: SUCCESS
[mpack_read.pointer_dereference.54] line 60 dereference failure: invalid integer address in tokbuf->passthrough: SUCCESS
[mpack_read.pointer_dereference.55] line 60 dereference failure: pointer NULL in *buflen: SUCCESS
[mpack_read.pointer_dereference.56] line 60 dereference failure: pointer invalid in *buflen: SUCCESS
[mpack_read.pointer_dereference.57] line 60 dereference failure: deallocated dynamic object in *buflen: SUCCESS
[mpack_read.pointer_dereference.58] line 60 dereference failure: dead object in *buflen: SUCCESS
[mpack_read.pointer_dereference.59] line 60 dereference failure: pointer outside object bounds in *buflen: SUCCESS
[mpack_read.pointer_dereference.60] line 60 dereference failure: invalid integer address in *buflen: SUCCESS
[mpack_read.pointer_dereference.61] line 60 dereference failure: pointer NULL in tokbuf->passthrough: SUCCESS
[mpack_read.pointer_dereference.62] line 60 dereference failure: pointer invalid in tokbuf->passthrough: SUCCESS
[mpack_read.pointer_dereference.63] line 60 dereference failure: deallocated dynamic object in tokbuf->passthrough: SUCCESS
[mpack_read.pointer_dereference.64] line 60 dereference failure: dead object in tokbuf->passthrough: SUCCESS
[mpack_read.pointer_dereference.65] line 60 dereference failure: pointer outside object bounds in tokbuf->passthrough: SUCCESS
[mpack_read.pointer_dereference.66] line 60 dereference failure: invalid integer address in tokbuf->passthrough: SUCCESS
[mpack_read.overflow.1] line 61 arithmetic overflow on unsigned - in tokbuf->passthrough - tok->length: SUCCESS
[mpack_read.pointer_dereference.67] line 61 dereference failure: pointer NULL in tokbuf->passthrough: SUCCESS
[mpack_read.pointer_dereference.68] line 61 dereference failure: pointer invalid in tokbuf->passthrough: SUCCESS
[mpack_read.pointer_dereference.69] line 61 dereference failure: deallocated dynamic object in tokbuf->passthrough: SUCCESS
[mpack_read.pointer_dereference.70] line 61 dereference failure: dead object in tokbuf->passthrough: SUCCESS
[mpack_read.pointer_dereference.71] line 61 dereference failure: pointer outside object bounds in tokbuf->passthrough: SUCCESS
[mpack_read.pointer_dereference.72] line 61 dereference failure: invalid integer address in tokbuf->passthrough: SUCCESS
[mpack_read.pointer_dereference.73] line 61 dereference failure: pointer NULL in tok->length: SUCCESS
[mpack_read.pointer_dereference.74] line 61 dereference failure: pointer invalid in tok->length: SUCCESS
[mpack_read.pointer_dereference.75] line 61 dereference failure: deallocated dynamic object in tok->length: SUCCESS
[mpack_read.pointer_dereference.76] line 61 dereference failure: dead object in tok->length: SUCCESS
[mpack_read.pointer_dereference.77] line 61 dereference failure: pointer outside object bounds in tok->length: SUCCESS
[mpack_read.pointer_dereference.78] line 61 dereference failure: invalid integer address in tok->length: SUCCESS
[mpack_read.pointer_dereference.79] line 62 dereference failure: pointer NULL in *buf: SUCCESS
[mpack_read.pointer_dereference.80] line 62 dereference failure: pointer invalid in *buf: SUCCESS
[mpack_read.pointer_dereference.81] line 62 dereference failure: deallocated dynamic object in *buf: SUCCESS
[mpack_read.pointer_dereference.82] line 62 dereference failure: dead object in *buf: SUCCESS
[mpack_read.pointer_dereference.83] line 62 dereference failure: pointer outside object bounds in *buf: SUCCESS
[mpack_read.pointer_dereference.84] line 62 dereference failure: invalid integer address in *buf: SUCCESS
[mpack_read.pointer_dereference.85] line 62 dereference failure: pointer NULL in tok->length: SUCCESS
[mpack_read.pointer_dereference.86] line 62 dereference failure: pointer invalid in tok->length: SUCCESS
[mpack_read.pointer_dereference.87] line 62 dereference failure: deallocated dynamic object in tok->length: SUCCESS
[mpack_read.pointer_dereference.88] line 62 dereference failure: dead object in tok->length: SUCCESS
[mpack_read.pointer_dereference.89] line 62 dereference failure: pointer outside object bounds in tok->length: SUCCESS
[mpack_read.pointer_dereference.90] line 62 dereference failure: invalid integer address in tok->length: SUCCESS
[mpack_read.overflow.2] line 63 arithmetic overflow on unsigned - in *buflen - (unsigned long int)tok->length: SUCCESS
[mpack_read.pointer_dereference.91] line 63 dereference failure: pointer NULL in *buflen: SUCCESS
[mpack_read.pointer_dereference.92] line 63 dereference failure: pointer invalid in *buflen: SUCCESS
[mpack_read.pointer_dereference.93] line 63 dereference failure: deallocated dynamic object in *buflen: SUCCESS
[mpack_read.pointer_dereference.94] line 63 dereference failure: dead object in *buflen: SUCCESS
[mpack_read.pointer_dereference.95] line 63 dereference failure: pointer outside object bounds in *buflen: SUCCESS
[mpack_read.pointer_dereference.96] line 63 dereference failure: invalid integer address in *buflen: SUCCESS
[mpack_read.pointer_dereference.97] line 63 dereference failure: pointer NULL in tok->length: SUCCESS
[mpack_read.pointer_dereference.98] line 63 dereference failure: pointer invalid in tok->length: SUCCESS
[mpack_read.pointer_dereference.99] line 63 dereference failure: deallocated dynamic object in tok->length: SUCCESS
[mpack_read.pointer_dereference.100] line 63 dereference failure: dead object in tok->length: SUCCESS
[mpack_read.pointer_dereference.101] line 63 dereference failure: pointer outside object bounds in tok->length: SUCCESS
[mpack_read.pointer_dereference.102] line 63 dereference failure: invalid integer address in tok->length: SUCCESS
[mpack_read.pointer_dereference.103] line 67 dereference failure: pointer NULL in tokbuf->ppos: SUCCESS
[mpack_read.pointer_dereference.104] line 67 dereference failure: pointer invalid in tokbuf->ppos: SUCCESS
[mpack_read.pointer_dereference.105] line 67 dereference failure: deallocated dynamic object in tokbuf->ppos: SUCCESS
[mpack_read.pointer_dereference.106] line 67 dereference failure: dead object in tokbuf->ppos: SUCCESS
[mpack_read.pointer_dereference.107] line 67 dereference failure: pointer outside object bounds in tokbuf->ppos: SUCCESS
[mpack_read.pointer_dereference.108] line 67 dereference failure: invalid integer address in tokbuf->ppos: SUCCESS
[mpack_read.pointer_dereference.109] line 69 dereference failure: pointer NULL in tokbuf->plen: SUCCESS
[mpack_read.pointer_dereference.110] line 69 dereference failure: pointer invalid in tokbuf->plen: SUCCESS
[mpack_read.pointer_dereference.111] line 69 dereference failure: deallocated dynamic object in tokbuf->plen: SUCCESS
[mpack_read.pointer_dereference.112] line 69 dereference failure: dead object in tokbuf->plen: SUCCESS
[mpack_read.pointer_dereference.113] line 69 dereference failure: pointer outside object bounds in tokbuf->plen: SUCCESS
[mpack_read.pointer_dereference.114] line 69 dereference failure: invalid integer address in tokbuf->plen: SUCCESS
[mpack_read.pointer_dereference.115] line 74 dereference failure: pointer NULL in tokbuf->ppos: SUCCESS
[mpack_read.pointer_dereference.116] line 74 dereference failure: pointer invalid in tokbuf->ppos: SUCCESS
[mpack_read.pointer_dereference.117] line 74 dereference failure: deallocated dynamic object in tokbuf->ppos: SUCCESS
[mpack_read.pointer_dereference.118] line 74 dereference failure: dead object in tokbuf->ppos: SUCCESS
[mpack_read.pointer_dereference.119] line 74 dereference failure: pointer outside object bounds in tokbuf->ppos: SUCCESS
[mpack_read.pointer_dereference.120] line 74 dereference failure: invalid integer address in tokbuf->ppos: SUCCESS
[mpack_read.pointer_dereference.121] line 76 dereference failure: pointer NULL in *buf: SUCCESS
[mpack_read.pointer_dereference.122] line 76 dereference failure: pointer invalid in *buf: SUCCESS
[mpack_read.pointer_dereference.123] line 76 dereference failure: deallocated dynamic object in *buf: SUCCESS
[mpack_read.pointer_dereference.124] line 76 dereference failure: dead object in *buf: SUCCESS
[mpack_read.pointer_dereference.125] line 76 dereference failure: pointer outside object bounds in *buf: SUCCESS
[mpack_read.pointer_dereference.126] line 76 dereference failure: invalid integer address in *buf: SUCCESS
[mpack_read.pointer_dereference.127] line 77 dereference failure: pointer NULL in *buflen: SUCCESS
[mpack_read.pointer_dereference.128] line 77 dereference failure: pointer invalid in *buflen: SUCCESS
[mpack_read.pointer_dereference.129] line 77 dereference failure: deallocated dynamic object in *buflen: SUCCESS
[mpack_read.pointer_dereference.130] line 77 dereference failure: dead object in *buflen: SUCCESS
[mpack_read.pointer_dereference.131] line 77 dereference failure: pointer outside object bounds in *buflen: SUCCESS
[mpack_read.pointer_dereference.132] line 77 dereference failure: invalid integer address in *buflen: SUCCESS
[mpack_read.assertion.2] line 85 assertion !tokbuf->plen: SUCCESS
[mpack_read.pointer_dereference.133] line 85 dereference failure: pointer NULL in tokbuf->plen: SUCCESS
[mpack_read.pointer_dereference.134] line 85 dereference failure: pointer invalid in tokbuf->plen: SUCCESS
[mpack_read.pointer_dereference.135] line 85 dereference failure: deallocated dynamic object in tokbuf->plen: SUCCESS
[mpack_read.pointer_dereference.136] line 85 dereference failure: dead object in tokbuf->plen: SUCCESS
[mpack_read.pointer_dereference.137] line 85 dereference failure: pointer outside object bounds in tokbuf->plen: SUCCESS
[mpack_read.pointer_dereference.138] line 85 dereference failure: invalid integer address in tokbuf->plen: SUCCESS
[mpack_read.overflow.3] line 89 arithmetic overflow on unsigned + in tok->length + (unsigned int)1: SUCCESS
[mpack_read.pointer_dereference.139] line 89 dereference failure: pointer NULL in tok->length: SUCCESS
[mpack_read.pointer_dereference.140] line 89 dereference failure: pointer invalid in tok->length: SUCCESS
[mpack_read.pointer_dereference.141] line 89 dereference failure: deallocated dynamic object in tok->length: SUCCESS
[mpack_read.pointer_dereference.142] line 89 dereference failure: dead object in tok->length: SUCCESS
[mpack_read.pointer_dereference.143] line 89 dereference failure: pointer outside object bounds in tok->length: SUCCESS
[mpack_read.pointer_dereference.144] line 89 dereference failure: invalid integer address in tok->length: SUCCESS
[mpack_read.assertion.3] line 90 assertion tokbuf->plen <= sizeof(tokbuf->pending): SUCCESS
[mpack_read.pointer_dereference.145] line 90 dereference failure: pointer NULL in tokbuf->plen: SUCCESS
[mpack_read.pointer_dereference.146] line 90 dereference failure: pointer invalid in tokbuf->plen: SUCCESS
[mpack_read.pointer_dereference.147] line 90 dereference failure: deallocated dynamic object in tokbuf->plen: SUCCESS
[mpack_read.pointer_dereference.148] line 90 dereference failure: dead object in tokbuf->plen: SUCCESS
[mpack_read.pointer_dereference.149] line 90 dereference failure: pointer outside object bounds in tokbuf->plen: SUCCESS
[mpack_read.pointer_dereference.150] line 90 dereference failure: invalid integer address in tokbuf->plen: SUCCESS
[mpack_read.pointer_dereference.151] line 91 dereference failure: pointer NULL in tokbuf->ppos: SUCCESS
[mpack_read.pointer_dereference.152] line 91 dereference failure: pointer invalid in tokbuf->ppos: SUCCESS
[mpack_read.pointer_dereference.153] line 91 dereference failure: deallocated dynamic object in tokbuf->ppos: SUCCESS
[mpack_read.pointer_dereference.154] line 91 dereference failure: dead object in tokbuf->ppos: SUCCESS
[mpack_read.pointer_dereference.155] line 91 dereference failure: pointer outside object bounds in tokbuf->ppos: SUCCESS
[mpack_read.pointer_dereference.156] line 91 dereference failure: invalid integer address in tokbuf->ppos: SUCCESS
[mpack_read.assertion.4] line 93 assertion !status: SUCCESS
[mpack_read.overflow.4] line 97 arithmetic overflow on signed - in ptr - ptr_save: SUCCESS
[mpack_read.overflow.5] line 97 arithmetic overflow on unsigned - in (size_t)(ptr - ptr_save) - initial_ppos: SUCCESS
[mpack_read.pointer.1] line 97 same object violation in ptr - ptr_save: SUCCESS
[mpack_read.pointer_arithmetic.1] line 97 pointer relation: pointer NULL in ptr: SUCCESS
[mpack_read.pointer_arithmetic.2] line 97 pointer relation: pointer invalid in ptr: SUCCESS
[mpack_read.pointer_arithmetic.3] line 97 pointer relation: deallocated dynamic object in ptr: SUCCESS
[mpack_read.pointer_arithmetic.4] line 97 pointer relation: dead object in ptr: SUCCESS
[mpack_read.pointer_arithmetic.5] line 97 pointer relation: pointer outside object bounds in ptr: SUCCESS
[mpack_read.pointer_arithmetic.6] line 97 pointer relation: invalid integer address in ptr: SUCCESS
[mpack_read.pointer_arithmetic.7] line 97 pointer relation: pointer NULL in ptr_save: SUCCESS
[mpack_read.pointer_arithmetic.8] line 97 pointer relation: pointer invalid in ptr_save: SUCCESS
[mpack_read.pointer_arithmetic.9] line 97 pointer relation: deallocated dynamic object in ptr_save: SUCCESS
[mpack_read.pointer_arithmetic.10] line 97 pointer relation: dead object in ptr_save: SUCCESS
[mpack_read.pointer_arithmetic.11] line 97 pointer relation: pointer outside object bounds in ptr_save: SUCCESS
[mpack_read.pointer_arithmetic.12] line 97 pointer relation: invalid integer address in ptr_save: SUCCESS
[mpack_read.pointer_dereference.157] line 98 dereference failure: pointer NULL in tokbuf->ppos: SUCCESS
[mpack_read.pointer_dereference.158] line 98 dereference failure: pointer invalid in tokbuf->ppos: SUCCESS
[mpack_read.pointer_dereference.159] line 98 dereference failure: deallocated dynamic object in tokbuf->ppos: SUCCESS
[mpack_read.pointer_dereference.160] line 98 dereference failure: dead object in tokbuf->ppos: SUCCESS
[mpack_read.pointer_dereference.161] line 98 dereference failure: pointer outside object bounds in tokbuf->ppos: SUCCESS
[mpack_read.pointer_dereference.162] line 98 dereference failure: invalid integer address in tokbuf->ppos: SUCCESS
[mpack_read.pointer_dereference.163] line 98 dereference failure: pointer NULL in tokbuf->plen: SUCCESS
[mpack_read.pointer_dereference.164] line 98 dereference failure: pointer invalid in tokbuf->plen: SUCCESS
[mpack_read.pointer_dereference.165] line 98 dereference failure: deallocated dynamic object in tokbuf->plen: SUCCESS
[mpack_read.pointer_dereference.166] line 98 dereference failure: dead object in tokbuf->plen: SUCCESS
[mpack_read.pointer_dereference.167] line 98 dereference failure: pointer outside object bounds in tokbuf->plen: SUCCESS
[mpack_read.pointer_dereference.168] line 98 dereference failure: invalid integer address in tokbuf->plen: SUCCESS
[mpack_read.overflow.6] line 99 arithmetic overflow on unsigned - in *buflen - advanced: SUCCESS
[mpack_read.pointer_dereference.169] line 99 dereference failure: pointer NULL in *buflen: SUCCESS
[mpack_read.pointer_dereference.170] line 99 dereference failure: pointer invalid in *buflen: SUCCESS
[mpack_read.pointer_dereference.171] line 99 dereference failure: deallocated dynamic object in *buflen: SUCCESS
[mpack_read.pointer_dereference.172] line 99 dereference failure: dead object in *buflen: SUCCESS
[mpack_read.pointer_dereference.173] line 99 dereference failure: pointer outside object bounds in *buflen: SUCCESS
[mpack_read.pointer_dereference.174] line 99 dereference failure: invalid integer address in *buflen: SUCCESS
[mpack_read.pointer_dereference.175] line 100 dereference failure: pointer NULL in *buf: SUCCESS
[mpack_read.pointer_dereference.176] line 100 dereference failure: pointer invalid in *buf: SUCCESS
[mpack_read.pointer_dereference.177] line 100 dereference failure: deallocated dynamic object in *buf: SUCCESS
[mpack_read.pointer_dereference.178] line 100 dereference failure: dead object in *buf: SUCCESS
[mpack_read.pointer_dereference.179] line 100 dereference failure: pointer outside object bounds in *buf: SUCCESS
[mpack_read.pointer_dereference.180] line 100 dereference failure: invalid integer address in *buf: SUCCESS
[mpack_read.pointer_dereference.181] line 102 dereference failure: pointer NULL in tok->type: SUCCESS
[mpack_read.pointer_dereference.182] line 102 dereference failure: pointer invalid in tok->type: SUCCESS
[mpack_read.pointer_dereference.183] line 102 dereference failure: deallocated dynamic object in tok->type: SUCCESS
[mpack_read.pointer_dereference.184] line 102 dereference failure: dead object in tok->type: SUCCESS
[mpack_read.pointer_dereference.185] line 102 dereference failure: pointer outside object bounds in tok->type: SUCCESS
[mpack_read.pointer_dereference.186] line 102 dereference failure: invalid integer address in tok->type: SUCCESS
[mpack_read.pointer_dereference.187] line 103 dereference failure: pointer NULL in tokbuf->passthrough: SUCCESS
[mpack_read.pointer_dereference.188] line 103 dereference failure: pointer invalid in tokbuf->passthrough: SUCCESS
[mpack_read.pointer_dereference.189] line 103 dereference failure: deallocated dynamic object in tokbuf->passthrough: SUCCESS
[mpack_read.pointer_dereference.190] line 103 dereference failure: dead object in tokbuf->passthrough: SUCCESS
[mpack_read.pointer_dereference.191] line 103 dereference failure: pointer outside object bounds in tokbuf->passthrough: SUCCESS
[mpack_read.pointer_dereference.192] line 103 dereference failure: invalid integer address in tokbuf->passthrough: SUCCESS
[mpack_read.pointer_dereference.193] line 103 dereference failure: pointer NULL in tok->length: SUCCESS
[mpack_read.pointer_dereference.194] line 103 dereference failure: pointer invalid in tok->length: SUCCESS
[mpack_read.pointer_dereference.195] line 103 dereference failure: deallocated dynamic object in tok->length: SUCCESS
[mpack_read.pointer_dereference.196] line 103 dereference failure: dead object in tok->length: SUCCESS
[mpack_read.pointer_dereference.197] line 103 dereference failure: pointer outside object bounds in tok->length: SUCCESS
[mpack_read.pointer_dereference.198] line 103 dereference failure: invalid integer address in tok->length: SUCCESS

neovim/src/mpack/mpack_core.c function mpack_rpending
[mpack_rpending.assertion.1] line 255 assertion state->ppos < state->plen: SUCCESS
[mpack_rpending.pointer_dereference.1] line 255 dereference failure: pointer NULL in state->ppos: SUCCESS
[mpack_rpending.pointer_dereference.2] line 255 dereference failure: pointer invalid in state->ppos: SUCCESS
[mpack_rpending.pointer_dereference.3] line 255 dereference failure: deallocated dynamic object in state->ppos: SUCCESS
[mpack_rpending.pointer_dereference.4] line 255 dereference failure: dead object in state->ppos: SUCCESS
[mpack_rpending.pointer_dereference.5] line 255 dereference failure: pointer outside object bounds in state->ppos: SUCCESS
[mpack_rpending.pointer_dereference.6] line 255 dereference failure: invalid integer address in state->ppos: SUCCESS
[mpack_rpending.pointer_dereference.7] line 255 dereference failure: pointer NULL in state->plen: SUCCESS
[mpack_rpending.pointer_dereference.8] line 255 dereference failure: pointer invalid in state->plen: SUCCESS
[mpack_rpending.pointer_dereference.9] line 255 dereference failure: deallocated dynamic object in state->plen: SUCCESS
[mpack_rpending.pointer_dereference.10] line 255 dereference failure: dead object in state->plen: SUCCESS
[mpack_rpending.pointer_dereference.11] line 255 dereference failure: pointer outside object bounds in state->plen: SUCCESS
[mpack_rpending.pointer_dereference.12] line 255 dereference failure: invalid integer address in state->plen: SUCCESS
[mpack_rpending.overflow.1] line 256 arithmetic overflow on unsigned - in state->plen - state->ppos: SUCCESS
[mpack_rpending.overflow.2] line 256 arithmetic overflow on unsigned - in state->plen - state->ppos: SUCCESS
[mpack_rpending.pointer_dereference.13] line 256 dereference failure: pointer NULL in *buflen: SUCCESS
[mpack_rpending.pointer_dereference.14] line 256 dereference failure: pointer invalid in *buflen: SUCCESS
[mpack_rpending.pointer_dereference.15] line 256 dereference failure: deallocated dynamic object in *buflen: SUCCESS
[mpack_rpending.pointer_dereference.16] line 256 dereference failure: dead object in *buflen: SUCCESS
[mpack_rpending.pointer_dereference.17] line 256 dereference failure: pointer outside object bounds in *buflen: SUCCESS
[mpack_rpending.pointer_dereference.18] line 256 dereference failure: invalid integer address in *buflen: SUCCESS
[mpack_rpending.pointer_dereference.19] line 256 dereference failure: pointer NULL in state->plen: SUCCESS
[mpack_rpending.pointer_dereference.20] line 256 dereference failure: pointer invalid in state->plen: SUCCESS
[mpack_rpending.pointer_dereference.21] line 256 dereference failure: deallocated dynamic object in state->plen: SUCCESS
[mpack_rpending.pointer_dereference.22] line 256 dereference failure: dead object in state->plen: SUCCESS
[mpack_rpending.pointer_dereference.23] line 256 dereference failure: pointer outside object bounds in state->plen: SUCCESS
[mpack_rpending.pointer_dereference.24] line 256 dereference failure: invalid integer address in state->plen: SUCCESS
[mpack_rpending.pointer_dereference.25] line 256 dereference failure: pointer NULL in state->ppos: SUCCESS
[mpack_rpending.pointer_dereference.26] line 256 dereference failure: pointer invalid in state->ppos: SUCCESS
[mpack_rpending.pointer_dereference.27] line 256 dereference failure: deallocated dynamic object in state->ppos: SUCCESS
[mpack_rpending.pointer_dereference.28] line 256 dereference failure: dead object in state->ppos: SUCCESS
[mpack_rpending.pointer_dereference.29] line 256 dereference failure: pointer outside object bounds in state->ppos: SUCCESS
[mpack_rpending.pointer_dereference.30] line 256 dereference failure: invalid integer address in state->ppos: SUCCESS
[mpack_rpending.pointer_dereference.31] line 256 dereference failure: pointer NULL in *buflen: SUCCESS
[mpack_rpending.pointer_dereference.32] line 256 dereference failure: pointer invalid in *buflen: SUCCESS
[mpack_rpending.pointer_dereference.33] line 256 dereference failure: deallocated dynamic object in *buflen: SUCCESS
[mpack_rpending.pointer_dereference.34] line 256 dereference failure: dead object in *buflen: SUCCESS
[mpack_rpending.pointer_dereference.35] line 256 dereference failure: pointer outside object bounds in *buflen: SUCCESS
[mpack_rpending.pointer_dereference.36] line 256 dereference failure: invalid integer address in *buflen: SUCCESS
[mpack_rpending.pointer_dereference.37] line 257 dereference failure: pointer NULL in *buf: SUCCESS
[mpack_rpending.pointer_dereference.38] line 257 dereference failure: pointer invalid in *buf: SUCCESS
[mpack_rpending.pointer_dereference.39] line 257 dereference failure: deallocated dynamic object in *buf: SUCCESS
[mpack_rpending.pointer_dereference.40] line 257 dereference failure: dead object in *buf: SUCCESS
[mpack_rpending.pointer_dereference.41] line 257 dereference failure: pointer outside object bounds in *buf: SUCCESS
[mpack_rpending.pointer_dereference.42] line 257 dereference failure: invalid integer address in *buf: SUCCESS
[mpack_rpending.overflow.3] line 258 arithmetic overflow on unsigned + in state->ppos + count: SUCCESS
[mpack_rpending.pointer_dereference.43] line 258 dereference failure: pointer NULL in state->ppos: SUCCESS
[mpack_rpending.pointer_dereference.44] line 258 dereference failure: pointer invalid in state->ppos: SUCCESS
[mpack_rpending.pointer_dereference.45] line 258 dereference failure: deallocated dynamic object in state->ppos: SUCCESS
[mpack_rpending.pointer_dereference.46] line 258 dereference failure: dead object in state->ppos: SUCCESS
[mpack_rpending.pointer_dereference.47] line 258 dereference failure: pointer outside object bounds in state->ppos: SUCCESS
[mpack_rpending.pointer_dereference.48] line 258 dereference failure: invalid integer address in state->ppos: SUCCESS
[mpack_rpending.pointer_dereference.49] line 259 dereference failure: pointer NULL in state->ppos: SUCCESS
[mpack_rpending.pointer_dereference.50] line 259 dereference failure: pointer invalid in state->ppos: SUCCESS
[mpack_rpending.pointer_dereference.51] line 259 dereference failure: deallocated dynamic object in state->ppos: SUCCESS
[mpack_rpending.pointer_dereference.52] line 259 dereference failure: dead object in state->ppos: SUCCESS
[mpack_rpending.pointer_dereference.53] line 259 dereference failure: pointer outside object bounds in state->ppos: SUCCESS
[mpack_rpending.pointer_dereference.54] line 259 dereference failure: invalid integer address in state->ppos: SUCCESS
[mpack_rpending.pointer_dereference.55] line 259 dereference failure: pointer NULL in state->plen: SUCCESS
[mpack_rpending.pointer_dereference.56] line 259 dereference failure: pointer invalid in state->plen: SUCCESS
[mpack_rpending.pointer_dereference.57] line 259 dereference failure: deallocated dynamic object in state->plen: SUCCESS
[mpack_rpending.pointer_dereference.58] line 259 dereference failure: dead object in state->plen: SUCCESS
[mpack_rpending.pointer_dereference.59] line 259 dereference failure: pointer outside object bounds in state->plen: SUCCESS
[mpack_rpending.pointer_dereference.60] line 259 dereference failure: invalid integer address in state->plen: SUCCESS
[mpack_rpending.pointer_dereference.61] line 261 dereference failure: pointer NULL in *buf: SUCCESS
[mpack_rpending.pointer_dereference.62] line 261 dereference failure: pointer invalid in *buf: SUCCESS
[mpack_rpending.pointer_dereference.63] line 261 dereference failure: deallocated dynamic object in *buf: SUCCESS
[mpack_rpending.pointer_dereference.64] line 261 dereference failure: dead object in *buf: SUCCESS
[mpack_rpending.pointer_dereference.65] line 261 dereference failure: pointer outside object bounds in *buf: SUCCESS
[mpack_rpending.pointer_dereference.66] line 261 dereference failure: invalid integer address in *buf: SUCCESS
[mpack_rpending.pointer_dereference.67] line 261 dereference failure: pointer NULL in *buflen: SUCCESS
[mpack_rpending.pointer_dereference.68] line 261 dereference failure: pointer invalid in *buflen: SUCCESS
[mpack_rpending.pointer_dereference.69] line 261 dereference failure: deallocated dynamic object in *buflen: SUCCESS
[mpack_rpending.pointer_dereference.70] line 261 dereference failure: dead object in *buflen: SUCCESS
[mpack_rpending.pointer_dereference.71] line 261 dereference failure: pointer outside object bounds in *buflen: SUCCESS
[mpack_rpending.pointer_dereference.72] line 261 dereference failure: invalid integer address in *buflen: SUCCESS
[mpack_rpending.pointer_dereference.73] line 262 dereference failure: pointer NULL in *buflen: SUCCESS
[mpack_rpending.pointer_dereference.74] line 262 dereference failure: pointer invalid in *buflen: SUCCESS
[mpack_rpending.pointer_dereference.75] line 262 dereference failure: deallocated dynamic object in *buflen: SUCCESS
[mpack_rpending.pointer_dereference.76] line 262 dereference failure: dead object in *buflen: SUCCESS
[mpack_rpending.pointer_dereference.77] line 262 dereference failure: pointer outside object bounds in *buflen: SUCCESS
[mpack_rpending.pointer_dereference.78] line 262 dereference failure: invalid integer address in *buflen: SUCCESS

neovim/src/mpack/mpack_core.c function mpack_rtoken
[mpack_rtoken.pointer_dereference.1] line 173 dereference failure: pointer NULL in *buflen: SUCCESS
[mpack_rtoken.pointer_dereference.2] line 173 dereference failure: pointer invalid in *buflen: SUCCESS
[mpack_rtoken.pointer_dereference.3] line 173 dereference failure: deallocated dynamic object in *buflen: SUCCESS
[mpack_rtoken.pointer_dereference.4] line 173 dereference failure: dead object in *buflen: SUCCESS
[mpack_rtoken.pointer_dereference.5] line 173 dereference failure: pointer outside object bounds in *buflen: SUCCESS
[mpack_rtoken.pointer_dereference.6] line 173 dereference failure: invalid integer address in *buflen: SUCCESS
[mpack_rtoken.overflow.1] line 176 arithmetic overflow on unsigned - in *buflen - 1ul: SUCCESS
[mpack_rtoken.pointer_dereference.7] line 176 dereference failure: pointer NULL in *buflen: SUCCESS
[mpack_rtoken.pointer_dereference.8] line 176 dereference failure: pointer invalid in *buflen: SUCCESS
[mpack_rtoken.pointer_dereference.9] line 176 dereference failure: deallocated dynamic object in *buflen: SUCCESS
[mpack_rtoken.pointer_dereference.10] line 176 dereference failure: dead object in *buflen: SUCCESS
[mpack_rtoken.pointer_dereference.11] line 176 dereference failure: pointer outside object bounds in *buflen: SUCCESS
[mpack_rtoken.pointer_dereference.12] line 176 dereference failure: invalid integer address in *buflen: SUCCESS
[mpack_rtoken.pointer_dereference.13] line 176 dereference failure: pointer NULL in *buf: SUCCESS
[mpack_rtoken.pointer_dereference.14] line 176 dereference failure: pointer invalid in *buf: SUCCESS
[mpack_rtoken.pointer_dereference.15] line 176 dereference failure: deallocated dynamic object in *buf: SUCCESS
[mpack_rtoken.pointer_dereference.16] line 176 dereference failure: dead object in *buf: SUCCESS
[mpack_rtoken.pointer_dereference.17] line 176 dereference failure: pointer outside object bounds in *buf: SUCCESS
[mpack_rtoken.pointer_dereference.18] line 176 dereference failure: invalid integer address in *buf: SUCCESS
[mpack_rtoken.pointer_dereference.19] line 176 dereference failure: pointer NULL in *tmp_post: SUCCESS
[mpack_rtoken.pointer_dereference.20] line 176 dereference failure: pointer invalid in *tmp_post: SUCCESS
[mpack_rtoken.pointer_dereference.21] line 176 dereference failure: deallocated dynamic object in *tmp_post: SUCCESS
[mpack_rtoken.pointer_dereference.22] line 176 dereference failure: dead object in *tmp_post: SUCCESS
[mpack_rtoken.pointer_dereference.23] line 176 dereference failure: pointer outside object bounds in *tmp_post: SUCCESS
[mpack_rtoken.pointer_dereference.24] line 176 dereference failure: invalid integer address in *tmp_post: SUCCESS
[mpack_rtoken.overflow.2] line 200 arithmetic overflow on signed - in (signed int)t - 0xC4: SUCCESS
[mpack_rtoken.overflow.3] line 200 arithmetic overflow on signed shl in 1 << (signed int)t - 0xC4: SUCCESS
[mpack_rtoken.undefined-shift.1] line 200 shift distance is negative in 1 << (signed int)t - 0xC4: SUCCESS
[mpack_rtoken.undefined-shift.2] line 200 shift distance too large in 1 << (signed int)t - 0xC4: SUCCESS
[mpack_rtoken.overflow.4] line 204 arithmetic overflow on signed - in (signed int)t - 0xC7: SUCCESS
[mpack_rtoken.overflow.5] line 204 arithmetic overflow on signed shl in 1 << (signed int)t - 0xC7: SUCCESS
[mpack_rtoken.undefined-shift.3] line 204 shift distance is negative in 1 << (signed int)t - 0xC7: SUCCESS
[mpack_rtoken.undefined-shift.4] line 204 shift distance too large in 1 << (signed int)t - 0xC7: SUCCESS
[mpack_rtoken.overflow.6] line 207 arithmetic overflow on signed - in (signed int)t - 0xC8: SUCCESS
[mpack_rtoken.overflow.7] line 207 arithmetic overflow on signed shl in 1 << (signed int)t - 0xC8: SUCCESS
[mpack_rtoken.undefined-shift.5] line 207 shift distance is negative in 1 << (signed int)t - 0xC8: SUCCESS
[mpack_rtoken.undefined-shift.6] line 207 shift distance too large in 1 << (signed int)t - 0xC8: SUCCESS
[mpack_rtoken.overflow.8] line 212 arithmetic overflow on signed - in (signed int)t - 0xCC: SUCCESS
[mpack_rtoken.overflow.9] line 212 arithmetic overflow on signed shl in 1 << (signed int)t - 0xCC: SUCCESS
[mpack_rtoken.undefined-shift.7] line 212 shift distance is negative in 1 << (signed int)t - 0xCC: SUCCESS
[mpack_rtoken.undefined-shift.8] line 212 shift distance too large in 1 << (signed int)t - 0xCC: SUCCESS
[mpack_rtoken.overflow.10] line 217 arithmetic overflow on signed - in (signed int)t - 0xD0: SUCCESS
[mpack_rtoken.overflow.11] line 217 arithmetic overflow on signed shl in 1 << (signed int)t - 0xD0: SUCCESS
[mpack_rtoken.undefined-shift.9] line 217 shift distance is negative in 1 << (signed int)t - 0xD0: SUCCESS
[mpack_rtoken.undefined-shift.10] line 217 shift distance too large in 1 << (signed int)t - 0xD0: SUCCESS
[mpack_rtoken.pointer_dereference.25] line 223 dereference failure: pointer NULL in *buflen: SUCCESS
[mpack_rtoken.pointer_dereference.26] line 223 dereference failure: pointer invalid in *buflen: SUCCESS
[mpack_rtoken.pointer_dereference.27] line 223 dereference failure: deallocated dynamic object in *buflen: SUCCESS
[mpack_rtoken.pointer_dereference.28] line 223 dereference failure: dead object in *buflen: SUCCESS
[mpack_rtoken.pointer_dereference.29] line 223 dereference failure: pointer outside object bounds in *buflen: SUCCESS
[mpack_rtoken.pointer_dereference.30] line 223 dereference failure: invalid integer address in *buflen: SUCCESS
[mpack_rtoken.pointer_dereference.31] line 225 dereference failure: pointer NULL in tok->length: SUCCESS
[mpack_rtoken.pointer_dereference.32] line 225 dereference failure: pointer invalid in tok->length: SUCCESS
[mpack_rtoken.pointer_dereference.33] line 225 dereference failure: deallocated dynamic object in tok->length: SUCCESS
[mpack_rtoken.pointer_dereference.34] line 225 dereference failure: dead object in tok->length: SUCCESS
[mpack_rtoken.pointer_dereference.35] line 225 dereference failure: pointer outside object bounds in tok->length: SUCCESS
[mpack_rtoken.pointer_dereference.36] line 225 dereference failure: invalid integer address in tok->length: SUCCESS
[mpack_rtoken.overflow.12] line 228 arithmetic overflow on signed - in (signed int)t - 0xD4: SUCCESS
[mpack_rtoken.overflow.13] line 228 arithmetic overflow on signed shl in 1 << (signed int)t - 0xD4: SUCCESS
[mpack_rtoken.pointer_dereference.37] line 228 dereference failure: pointer NULL in tok->length: SUCCESS
[mpack_rtoken.pointer_dereference.38] line 228 dereference failure: pointer invalid in tok->length: SUCCESS
[mpack_rtoken.pointer_dereference.39] line 228 dereference failure: deallocated dynamic object in tok->length: SUCCESS
[mpack_rtoken.pointer_dereference.40] line 228 dereference failure: dead object in tok->length: SUCCESS
[mpack_rtoken.pointer_dereference.41] line 228 dereference failure: pointer outside object bounds in tok->length: SUCCESS
[mpack_rtoken.pointer_dereference.42] line 228 dereference failure: invalid integer address in tok->length: SUCCESS
[mpack_rtoken.undefined-shift.11] line 228 shift distance is negative in 1 << (signed int)t - 0xD4: SUCCESS
[mpack_rtoken.undefined-shift.12] line 228 shift distance too large in 1 << (signed int)t - 0xD4: SUCCESS
[mpack_rtoken.pointer_dereference.43] line 229 dereference failure: pointer NULL in tok->type: SUCCESS
[mpack_rtoken.pointer_dereference.44] line 229 dereference failure: pointer invalid in tok->type: SUCCESS
[mpack_rtoken.pointer_dereference.45] line 229 dereference failure: deallocated dynamic object in tok->type: SUCCESS
[mpack_rtoken.pointer_dereference.46] line 229 dereference failure: dead object in tok->type: SUCCESS
[mpack_rtoken.pointer_dereference.47] line 229 dereference failure: pointer outside object bounds in tok->type: SUCCESS
[mpack_rtoken.pointer_dereference.48] line 229 dereference failure: invalid integer address in tok->type: SUCCESS
[mpack_rtoken.overflow.14] line 230 arithmetic overflow on unsigned - in *buflen - 1ul: SUCCESS
[mpack_rtoken.pointer_dereference.49] line 230 dereference failure: pointer NULL in *buflen: SUCCESS
[mpack_rtoken.pointer_dereference.50] line 230 dereference failure: pointer invalid in *buflen: SUCCESS
[mpack_rtoken.pointer_dereference.51] line 230 dereference failure: deallocated dynamic object in *buflen: SUCCESS
[mpack_rtoken.pointer_dereference.52] line 230 dereference failure: dead object in *buflen: SUCCESS
[mpack_rtoken.pointer_dereference.53] line 230 dereference failure: pointer outside object bounds in *buflen: SUCCESS
[mpack_rtoken.pointer_dereference.54] line 230 dereference failure: invalid integer address in *buflen: SUCCESS
[mpack_rtoken.pointer_dereference.55] line 230 dereference failure: pointer NULL in *buf: SUCCESS
[mpack_rtoken.pointer_dereference.56] line 230 dereference failure: pointer invalid in *buf: SUCCESS
[mpack_rtoken.pointer_dereference.57] line 230 dereference failure: deallocated dynamic object in *buf: SUCCESS
[mpack_rtoken.pointer_dereference.58] line 230 dereference failure: dead object in *buf: SUCCESS
[mpack_rtoken.pointer_dereference.59] line 230 dereference failure: pointer outside object bounds in *buf: SUCCESS
[mpack_rtoken.pointer_dereference.60] line 230 dereference failure: invalid integer address in *buf: SUCCESS
[mpack_rtoken.pointer_dereference.61] line 230 dereference failure: pointer NULL in tok->data: SUCCESS
[mpack_rtoken.pointer_dereference.62] line 230 dereference failure: pointer invalid in tok->data: SUCCESS
[mpack_rtoken.pointer_dereference.63] line 230 dereference failure: deallocated dynamic object in tok->data: SUCCESS
[mpack_rtoken.pointer_dereference.64] line 230 dereference failure: dead object in tok->data: SUCCESS
[mpack_rtoken.pointer_dereference.65] line 230 dereference failure: pointer outside object bounds in tok->data: SUCCESS
[mpack_rtoken.pointer_dereference.66] line 230 dereference failure: invalid integer address in tok->data: SUCCESS
[mpack_rtoken.pointer_dereference.67] line 230 dereference failure: pointer NULL in *tmp_post$0: SUCCESS
[mpack_rtoken.pointer_dereference.68] line 230 dereference failure: pointer invalid in *tmp_post$0: SUCCESS
[mpack_rtoken.pointer_dereference.69] line 230 dereference failure: deallocated dynamic object in *tmp_post$0: SUCCESS
[mpack_rtoken.pointer_dereference.70] line 230 dereference failure: dead object in *tmp_post$0: SUCCESS
[mpack_rtoken.pointer_dereference.71] line 230 dereference failure: pointer outside object bounds in *tmp_post$0: SUCCESS
[mpack_rtoken.pointer_dereference.72] line 230 dereference failure: invalid integer address in *tmp_post$0: SUCCESS
[mpack_rtoken.overflow.15] line 235 arithmetic overflow on signed - in (signed int)t - 0xD9: SUCCESS
[mpack_rtoken.overflow.16] line 235 arithmetic overflow on signed shl in 1 << (signed int)t - 0xD9: SUCCESS
[mpack_rtoken.undefined-shift.13] line 235 shift distance is negative in 1 << (signed int)t - 0xD9: SUCCESS
[mpack_rtoken.undefined-shift.14] line 235 shift distance too large in 1 << (signed int)t - 0xD9: SUCCESS
[mpack_rtoken.overflow.17] line 238 arithmetic overflow on signed - in (signed int)t - 0xDB: SUCCESS
[mpack_rtoken.overflow.18] line 238 arithmetic overflow on signed shl in 1 << (signed int)t - 0xDB: SUCCESS
[mpack_rtoken.undefined-shift.15] line 238 shift distance is negative in 1 << (signed int)t - 0xDB: SUCCESS
[mpack_rtoken.undefined-shift.16] line 238 shift distance too large in 1 << (signed int)t - 0xDB: SUCCESS
[mpack_rtoken.overflow.19] line 241 arithmetic overflow on signed - in (signed int)t - 0xDD: SUCCESS
[mpack_rtoken.overflow.20] line 241 arithmetic overflow on signed shl in 1 << (signed int)t - 0xDD: SUCCESS
[mpack_rtoken.undefined-shift.17] line 241 shift distance is negative in 1 << (signed int)t - 0xDD: SUCCESS
[mpack_rtoken.undefined-shift.18] line 241 shift distance too large in 1 << (signed int)t - 0xDD: SUCCESS

neovim/src/mpack/mpack_core.c function mpack_rvalue
[mpack_rvalue.pointer_dereference.1] line 271 dereference failure: pointer NULL in *buflen: SUCCESS
[mpack_rvalue.pointer_dereference.2] line 271 dereference failure: pointer invalid in *buflen: SUCCESS
[mpack_rvalue.pointer_dereference.3] line 271 dereference failure: deallocated dynamic object in *buflen: SUCCESS
[mpack_rvalue.pointer_dereference.4] line 271 dereference failure: dead object in *buflen: SUCCESS
[mpack_rvalue.pointer_dereference.5] line 271 dereference failure: pointer outside object bounds in *buflen: SUCCESS
[mpack_rvalue.pointer_dereference.6] line 271 dereference failure: invalid integer address in *buflen: SUCCESS
[mpack_rvalue.pointer_dereference.7] line 272 dereference failure: pointer NULL in tok->length: SUCCESS
[mpack_rvalue.pointer_dereference.8] line 272 dereference failure: pointer invalid in tok->length: SUCCESS
[mpack_rvalue.pointer_dereference.9] line 272 dereference failure: deallocated dynamic object in tok->length: SUCCESS
[mpack_rvalue.pointer_dereference.10] line 272 dereference failure: dead object in tok->length: SUCCESS
[mpack_rvalue.pointer_dereference.11] line 272 dereference failure: pointer outside object bounds in tok->length: SUCCESS
[mpack_rvalue.pointer_dereference.12] line 272 dereference failure: invalid integer address in tok->length: SUCCESS
[mpack_rvalue.unwind.0] line 278 unwinding assertion loop 0: SUCCESS
[mpack_rvalue.overflow.1] line 279 arithmetic overflow on unsigned - in *buflen - 1ul: SUCCESS
[mpack_rvalue.pointer_dereference.13] line 279 dereference failure: pointer NULL in *buflen: SUCCESS
[mpack_rvalue.pointer_dereference.14] line 279 dereference failure: pointer invalid in *buflen: SUCCESS
[mpack_rvalue.pointer_dereference.15] line 279 dereference failure: deallocated dynamic object in *buflen: SUCCESS
[mpack_rvalue.pointer_dereference.16] line 279 dereference failure: dead object in *buflen: SUCCESS
[mpack_rvalue.pointer_dereference.17] line 279 dereference failure: pointer outside object bounds in *buflen: SUCCESS
[mpack_rvalue.pointer_dereference.18] line 279 dereference failure: invalid integer address in *buflen: SUCCESS
[mpack_rvalue.pointer_dereference.19] line 279 dereference failure: pointer NULL in *buf: SUCCESS
[mpack_rvalue.pointer_dereference.20] line 279 dereference failure: pointer invalid in *buf: SUCCESS
[mpack_rvalue.pointer_dereference.21] line 279 dereference failure: deallocated dynamic object in *buf: SUCCESS
[mpack_rvalue.pointer_dereference.22] line 279 dereference failure: dead object in *buf: SUCCESS
[mpack_rvalue.pointer_dereference.23] line 279 dereference failure: pointer outside object bounds in *buf: SUCCESS
[mpack_rvalue.pointer_dereference.24] line 279 dereference failure: invalid integer address in *buf: SUCCESS
[mpack_rvalue.pointer_dereference.25] line 279 dereference failure: pointer NULL in *tmp_post: SUCCESS
[mpack_rvalue.pointer_dereference.26] line 279 dereference failure: pointer invalid in *tmp_post: SUCCESS
[mpack_rvalue.pointer_dereference.27] line 279 dereference failure: deallocated dynamic object in *tmp_post: SUCCESS
[mpack_rvalue.pointer_dereference.28] line 279 dereference failure: dead object in *tmp_post: SUCCESS
[mpack_rvalue.pointer_dereference.29] line 279 dereference failure: pointer outside object bounds in *tmp_post: SUCCESS
[mpack_rvalue.pointer_dereference.30] line 279 dereference failure: invalid integer address in *tmp_post: SUCCESS
[mpack_rvalue.overflow.2] line 280 arithmetic overflow on unsigned - in remaining - 1u: SUCCESS
[mpack_rvalue.overflow.3] line 281 arithmetic overflow on unsigned * in (byte_idx % (unsigned int)4) * (unsigned int)8: SUCCESS
[mpack_rvalue.pointer_dereference.31] line 282 dereference failure: pointer NULL in tok->data: SUCCESS
[mpack_rvalue.pointer_dereference.32] line 282 dereference failure: pointer invalid in tok->data: SUCCESS
[mpack_rvalue.pointer_dereference.33] line 282 dereference failure: deallocated dynamic object in tok->data: SUCCESS
[mpack_rvalue.pointer_dereference.34] line 282 dereference failure: dead object in tok->data: SUCCESS
[mpack_rvalue.pointer_dereference.35] line 282 dereference failure: pointer outside object bounds in tok->data: SUCCESS
[mpack_rvalue.pointer_dereference.36] line 282 dereference failure: invalid integer address in tok->data: SUCCESS
[mpack_rvalue.undefined-shift.1] line 282 shift distance too large in byte << byte_shift: SUCCESS
[mpack_rvalue.pointer_dereference.37] line 286 dereference failure: pointer NULL in tok->data: SUCCESS
[mpack_rvalue.pointer_dereference.38] line 286 dereference failure: pointer invalid in tok->data: SUCCESS
[mpack_rvalue.pointer_dereference.39] line 286 dereference failure: deallocated dynamic object in tok->data: SUCCESS
[mpack_rvalue.pointer_dereference.40] line 286 dereference failure: dead object in tok->data: SUCCESS
[mpack_rvalue.pointer_dereference.41] line 286 dereference failure: pointer outside object bounds in tok->data: SUCCESS
[mpack_rvalue.pointer_dereference.42] line 286 dereference failure: invalid integer address in tok->data: SUCCESS
[mpack_rvalue.pointer_dereference.43] line 287 dereference failure: pointer NULL in tok->data: SUCCESS
[mpack_rvalue.pointer_dereference.44] line 287 dereference failure: pointer invalid in tok->data: SUCCESS
[mpack_rvalue.pointer_dereference.45] line 287 dereference failure: deallocated dynamic object in tok->data: SUCCESS
[mpack_rvalue.pointer_dereference.46] line 287 dereference failure: dead object in tok->data: SUCCESS
[mpack_rvalue.pointer_dereference.47] line 287 dereference failure: pointer outside object bounds in tok->data: SUCCESS
[mpack_rvalue.pointer_dereference.48] line 287 dereference failure: invalid integer address in tok->data: SUCCESS
[mpack_rvalue.pointer_dereference.49] line 292 dereference failure: pointer NULL in tok->data: SUCCESS
[mpack_rvalue.pointer_dereference.50] line 292 dereference failure: pointer invalid in tok->data: SUCCESS
[mpack_rvalue.pointer_dereference.51] line 292 dereference failure: deallocated dynamic object in tok->data: SUCCESS
[mpack_rvalue.pointer_dereference.52] line 292 dereference failure: dead object in tok->data: SUCCESS
[mpack_rvalue.pointer_dereference.53] line 292 dereference failure: pointer outside object bounds in tok->data: SUCCESS
[mpack_rvalue.pointer_dereference.54] line 292 dereference failure: invalid integer address in tok->data: SUCCESS
[mpack_rvalue.pointer_dereference.55] line 294 dereference failure: pointer NULL in tok->length: SUCCESS
[mpack_rvalue.pointer_dereference.56] line 294 dereference failure: pointer invalid in tok->length: SUCCESS
[mpack_rvalue.pointer_dereference.57] line 294 dereference failure: deallocated dynamic object in tok->length: SUCCESS
[mpack_rvalue.pointer_dereference.58] line 294 dereference failure: dead object in tok->length: SUCCESS
[mpack_rvalue.pointer_dereference.59] line 294 dereference failure: pointer outside object bounds in tok->length: SUCCESS
[mpack_rvalue.pointer_dereference.60] line 294 dereference failure: invalid integer address in tok->length: SUCCESS
[mpack_rvalue.pointer_dereference.61] line 295 dereference failure: pointer NULL in tok->length: SUCCESS
[mpack_rvalue.pointer_dereference.62] line 295 dereference failure: pointer invalid in tok->length: SUCCESS
[mpack_rvalue.pointer_dereference.63] line 295 dereference failure: deallocated dynamic object in tok->length: SUCCESS
[mpack_rvalue.pointer_dereference.64] line 295 dereference failure: dead object in tok->length: SUCCESS
[mpack_rvalue.pointer_dereference.65] line 295 dereference failure: pointer outside object bounds in tok->length: SUCCESS
[mpack_rvalue.pointer_dereference.66] line 295 dereference failure: invalid integer address in tok->length: SUCCESS
[mpack_rvalue.pointer_dereference.67] line 296 dereference failure: pointer NULL in tok->length: SUCCESS
[mpack_rvalue.pointer_dereference.68] line 296 dereference failure: pointer invalid in tok->length: SUCCESS
[mpack_rvalue.pointer_dereference.69] line 296 dereference failure: deallocated dynamic object in tok->length: SUCCESS
[mpack_rvalue.pointer_dereference.70] line 296 dereference failure: dead object in tok->length: SUCCESS
[mpack_rvalue.pointer_dereference.71] line 296 dereference failure: pointer outside object bounds in tok->length: SUCCESS
[mpack_rvalue.pointer_dereference.72] line 296 dereference failure: invalid integer address in tok->length: SUCCESS
[mpack_rvalue.pointer_dereference.73] line 297 dereference failure: pointer NULL in tok->length: SUCCESS
[mpack_rvalue.pointer_dereference.74] line 297 dereference failure: pointer invalid in tok->length: SUCCESS
[mpack_rvalue.pointer_dereference.75] line 297 dereference failure: deallocated dynamic object in tok->length: SUCCESS
[mpack_rvalue.pointer_dereference.76] line 297 dereference failure: dead object in tok->length: SUCCESS
[mpack_rvalue.pointer_dereference.77] line 297 dereference failure: pointer outside object bounds in tok->length: SUCCESS
[mpack_rvalue.pointer_dereference.78] line 297 dereference failure: invalid integer address in tok->length: SUCCESS
[mpack_rvalue.pointer_dereference.79] line 299 dereference failure: pointer NULL in tok->type: SUCCESS
[mpack_rvalue.pointer_dereference.80] line 299 dereference failure: pointer invalid in tok->type: SUCCESS
[mpack_rvalue.pointer_dereference.81] line 299 dereference failure: deallocated dynamic object in tok->type: SUCCESS
[mpack_rvalue.pointer_dereference.82] line 299 dereference failure: dead object in tok->type: SUCCESS
[mpack_rvalue.pointer_dereference.83] line 299 dereference failure: pointer outside object bounds in tok->type: SUCCESS
[mpack_rvalue.pointer_dereference.84] line 299 dereference failure: invalid integer address in tok->type: SUCCESS

neovim/src/mpack/mpack_core.c function mpack_tokbuf_init
[mpack_tokbuf_init.pointer_dereference.1] line 39 dereference failure: pointer NULL in tokbuf->ppos: SUCCESS
[mpack_tokbuf_init.pointer_dereference.2] line 39 dereference failure: pointer invalid in tokbuf->ppos: SUCCESS
[mpack_tokbuf_init.pointer_dereference.3] line 39 dereference failure: deallocated dynamic object in tokbuf->ppos: SUCCESS
[mpack_tokbuf_init.pointer_dereference.4] line 39 dereference failure: dead object in tokbuf->ppos: SUCCESS
[mpack_tokbuf_init.pointer_dereference.5] line 39 dereference failure: pointer outside object bounds in tokbuf->ppos: SUCCESS
[mpack_tokbuf_init.pointer_dereference.6] line 39 dereference failure: invalid integer address in tokbuf->ppos: SUCCESS
[mpack_tokbuf_init.pointer_dereference.7] line 40 dereference failure: pointer NULL in tokbuf->plen: SUCCESS
[mpack_tokbuf_init.pointer_dereference.8] line 40 dereference failure: pointer invalid in tokbuf->plen: SUCCESS
[mpack_tokbuf_init.pointer_dereference.9] line 40 dereference failure: deallocated dynamic object in tokbuf->plen: SUCCESS
[mpack_tokbuf_init.pointer_dereference.10] line 40 dereference failure: dead object in tokbuf->plen: SUCCESS
[mpack_tokbuf_init.pointer_dereference.11] line 40 dereference failure: pointer outside object bounds in tokbuf->plen: SUCCESS
[mpack_tokbuf_init.pointer_dereference.12] line 40 dereference failure: invalid integer address in tokbuf->plen: SUCCESS
[mpack_tokbuf_init.pointer_dereference.13] line 41 dereference failure: pointer NULL in tokbuf->passthrough: SUCCESS
[mpack_tokbuf_init.pointer_dereference.14] line 41 dereference failure: pointer invalid in tokbuf->passthrough: SUCCESS
[mpack_tokbuf_init.pointer_dereference.15] line 41 dereference failure: deallocated dynamic object in tokbuf->passthrough: SUCCESS
[mpack_tokbuf_init.pointer_dereference.16] line 41 dereference failure: dead object in tokbuf->passthrough: SUCCESS
[mpack_tokbuf_init.pointer_dereference.17] line 41 dereference failure: pointer outside object bounds in tokbuf->passthrough: SUCCESS
[mpack_tokbuf_init.pointer_dereference.18] line 41 dereference failure: invalid integer address in tokbuf->passthrough: SUCCESS

neovim/src/mpack/mpack_core.c function mpack_value
[mpack_value.pointer_dereference.1] line 557 dereference failure: pointer NULL in tok->type: SUCCESS
[mpack_value.pointer_dereference.2] line 557 dereference failure: pointer invalid in tok->type: SUCCESS
[mpack_value.pointer_dereference.3] line 557 dereference failure: deallocated dynamic object in tok->type: SUCCESS
[mpack_value.pointer_dereference.4] line 557 dereference failure: dead object in tok->type: SUCCESS
[mpack_value.pointer_dereference.5] line 557 dereference failure: pointer outside object bounds in tok->type: SUCCESS
[mpack_value.pointer_dereference.6] line 557 dereference failure: invalid integer address in tok->type: SUCCESS
[mpack_value.pointer_dereference.7] line 558 dereference failure: pointer NULL in tok->length: SUCCESS
[mpack_value.pointer_dereference.8] line 558 dereference failure: pointer invalid in tok->length: SUCCESS
[mpack_value.pointer_dereference.9] line 558 dereference failure: deallocated dynamic object in tok->length: SUCCESS
[mpack_value.pointer_dereference.10] line 558 dereference failure: dead object in tok->length: SUCCESS
[mpack_value.pointer_dereference.11] line 558 dereference failure: pointer outside object bounds in tok->length: SUCCESS
[mpack_value.pointer_dereference.12] line 558 dereference failure: invalid integer address in tok->length: SUCCESS
[mpack_value.pointer_dereference.13] line 559 dereference failure: pointer NULL in tok->data: SUCCESS
[mpack_value.pointer_dereference.14] line 559 dereference failure: pointer invalid in tok->data: SUCCESS
[mpack_value.pointer_dereference.15] line 559 dereference failure: deallocated dynamic object in tok->data: SUCCESS
[mpack_value.pointer_dereference.16] line 559 dereference failure: dead object in tok->data: SUCCESS
[mpack_value.pointer_dereference.17] line 559 dereference failure: pointer outside object bounds in tok->data: SUCCESS
[mpack_value.pointer_dereference.18] line 559 dereference failure: invalid integer address in tok->data: SUCCESS

neovim/src/mpack/mpack_core.c function mpack_w1
[mpack_w1.overflow.1] line 531 arithmetic overflow on unsigned - in *bl - 1ul: SUCCESS
[mpack_w1.pointer_dereference.1] line 531 dereference failure: pointer NULL in *bl: SUCCESS
[mpack_w1.pointer_dereference.2] line 531 dereference failure: pointer invalid in *bl: SUCCESS
[mpack_w1.pointer_dereference.3] line 531 dereference failure: deallocated dynamic object in *bl: SUCCESS
[mpack_w1.pointer_dereference.4] line 531 dereference failure: dead object in *bl: SUCCESS
[mpack_w1.pointer_dereference.5] line 531 dereference failure: pointer outside object bounds in *bl: SUCCESS
[mpack_w1.pointer_dereference.6] line 531 dereference failure: invalid integer address in *bl: SUCCESS
[mpack_w1.pointer_dereference.7] line 532 dereference failure: pointer NULL in *b: SUCCESS
[mpack_w1.pointer_dereference.8] line 532 dereference failure: pointer invalid in *b: SUCCESS
[mpack_w1.pointer_dereference.9] line 532 dereference failure: deallocated dynamic object in *b: SUCCESS
[mpack_w1.pointer_dereference.10] line 532 dereference failure: dead object in *b: SUCCESS
[mpack_w1.pointer_dereference.11] line 532 dereference failure: pointer outside object bounds in *b: SUCCESS
[mpack_w1.pointer_dereference.12] line 532 dereference failure: invalid integer address in *b: SUCCESS
[mpack_w1.pointer_dereference.13] line 532 dereference failure: pointer NULL in *tmp_post: SUCCESS
[mpack_w1.pointer_dereference.14] line 532 dereference failure: pointer invalid in *tmp_post: SUCCESS
[mpack_w1.pointer_dereference.15] line 532 dereference failure: deallocated dynamic object in *tmp_post: SUCCESS
[mpack_w1.pointer_dereference.16] line 532 dereference failure: dead object in *tmp_post: SUCCESS
[mpack_w1.pointer_dereference.17] line 532 dereference failure: pointer outside object bounds in *tmp_post: SUCCESS
[mpack_w1.pointer_dereference.18] line 532 dereference failure: invalid integer address in *tmp_post: SUCCESS

neovim/src/mpack/mpack_core.c function mpack_w2
[mpack_w2.overflow.1] line 538 arithmetic overflow on unsigned - in *bl - (unsigned long int)2: SUCCESS
[mpack_w2.pointer_dereference.1] line 538 dereference failure: pointer NULL in *bl: SUCCESS
[mpack_w2.pointer_dereference.2] line 538 dereference failure: pointer invalid in *bl: SUCCESS
[mpack_w2.pointer_dereference.3] line 538 dereference failure: deallocated dynamic object in *bl: SUCCESS
[mpack_w2.pointer_dereference.4] line 538 dereference failure: dead object in *bl: SUCCESS
[mpack_w2.pointer_dereference.5] line 538 dereference failure: pointer outside object bounds in *bl: SUCCESS
[mpack_w2.pointer_dereference.6] line 538 dereference failure: invalid integer address in *bl: SUCCESS
[mpack_w2.pointer_dereference.7] line 539 dereference failure: pointer NULL in *b: SUCCESS
[mpack_w2.pointer_dereference.8] line 539 dereference failure: pointer invalid in *b: SUCCESS
[mpack_w2.pointer_dereference.9] line 539 dereference failure: deallocated dynamic object in *b: SUCCESS
[mpack_w2.pointer_dereference.10] line 539 dereference failure: dead object in *b: SUCCESS
[mpack_w2.pointer_dereference.11] line 539 dereference failure: pointer outside object bounds in *b: SUCCESS
[mpack_w2.pointer_dereference.12] line 539 dereference failure: invalid integer address in *b: SUCCESS
[mpack_w2.pointer_dereference.13] line 539 dereference failure: pointer NULL in *tmp_post: SUCCESS
[mpack_w2.pointer_dereference.14] line 539 dereference failure: pointer invalid in *tmp_post: SUCCESS
[mpack_w2.pointer_dereference.15] line 539 dereference failure: deallocated dynamic object in *tmp_post: SUCCESS
[mpack_w2.pointer_dereference.16] line 539 dereference failure: dead object in *tmp_post: SUCCESS
[mpack_w2.pointer_dereference.17] line 539 dereference failure: pointer outside object bounds in *tmp_post: SUCCESS
[mpack_w2.pointer_dereference.18] line 539 dereference failure: invalid integer address in *tmp_post: SUCCESS
[mpack_w2.pointer_dereference.19] line 540 dereference failure: pointer NULL in *b: SUCCESS
[mpack_w2.pointer_dereference.20] line 540 dereference failure: pointer invalid in *b: SUCCESS
[mpack_w2.pointer_dereference.21] line 540 dereference failure: deallocated dynamic object in *b: SUCCESS
[mpack_w2.pointer_dereference.22] line 540 dereference failure: dead object in *b: SUCCESS
[mpack_w2.pointer_dereference.23] line 540 dereference failure: pointer outside object bounds in *b: SUCCESS
[mpack_w2.pointer_dereference.24] line 540 dereference failure: invalid integer address in *b: SUCCESS
[mpack_w2.pointer_dereference.25] line 540 dereference failure: pointer NULL in *tmp_post$0: SUCCESS
[mpack_w2.pointer_dereference.26] line 540 dereference failure: pointer invalid in *tmp_post$0: SUCCESS
[mpack_w2.pointer_dereference.27] line 540 dereference failure: deallocated dynamic object in *tmp_post$0: SUCCESS
[mpack_w2.pointer_dereference.28] line 540 dereference failure: dead object in *tmp_post$0: SUCCESS
[mpack_w2.pointer_dereference.29] line 540 dereference failure: pointer outside object bounds in *tmp_post$0: SUCCESS
[mpack_w2.pointer_dereference.30] line 540 dereference failure: invalid integer address in *tmp_post$0: SUCCESS

neovim/src/mpack/mpack_core.c function mpack_w4
[mpack_w4.overflow.1] line 546 arithmetic overflow on unsigned - in *bl - (unsigned long int)4: SUCCESS
[mpack_w4.pointer_dereference.1] line 546 dereference failure: pointer NULL in *bl: SUCCESS
[mpack_w4.pointer_dereference.2] line 546 dereference failure: pointer invalid in *bl: SUCCESS
[mpack_w4.pointer_dereference.3] line 546 dereference failure: deallocated dynamic object in *bl: SUCCESS
[mpack_w4.pointer_dereference.4] line 546 dereference failure: dead object in *bl: SUCCESS
[mpack_w4.pointer_dereference.5] line 546 dereference failure: pointer outside object bounds in *bl: SUCCESS
[mpack_w4.pointer_dereference.6] line 546 dereference failure: invalid integer address in *bl: SUCCESS
[mpack_w4.pointer_dereference.7] line 547 dereference failure: pointer NULL in *b: SUCCESS
[mpack_w4.pointer_dereference.8] line 547 dereference failure: pointer invalid in *b: SUCCESS
[mpack_w4.pointer_dereference.9] line 547 dereference failure: deallocated dynamic object in *b: SUCCESS
[mpack_w4.pointer_dereference.10] line 547 dereference failure: dead object in *b: SUCCESS
[mpack_w4.pointer_dereference.11] line 547 dereference failure: pointer outside object bounds in *b: SUCCESS
[mpack_w4.pointer_dereference.12] line 547 dereference failure: invalid integer address in *b: SUCCESS
[mpack_w4.pointer_dereference.13] line 547 dereference failure: pointer NULL in *tmp_post: SUCCESS
[mpack_w4.pointer_dereference.14] line 547 dereference failure: pointer invalid in *tmp_post: SUCCESS
[mpack_w4.pointer_dereference.15] line 547 dereference failure: deallocated dynamic object in *tmp_post: SUCCESS
[mpack_w4.pointer_dereference.16] line 547 dereference failure: dead object in *tmp_post: SUCCESS
[mpack_w4.pointer_dereference.17] line 547 dereference failure: pointer outside object bounds in *tmp_post: SUCCESS
[mpack_w4.pointer_dereference.18] line 547 dereference failure: invalid integer address in *tmp_post: SUCCESS
[mpack_w4.pointer_dereference.19] line 548 dereference failure: pointer NULL in *b: SUCCESS
[mpack_w4.pointer_dereference.20] line 548 dereference failure: pointer invalid in *b: SUCCESS
[mpack_w4.pointer_dereference.21] line 548 dereference failure: deallocated dynamic object in *b: SUCCESS
[mpack_w4.pointer_dereference.22] line 548 dereference failure: dead object in *b: SUCCESS
[mpack_w4.pointer_dereference.23] line 548 dereference failure: pointer outside object bounds in *b: SUCCESS
[mpack_w4.pointer_dereference.24] line 548 dereference failure: invalid integer address in *b: SUCCESS
[mpack_w4.pointer_dereference.25] line 548 dereference failure: pointer NULL in *tmp_post$0: SUCCESS
[mpack_w4.pointer_dereference.26] line 548 dereference failure: pointer invalid in *tmp_post$0: SUCCESS
[mpack_w4.pointer_dereference.27] line 548 dereference failure: deallocated dynamic object in *tmp_post$0: SUCCESS
[mpack_w4.pointer_dereference.28] line 548 dereference failure: dead object in *tmp_post$0: SUCCESS
[mpack_w4.pointer_dereference.29] line 548 dereference failure: pointer outside object bounds in *tmp_post$0: SUCCESS
[mpack_w4.pointer_dereference.30] line 548 dereference failure: invalid integer address in *tmp_post$0: SUCCESS
[mpack_w4.pointer_dereference.31] line 549 dereference failure: pointer NULL in *b: SUCCESS
[mpack_w4.pointer_dereference.32] line 549 dereference failure: pointer invalid in *b: SUCCESS
[mpack_w4.pointer_dereference.33] line 549 dereference failure: deallocated dynamic object in *b: SUCCESS
[mpack_w4.pointer_dereference.34] line 549 dereference failure: dead object in *b: SUCCESS
[mpack_w4.pointer_dereference.35] line 549 dereference failure: pointer outside object bounds in *b: SUCCESS
[mpack_w4.pointer_dereference.36] line 549 dereference failure: invalid integer address in *b: SUCCESS
[mpack_w4.pointer_dereference.37] line 549 dereference failure: pointer NULL in *tmp_post$1: SUCCESS
[mpack_w4.pointer_dereference.38] line 549 dereference failure: pointer invalid in *tmp_post$1: SUCCESS
[mpack_w4.pointer_dereference.39] line 549 dereference failure: deallocated dynamic object in *tmp_post$1: SUCCESS
[mpack_w4.pointer_dereference.40] line 549 dereference failure: dead object in *tmp_post$1: SUCCESS
[mpack_w4.pointer_dereference.41] line 549 dereference failure: pointer outside object bounds in *tmp_post$1: SUCCESS
[mpack_w4.pointer_dereference.42] line 549 dereference failure: invalid integer address in *tmp_post$1: SUCCESS
[mpack_w4.pointer_dereference.43] line 550 dereference failure: pointer NULL in *b: SUCCESS
[mpack_w4.pointer_dereference.44] line 550 dereference failure: pointer invalid in *b: SUCCESS
[mpack_w4.pointer_dereference.45] line 550 dereference failure: deallocated dynamic object in *b: SUCCESS
[mpack_w4.pointer_dereference.46] line 550 dereference failure: dead object in *b: SUCCESS
[mpack_w4.pointer_dereference.47] line 550 dereference failure: pointer outside object bounds in *b: SUCCESS
[mpack_w4.pointer_dereference.48] line 550 dereference failure: invalid integer address in *b: SUCCESS
[mpack_w4.pointer_dereference.49] line 550 dereference failure: pointer NULL in *tmp_post$2: SUCCESS
[mpack_w4.pointer_dereference.50] line 550 dereference failure: pointer invalid in *tmp_post$2: SUCCESS
[mpack_w4.pointer_dereference.51] line 550 dereference failure: deallocated dynamic object in *tmp_post$2: SUCCESS
[mpack_w4.pointer_dereference.52] line 550 dereference failure: dead object in *tmp_post$2: SUCCESS
[mpack_w4.pointer_dereference.53] line 550 dereference failure: pointer outside object bounds in *tmp_post$2: SUCCESS
[mpack_w4.pointer_dereference.54] line 550 dereference failure: invalid integer address in *tmp_post$2: SUCCESS

neovim/src/mpack/mpack_core.c function mpack_wext
[mpack_wext.assertion.1] line 478 assertion type >= 0 && type < 0x80: SUCCESS

neovim/src/mpack/mpack_core.c function mpack_wfloat
[mpack_wfloat.pointer_dereference.1] line 432 dereference failure: pointer NULL in tok->length: SUCCESS
[mpack_wfloat.pointer_dereference.2] line 432 dereference failure: pointer invalid in tok->length: SUCCESS
[mpack_wfloat.pointer_dereference.3] line 432 dereference failure: deallocated dynamic object in tok->length: SUCCESS
[mpack_wfloat.pointer_dereference.4] line 432 dereference failure: dead object in tok->length: SUCCESS
[mpack_wfloat.pointer_dereference.5] line 432 dereference failure: pointer outside object bounds in tok->length: SUCCESS
[mpack_wfloat.pointer_dereference.6] line 432 dereference failure: invalid integer address in tok->length: SUCCESS
[mpack_wfloat.pointer_dereference.7] line 434 dereference failure: pointer NULL in tok->data: SUCCESS
[mpack_wfloat.pointer_dereference.8] line 434 dereference failure: pointer invalid in tok->data: SUCCESS
[mpack_wfloat.pointer_dereference.9] line 434 dereference failure: deallocated dynamic object in tok->data: SUCCESS
[mpack_wfloat.pointer_dereference.10] line 434 dereference failure: dead object in tok->data: SUCCESS
[mpack_wfloat.pointer_dereference.11] line 434 dereference failure: pointer outside object bounds in tok->data: SUCCESS
[mpack_wfloat.pointer_dereference.12] line 434 dereference failure: invalid integer address in tok->data: SUCCESS
[mpack_wfloat.pointer_dereference.13] line 435 dereference failure: pointer NULL in tok->length: SUCCESS
[mpack_wfloat.pointer_dereference.14] line 435 dereference failure: pointer invalid in tok->length: SUCCESS
[mpack_wfloat.pointer_dereference.15] line 435 dereference failure: deallocated dynamic object in tok->length: SUCCESS
[mpack_wfloat.pointer_dereference.16] line 435 dereference failure: dead object in tok->length: SUCCESS
[mpack_wfloat.pointer_dereference.17] line 435 dereference failure: pointer outside object bounds in tok->length: SUCCESS
[mpack_wfloat.pointer_dereference.18] line 435 dereference failure: invalid integer address in tok->length: SUCCESS
[mpack_wfloat.pointer_dereference.19] line 437 dereference failure: pointer NULL in tok->data: SUCCESS
[mpack_wfloat.pointer_dereference.20] line 437 dereference failure: pointer invalid in tok->data: SUCCESS
[mpack_wfloat.pointer_dereference.21] line 437 dereference failure: deallocated dynamic object in tok->data: SUCCESS
[mpack_wfloat.pointer_dereference.22] line 437 dereference failure: dead object in tok->data: SUCCESS
[mpack_wfloat.pointer_dereference.23] line 437 dereference failure: pointer outside object bounds in tok->data: SUCCESS
[mpack_wfloat.pointer_dereference.24] line 437 dereference failure: invalid integer address in tok->data: SUCCESS
[mpack_wfloat.pointer_dereference.25] line 438 dereference failure: pointer NULL in tok->data: SUCCESS
[mpack_wfloat.pointer_dereference.26] line 438 dereference failure: pointer invalid in tok->data: SUCCESS
[mpack_wfloat.pointer_dereference.27] line 438 dereference failure: deallocated dynamic object in tok->data: SUCCESS
[mpack_wfloat.pointer_dereference.28] line 438 dereference failure: dead object in tok->data: SUCCESS
[mpack_wfloat.pointer_dereference.29] line 438 dereference failure: pointer outside object bounds in tok->data: SUCCESS
[mpack_wfloat.pointer_dereference.30] line 438 dereference failure: invalid integer address in tok->data: SUCCESS

neovim/src/mpack/mpack_core.c function mpack_wnint
[mpack_wnint.overflow.1] line 425 arithmetic overflow on unsigned + in (unsigned int)0x100 + lo: SUCCESS

neovim/src/mpack/mpack_core.c function mpack_wpending
[mpack_wpending.assertion.1] line 361 assertion state->ppos < state->plen: SUCCESS
[mpack_wpending.pointer_dereference.1] line 361 dereference failure: pointer NULL in state->ppos: SUCCESS
[mpack_wpending.pointer_dereference.2] line 361 dereference failure: pointer invalid in state->ppos: SUCCESS
[mpack_wpending.pointer_dereference.3] line 361 dereference failure: deallocated dynamic object in state->ppos: SUCCESS
[mpack_wpending.pointer_dereference.4] line 361 dereference failure: dead object in state->ppos: SUCCESS
[mpack_wpending.pointer_dereference.5] line 361 dereference failure: pointer outside object bounds in state->ppos: SUCCESS
[mpack_wpending.pointer_dereference.6] line 361 dereference failure: invalid integer address in state->ppos: SUCCESS
[mpack_wpending.pointer_dereference.7] line 361 dereference failure: pointer NULL in state->plen: SUCCESS
[mpack_wpending.pointer_dereference.8] line 361 dereference failure: pointer invalid in state->plen: SUCCESS
[mpack_wpending.pointer_dereference.9] line 361 dereference failure: deallocated dynamic object in state->plen: SUCCESS
[mpack_wpending.pointer_dereference.10] line 361 dereference failure: dead object in state->plen: SUCCESS
[mpack_wpending.pointer_dereference.11] line 361 dereference failure: pointer outside object bounds in state->plen: SUCCESS
[mpack_wpending.pointer_dereference.12] line 361 dereference failure: invalid integer address in state->plen: SUCCESS
[mpack_wpending.overflow.1] line 362 arithmetic overflow on unsigned - in state->plen - state->ppos: SUCCESS
[mpack_wpending.overflow.2] line 362 arithmetic overflow on unsigned - in state->plen - state->ppos: SUCCESS
[mpack_wpending.pointer_dereference.13] line 362 dereference failure: pointer NULL in *buflen: SUCCESS
[mpack_wpending.pointer_dereference.14] line 362 dereference failure: pointer invalid in *buflen: SUCCESS
[mpack_wpending.pointer_dereference.15] line 362 dereference failure: deallocated dynamic object in *buflen: SUCCESS
[mpack_wpending.pointer_dereference.16] line 362 dereference failure: dead object in *buflen: SUCCESS
[mpack_wpending.pointer_dereference.17] line 362 dereference failure: pointer outside object bounds in *buflen: SUCCESS
[mpack_wpending.pointer_dereference.18] line 362 dereference failure: invalid integer address in *buflen: SUCCESS
[mpack_wpending.pointer_dereference.19] line 362 dereference failure: pointer NULL in state->plen: SUCCESS
[mpack_wpending.pointer_dereference.20] line 362 dereference failure: pointer invalid in state->plen: SUCCESS
[mpack_wpending.pointer_dereference.21] line 362 dereference failure: deallocated dynamic object in state->plen: SUCCESS
[mpack_wpending.pointer_dereference.22] line 362 dereference failure: dead object in state->plen: SUCCESS
[mpack_wpending.pointer_dereference.23] line 362 dereference failure: pointer outside object bounds in state->plen: SUCCESS
[mpack_wpending.pointer_dereference.24] line 362 dereference failure: invalid integer address in state->plen: SUCCESS
[mpack_wpending.pointer_dereference.25] line 362 dereference failure: pointer NULL in state->ppos: SUCCESS
[mpack_wpending.pointer_dereference.26] line 362 dereference failure: pointer invalid in state->ppos: SUCCESS
[mpack_wpending.pointer_dereference.27] line 362 dereference failure: deallocated dynamic object in state->ppos: SUCCESS
[mpack_wpending.pointer_dereference.28] line 362 dereference failure: dead object in state->ppos: SUCCESS
[mpack_wpending.pointer_dereference.29] line 362 dereference failure: pointer outside object bounds in state->ppos: SUCCESS
[mpack_wpending.pointer_dereference.30] line 362 dereference failure: invalid integer address in state->ppos: SUCCESS
[mpack_wpending.pointer_dereference.31] line 362 dereference failure: pointer NULL in *buflen: SUCCESS
[mpack_wpending.pointer_dereference.32] line 362 dereference failure: pointer invalid in *buflen: SUCCESS
[mpack_wpending.pointer_dereference.33] line 362 dereference failure: deallocated dynamic object in *buflen: SUCCESS
[mpack_wpending.pointer_dereference.34] line 362 dereference failure: dead object in *buflen: SUCCESS
[mpack_wpending.pointer_dereference.35] line 362 dereference failure: pointer outside object bounds in *buflen: SUCCESS
[mpack_wpending.pointer_dereference.36] line 362 dereference failure: invalid integer address in *buflen: SUCCESS
[mpack_wpending.pointer_dereference.37] line 363 dereference failure: pointer NULL in *buf: SUCCESS
[mpack_wpending.pointer_dereference.38] line 363 dereference failure: pointer invalid in *buf: SUCCESS
[mpack_wpending.pointer_dereference.39] line 363 dereference failure: deallocated dynamic object in *buf: SUCCESS
[mpack_wpending.pointer_dereference.40] line 363 dereference failure: dead object in *buf: SUCCESS
[mpack_wpending.pointer_dereference.41] line 363 dereference failure: pointer outside object bounds in *buf: SUCCESS
[mpack_wpending.pointer_dereference.42] line 363 dereference failure: invalid integer address in *buf: SUCCESS
[mpack_wpending.overflow.3] line 364 arithmetic overflow on unsigned + in state->ppos + count: SUCCESS
[mpack_wpending.pointer_dereference.43] line 364 dereference failure: pointer NULL in state->ppos: SUCCESS
[mpack_wpending.pointer_dereference.44] line 364 dereference failure: pointer invalid in state->ppos: SUCCESS
[mpack_wpending.pointer_dereference.45] line 364 dereference failure: deallocated dynamic object in state->ppos: SUCCESS
[mpack_wpending.pointer_dereference.46] line 364 dereference failure: dead object in state->ppos: SUCCESS
[mpack_wpending.pointer_dereference.47] line 364 dereference failure: pointer outside object bounds in state->ppos: SUCCESS
[mpack_wpending.pointer_dereference.48] line 364 dereference failure: invalid integer address in state->ppos: SUCCESS
[mpack_wpending.pointer_dereference.49] line 365 dereference failure: pointer NULL in *buf: SUCCESS
[mpack_wpending.pointer_dereference.50] line 365 dereference failure: pointer invalid in *buf: SUCCESS
[mpack_wpending.pointer_dereference.51] line 365 dereference failure: deallocated dynamic object in *buf: SUCCESS
[mpack_wpending.pointer_dereference.52] line 365 dereference failure: dead object in *buf: SUCCESS
[mpack_wpending.pointer_dereference.53] line 365 dereference failure: pointer outside object bounds in *buf: SUCCESS
[mpack_wpending.pointer_dereference.54] line 365 dereference failure: invalid integer address in *buf: SUCCESS
[mpack_wpending.overflow.4] line 366 arithmetic overflow on unsigned - in *buflen - count: SUCCESS
[mpack_wpending.pointer_dereference.55] line 366 dereference failure: pointer NULL in *buflen: SUCCESS
[mpack_wpending.pointer_dereference.56] line 366 dereference failure: pointer invalid in *buflen: SUCCESS
[mpack_wpending.pointer_dereference.57] line 366 dereference failure: deallocated dynamic object in *buflen: SUCCESS
[mpack_wpending.pointer_dereference.58] line 366 dereference failure: dead object in *buflen: SUCCESS
[mpack_wpending.pointer_dereference.59] line 366 dereference failure: pointer outside object bounds in *buflen: SUCCESS
[mpack_wpending.pointer_dereference.60] line 366 dereference failure: invalid integer address in *buflen: SUCCESS
[mpack_wpending.pointer_dereference.61] line 367 dereference failure: pointer NULL in state->ppos: SUCCESS
[mpack_wpending.pointer_dereference.62] line 367 dereference failure: pointer invalid in state->ppos: SUCCESS
[mpack_wpending.pointer_dereference.63] line 367 dereference failure: deallocated dynamic object in state->ppos: SUCCESS
[mpack_wpending.pointer_dereference.64] line 367 dereference failure: dead object in state->ppos: SUCCESS
[mpack_wpending.pointer_dereference.65] line 367 dereference failure: pointer outside object bounds in state->ppos: SUCCESS
[mpack_wpending.pointer_dereference.66] line 367 dereference failure: invalid integer address in state->ppos: SUCCESS
[mpack_wpending.pointer_dereference.67] line 367 dereference failure: pointer NULL in state->plen: SUCCESS
[mpack_wpending.pointer_dereference.68] line 367 dereference failure: pointer invalid in state->plen: SUCCESS
[mpack_wpending.pointer_dereference.69] line 367 dereference failure: deallocated dynamic object in state->plen: SUCCESS
[mpack_wpending.pointer_dereference.70] line 367 dereference failure: dead object in state->plen: SUCCESS
[mpack_wpending.pointer_dereference.71] line 367 dereference failure: pointer outside object bounds in state->plen: SUCCESS
[mpack_wpending.pointer_dereference.72] line 367 dereference failure: invalid integer address in state->plen: SUCCESS

neovim/src/mpack/mpack_core.c function mpack_write
[mpack_write.pointer_dereference.1] line 116 dereference failure: pointer NULL in tokbuf->plen: SUCCESS
[mpack_write.pointer_dereference.2] line 116 dereference failure: pointer invalid in tokbuf->plen: SUCCESS
[mpack_write.pointer_dereference.3] line 116 dereference failure: deallocated dynamic object in tokbuf->plen: SUCCESS
[mpack_write.pointer_dereference.4] line 116 dereference failure: dead object in tokbuf->plen: SUCCESS
[mpack_write.pointer_dereference.5] line 116 dereference failure: pointer outside object bounds in tokbuf->plen: SUCCESS
[mpack_write.pointer_dereference.6] line 116 dereference failure: invalid integer address in tokbuf->plen: SUCCESS
[mpack_write.pointer_dereference.7] line 116 dereference failure: pointer NULL in tokbuf->pending_tok: SUCCESS
[mpack_write.pointer_dereference.8] line 116 dereference failure: pointer invalid in tokbuf->pending_tok: SUCCESS
[mpack_write.pointer_dereference.9] line 116 dereference failure: deallocated dynamic object in tokbuf->pending_tok: SUCCESS
[mpack_write.pointer_dereference.10] line 116 dereference failure: dead object in tokbuf->pending_tok: SUCCESS
[mpack_write.pointer_dereference.11] line 116 dereference failure: pointer outside object bounds in tokbuf->pending_tok: SUCCESS
[mpack_write.pointer_dereference.12] line 116 dereference failure: invalid integer address in tokbuf->pending_tok: SUCCESS
[mpack_write.pointer_dereference.13] line 116 dereference failure: pointer NULL in *t: SUCCESS
[mpack_write.pointer_dereference.14] line 116 dereference failure: pointer invalid in *t: SUCCESS
[mpack_write.pointer_dereference.15] line 116 dereference failure: deallocated dynamic object in *t: SUCCESS
[mpack_write.pointer_dereference.16] line 116 dereference failure: dead object in *t: SUCCESS
[mpack_write.pointer_dereference.17] line 116 dereference failure: pointer outside object bounds in *t: SUCCESS
[mpack_write.pointer_dereference.18] line 116 dereference failure: invalid integer address in *t: SUCCESS
[mpack_write.assertion.1] line 117 assertion *buf && *buflen: SUCCESS
[mpack_write.pointer_dereference.19] line 117 dereference failure: pointer NULL in *buf: SUCCESS
[mpack_write.pointer_dereference.20] line 117 dereference failure: pointer invalid in *buf: SUCCESS
[mpack_write.pointer_dereference.21] line 117 dereference failure: deallocated dynamic object in *buf: SUCCESS
[mpack_write.pointer_dereference.22] line 117 dereference failure: dead object in *buf: SUCCESS
[mpack_write.pointer_dereference.23] line 117 dereference failure: pointer outside object bounds in *buf: SUCCESS
[mpack_write.pointer_dereference.24] line 117 dereference failure: invalid integer address in *buf: SUCCESS
[mpack_write.pointer_dereference.25] line 117 dereference failure: pointer NULL in *buflen: SUCCESS
[mpack_write.pointer_dereference.26] line 117 dereference failure: pointer invalid in *buflen: SUCCESS
[mpack_write.pointer_dereference.27] line 117 dereference failure: deallocated dynamic object in *buflen: SUCCESS
[mpack_write.pointer_dereference.28] line 117 dereference failure: dead object in *buflen: SUCCESS
[mpack_write.pointer_dereference.29] line 117 dereference failure: pointer outside object bounds in *buflen: SUCCESS
[mpack_write.pointer_dereference.30] line 117 dereference failure: invalid integer address in *buflen: SUCCESS
[mpack_write.pointer_dereference.31] line 121 dereference failure: pointer NULL in tokbuf->ppos: SUCCESS
[mpack_write.pointer_dereference.32] line 121 dereference failure: pointer invalid in tokbuf->ppos: SUCCESS
[mpack_write.pointer_dereference.33] line 121 dereference failure: deallocated dynamic object in tokbuf->ppos: SUCCESS
[mpack_write.pointer_dereference.34] line 121 dereference failure: dead object in tokbuf->ppos: SUCCESS
[mpack_write.pointer_dereference.35] line 121 dereference failure: pointer outside object bounds in tokbuf->ppos: SUCCESS
[mpack_write.pointer_dereference.36] line 121 dereference failure: invalid integer address in tokbuf->ppos: SUCCESS
[mpack_write.pointer_dereference.37] line 122 dereference failure: pointer NULL in tokbuf->ppos: SUCCESS
[mpack_write.pointer_dereference.38] line 122 dereference failure: pointer invalid in tokbuf->ppos: SUCCESS
[mpack_write.pointer_dereference.39] line 122 dereference failure: deallocated dynamic object in tokbuf->ppos: SUCCESS
[mpack_write.pointer_dereference.40] line 122 dereference failure: dead object in tokbuf->ppos: SUCCESS
[mpack_write.pointer_dereference.41] line 122 dereference failure: pointer outside object bounds in tokbuf->ppos: SUCCESS
[mpack_write.pointer_dereference.42] line 122 dereference failure: invalid integer address in tokbuf->ppos: SUCCESS
[mpack_write.overflow.1] line 123 arithmetic overflow on unsigned - in (unsigned long int)tok.length - written: SUCCESS
[mpack_write.pointer_dereference.43] line 124 dereference failure: pointer NULL in *buflen: SUCCESS
[mpack_write.pointer_dereference.44] line 124 dereference failure: pointer invalid in *buflen: SUCCESS
[mpack_write.pointer_dereference.45] line 124 dereference failure: deallocated dynamic object in *buflen: SUCCESS
[mpack_write.pointer_dereference.46] line 124 dereference failure: dead object in *buflen: SUCCESS
[mpack_write.pointer_dereference.47] line 124 dereference failure: pointer outside object bounds in *buflen: SUCCESS
[mpack_write.pointer_dereference.48] line 124 dereference failure: invalid integer address in *buflen: SUCCESS
[mpack_write.pointer_dereference.49] line 124 dereference failure: pointer NULL in *buflen: SUCCESS
[mpack_write.pointer_dereference.50] line 124 dereference failure: pointer invalid in *buflen: SUCCESS
[mpack_write.pointer_dereference.51] line 124 dereference failure: deallocated dynamic object in *buflen: SUCCESS
[mpack_write.pointer_dereference.52] line 124 dereference failure: dead object in *buflen: SUCCESS
[mpack_write.pointer_dereference.53] line 124 dereference failure: pointer outside object bounds in *buflen: SUCCESS
[mpack_write.pointer_dereference.54] line 124 dereference failure: invalid integer address in *buflen: SUCCESS
[mpack_write.pointer_dereference.55] line 125 dereference failure: pointer NULL in *buf: SUCCESS
[mpack_write.pointer_dereference.56] line 125 dereference failure: pointer invalid in *buf: SUCCESS
[mpack_write.pointer_dereference.57] line 125 dereference failure: deallocated dynamic object in *buf: SUCCESS
[mpack_write.pointer_dereference.58] line 125 dereference failure: dead object in *buf: SUCCESS
[mpack_write.pointer_dereference.59] line 125 dereference failure: pointer outside object bounds in *buf: SUCCESS
[mpack_write.pointer_dereference.60] line 125 dereference failure: invalid integer address in *buf: SUCCESS
[mpack_write.pointer_dereference.61] line 126 dereference failure: pointer NULL in *buf: SUCCESS
[mpack_write.pointer_dereference.62] line 126 dereference failure: pointer invalid in *buf: SUCCESS
[mpack_write.pointer_dereference.63] line 126 dereference failure: deallocated dynamic object in *buf: SUCCESS
[mpack_write.pointer_dereference.64] line 126 dereference failure: dead object in *buf: SUCCESS
[mpack_write.pointer_dereference.65] line 126 dereference failure: pointer outside object bounds in *buf: SUCCESS
[mpack_write.pointer_dereference.66] line 126 dereference failure: invalid integer address in *buf: SUCCESS
[mpack_write.overflow.2] line 127 arithmetic overflow on unsigned - in *buflen - count: SUCCESS
[mpack_write.pointer_dereference.67] line 127 dereference failure: pointer NULL in *buflen: SUCCESS
[mpack_write.pointer_dereference.68] line 127 dereference failure: pointer invalid in *buflen: SUCCESS
[mpack_write.pointer_dereference.69] line 127 dereference failure: deallocated dynamic object in *buflen: SUCCESS
[mpack_write.pointer_dereference.70] line 127 dereference failure: dead object in *buflen: SUCCESS
[mpack_write.pointer_dereference.71] line 127 dereference failure: pointer outside object bounds in *buflen: SUCCESS
[mpack_write.pointer_dereference.72] line 127 dereference failure: invalid integer address in *buflen: SUCCESS
[mpack_write.overflow.3] line 128 arithmetic overflow on unsigned + in tokbuf->ppos + count: SUCCESS
[mpack_write.pointer_dereference.73] line 128 dereference failure: pointer NULL in tokbuf->ppos: SUCCESS
[mpack_write.pointer_dereference.74] line 128 dereference failure: pointer invalid in tokbuf->ppos: SUCCESS
[mpack_write.pointer_dereference.75] line 128 dereference failure: deallocated dynamic object in tokbuf->ppos: SUCCESS
[mpack_write.pointer_dereference.76] line 128 dereference failure: dead object in tokbuf->ppos: SUCCESS
[mpack_write.pointer_dereference.77] line 128 dereference failure: pointer outside object bounds in tokbuf->ppos: SUCCESS
[mpack_write.pointer_dereference.78] line 128 dereference failure: invalid integer address in tokbuf->ppos: SUCCESS
[mpack_write.pointer_dereference.79] line 129 dereference failure: pointer NULL in tokbuf->plen: SUCCESS
[mpack_write.pointer_dereference.80] line 129 dereference failure: pointer invalid in tokbuf->plen: SUCCESS
[mpack_write.pointer_dereference.81] line 129 dereference failure: deallocated dynamic object in tokbuf->plen: SUCCESS
[mpack_write.pointer_dereference.82] line 129 dereference failure: dead object in tokbuf->plen: SUCCESS
[mpack_write.pointer_dereference.83] line 129 dereference failure: pointer outside object bounds in tokbuf->plen: SUCCESS
[mpack_write.pointer_dereference.84] line 129 dereference failure: invalid integer address in tokbuf->plen: SUCCESS
[mpack_write.pointer_dereference.85] line 133 dereference failure: pointer NULL in tokbuf->pending_tok: SUCCESS
[mpack_write.pointer_dereference.86] line 133 dereference failure: pointer invalid in tokbuf->pending_tok: SUCCESS
[mpack_write.pointer_dereference.87] line 133 dereference failure: deallocated dynamic object in tokbuf->pending_tok: SUCCESS
[mpack_write.pointer_dereference.88] line 133 dereference failure: dead object in tokbuf->pending_tok: SUCCESS
[mpack_write.pointer_dereference.89] line 133 dereference failure: pointer outside object bounds in tokbuf->pending_tok: SUCCESS
[mpack_write.pointer_dereference.90] line 133 dereference failure: invalid integer address in tokbuf->pending_tok: SUCCESS
[mpack_write.pointer_dereference.91] line 138 dereference failure: pointer NULL in tokbuf->plen: SUCCESS
[mpack_write.pointer_dereference.92] line 138 dereference failure: pointer invalid in tokbuf->plen: SUCCESS
[mpack_write.pointer_dereference.93] line 138 dereference failure: deallocated dynamic object in tokbuf->plen: SUCCESS
[mpack_write.pointer_dereference.94] line 138 dereference failure: dead object in tokbuf->plen: SUCCESS
[mpack_write.pointer_dereference.95] line 138 dereference failure: pointer outside object bounds in tokbuf->plen: SUCCESS
[mpack_write.pointer_dereference.96] line 138 dereference failure: invalid integer address in tokbuf->plen: SUCCESS
[mpack_write.pointer_dereference.97] line 140 dereference failure: pointer NULL in *buflen: SUCCESS
[mpack_write.pointer_dereference.98] line 140 dereference failure: pointer invalid in *buflen: SUCCESS
[mpack_write.pointer_dereference.99] line 140 dereference failure: deallocated dynamic object in *buflen: SUCCESS
[mpack_write.pointer_dereference.100] line 140 dereference failure: dead object in *buflen: SUCCESS
[mpack_write.pointer_dereference.101] line 140 dereference failure: pointer outside object bounds in *buflen: SUCCESS
[mpack_write.pointer_dereference.102] line 140 dereference failure: invalid integer address in *buflen: SUCCESS
[mpack_write.pointer_dereference.103] line 144 dereference failure: pointer NULL in *buf: SUCCESS
[mpack_write.pointer_dereference.104] line 144 dereference failure: pointer invalid in *buf: SUCCESS
[mpack_write.pointer_dereference.105] line 144 dereference failure: deallocated dynamic object in *buf: SUCCESS
[mpack_write.pointer_dereference.106] line 144 dereference failure: dead object in *buf: SUCCESS
[mpack_write.pointer_dereference.107] line 144 dereference failure: pointer outside object bounds in *buf: SUCCESS
[mpack_write.pointer_dereference.108] line 144 dereference failure: invalid integer address in *buf: SUCCESS
[mpack_write.pointer_dereference.109] line 145 dereference failure: pointer NULL in *buflen: SUCCESS
[mpack_write.pointer_dereference.110] line 145 dereference failure: pointer invalid in *buflen: SUCCESS
[mpack_write.pointer_dereference.111] line 145 dereference failure: deallocated dynamic object in *buflen: SUCCESS
[mpack_write.pointer_dereference.112] line 145 dereference failure: dead object in *buflen: SUCCESS
[mpack_write.pointer_dereference.113] line 145 dereference failure: pointer outside object bounds in *buflen: SUCCESS
[mpack_write.pointer_dereference.114] line 145 dereference failure: invalid integer address in *buflen: SUCCESS
[mpack_write.pointer_dereference.115] line 150 dereference failure: pointer NULL in *buflen: SUCCESS
[mpack_write.pointer_dereference.116] line 150 dereference failure: pointer invalid in *buflen: SUCCESS
[mpack_write.pointer_dereference.117] line 150 dereference failure: deallocated dynamic object in *buflen: SUCCESS
[mpack_write.pointer_dereference.118] line 150 dereference failure: dead object in *buflen: SUCCESS
[mpack_write.pointer_dereference.119] line 150 dereference failure: pointer outside object bounds in *buflen: SUCCESS
[mpack_write.pointer_dereference.120] line 150 dereference failure: invalid integer address in *buflen: SUCCESS
[mpack_write.overflow.4] line 151 arithmetic overflow on unsigned - in sizeof(char [9l]) /*9ul*/  - ptrlen: SUCCESS
[mpack_write.pointer_dereference.121] line 152 dereference failure: pointer NULL in *buflen: SUCCESS
[mpack_write.pointer_dereference.122] line 152 dereference failure: pointer invalid in *buflen: SUCCESS
[mpack_write.pointer_dereference.123] line 152 dereference failure: deallocated dynamic object in *buflen: SUCCESS
[mpack_write.pointer_dereference.124] line 152 dereference failure: dead object in *buflen: SUCCESS
[mpack_write.pointer_dereference.125] line 152 dereference failure: pointer outside object bounds in *buflen: SUCCESS
[mpack_write.pointer_dereference.126] line 152 dereference failure: invalid integer address in *buflen: SUCCESS
[mpack_write.pointer_dereference.127] line 153 dereference failure: pointer NULL in *buf: SUCCESS
[mpack_write.pointer_dereference.128] line 153 dereference failure: pointer invalid in *buf: SUCCESS
[mpack_write.pointer_dereference.129] line 153 dereference failure: deallocated dynamic object in *buf: SUCCESS
[mpack_write.pointer_dereference.130] line 153 dereference failure: dead object in *buf: SUCCESS
[mpack_write.pointer_dereference.131] line 153 dereference failure: pointer outside object bounds in *buf: SUCCESS
[mpack_write.pointer_dereference.132] line 153 dereference failure: invalid integer address in *buf: SUCCESS
[mpack_write.pointer_dereference.133] line 154 dereference failure: pointer NULL in *buf: SUCCESS
[mpack_write.pointer_dereference.134] line 154 dereference failure: pointer invalid in *buf: SUCCESS
[mpack_write.pointer_dereference.135] line 154 dereference failure: deallocated dynamic object in *buf: SUCCESS
[mpack_write.pointer_dereference.136] line 154 dereference failure: dead object in *buf: SUCCESS
[mpack_write.pointer_dereference.137] line 154 dereference failure: pointer outside object bounds in *buf: SUCCESS
[mpack_write.pointer_dereference.138] line 154 dereference failure: invalid integer address in *buf: SUCCESS
[mpack_write.overflow.5] line 155 arithmetic overflow on unsigned - in *buflen - write_cnt: SUCCESS
[mpack_write.pointer_dereference.139] line 155 dereference failure: pointer NULL in *buflen: SUCCESS
[mpack_write.pointer_dereference.140] line 155 dereference failure: pointer invalid in *buflen: SUCCESS
[mpack_write.pointer_dereference.141] line 155 dereference failure: deallocated dynamic object in *buflen: SUCCESS
[mpack_write.pointer_dereference.142] line 155 dereference failure: dead object in *buflen: SUCCESS
[mpack_write.pointer_dereference.143] line 155 dereference failure: pointer outside object bounds in *buflen: SUCCESS
[mpack_write.pointer_dereference.144] line 155 dereference failure: invalid integer address in *buflen: SUCCESS
[mpack_write.assertion.2] line 157 assertion !*buflen: SUCCESS
[mpack_write.pointer_dereference.145] line 157 dereference failure: pointer NULL in *buflen: SUCCESS
[mpack_write.pointer_dereference.146] line 157 dereference failure: pointer invalid in *buflen: SUCCESS
[mpack_write.pointer_dereference.147] line 157 dereference failure: deallocated dynamic object in *buflen: SUCCESS
[mpack_write.pointer_dereference.148] line 157 dereference failure: dead object in *buflen: SUCCESS
[mpack_write.pointer_dereference.149] line 157 dereference failure: pointer outside object bounds in *buflen: SUCCESS
[mpack_write.pointer_dereference.150] line 157 dereference failure: invalid integer address in *buflen: SUCCESS
[mpack_write.pointer_dereference.151] line 158 dereference failure: pointer NULL in tokbuf->plen: SUCCESS
[mpack_write.pointer_dereference.152] line 158 dereference failure: pointer invalid in tokbuf->plen: SUCCESS
[mpack_write.pointer_dereference.153] line 158 dereference failure: deallocated dynamic object in tokbuf->plen: SUCCESS
[mpack_write.pointer_dereference.154] line 158 dereference failure: dead object in tokbuf->plen: SUCCESS
[mpack_write.pointer_dereference.155] line 158 dereference failure: pointer outside object bounds in tokbuf->plen: SUCCESS
[mpack_write.pointer_dereference.156] line 158 dereference failure: invalid integer address in tokbuf->plen: SUCCESS
[mpack_write.pointer_dereference.157] line 159 dereference failure: pointer NULL in tokbuf->ppos: SUCCESS
[mpack_write.pointer_dereference.158] line 159 dereference failure: pointer invalid in tokbuf->ppos: SUCCESS
[mpack_write.pointer_dereference.159] line 159 dereference failure: deallocated dynamic object in tokbuf->ppos: SUCCESS
[mpack_write.pointer_dereference.160] line 159 dereference failure: dead object in tokbuf->ppos: SUCCESS
[mpack_write.pointer_dereference.161] line 159 dereference failure: pointer outside object bounds in tokbuf->ppos: SUCCESS
[mpack_write.pointer_dereference.162] line 159 dereference failure: invalid integer address in tokbuf->ppos: SUCCESS
[mpack_write.pointer_dereference.163] line 160 dereference failure: pointer NULL in tokbuf->pending_tok: SUCCESS
[mpack_write.pointer_dereference.164] line 160 dereference failure: pointer invalid in tokbuf->pending_tok: SUCCESS
[mpack_write.pointer_dereference.165] line 160 dereference failure: deallocated dynamic object in tokbuf->pending_tok: SUCCESS
[mpack_write.pointer_dereference.166] line 160 dereference failure: dead object in tokbuf->pending_tok: SUCCESS
[mpack_write.pointer_dereference.167] line 160 dereference failure: pointer outside object bounds in tokbuf->pending_tok: SUCCESS
[mpack_write.pointer_dereference.168] line 160 dereference failure: invalid integer address in tokbuf->pending_tok: SUCCESS
[mpack_write.overflow.6] line 164 arithmetic overflow on signed - in ptr - *buf: SUCCESS
[mpack_write.overflow.7] line 164 arithmetic overflow on unsigned - in *buflen - (size_t)(ptr - *buf): SUCCESS
[mpack_write.pointer.1] line 164 same object violation in ptr - *buf: SUCCESS
[mpack_write.pointer_arithmetic.1] line 164 pointer relation: pointer NULL in ptr: SUCCESS
[mpack_write.pointer_arithmetic.2] line 164 pointer relation: pointer invalid in ptr: SUCCESS
[mpack_write.pointer_arithmetic.3] line 164 pointer relation: deallocated dynamic object in ptr: SUCCESS
[mpack_write.pointer_arithmetic.4] line 164 pointer relation: dead object in ptr: SUCCESS
[mpack_write.pointer_arithmetic.5] line 164 pointer relation: pointer outside object bounds in ptr: SUCCESS
[mpack_write.pointer_arithmetic.6] line 164 pointer relation: invalid integer address in ptr: SUCCESS
[mpack_write.pointer_arithmetic.7] line 164 pointer relation: pointer NULL in *buf: SUCCESS
[mpack_write.pointer_arithmetic.8] line 164 pointer relation: pointer invalid in *buf: SUCCESS
[mpack_write.pointer_arithmetic.9] line 164 pointer relation: deallocated dynamic object in *buf: SUCCESS
[mpack_write.pointer_arithmetic.10] line 164 pointer relation: dead object in *buf: SUCCESS
[mpack_write.pointer_arithmetic.11] line 164 pointer relation: pointer outside object bounds in *buf: SUCCESS
[mpack_write.pointer_arithmetic.12] line 164 pointer relation: invalid integer address in *buf: SUCCESS
[mpack_write.pointer_dereference.169] line 164 dereference failure: pointer NULL in *buflen: SUCCESS
[mpack_write.pointer_dereference.170] line 164 dereference failure: pointer invalid in *buflen: SUCCESS
[mpack_write.pointer_dereference.171] line 164 dereference failure: deallocated dynamic object in *buflen: SUCCESS
[mpack_write.pointer_dereference.172] line 164 dereference failure: dead object in *buflen: SUCCESS
[mpack_write.pointer_dereference.173] line 164 dereference failure: pointer outside object bounds in *buflen: SUCCESS
[mpack_write.pointer_dereference.174] line 164 dereference failure: invalid integer address in *buflen: SUCCESS
[mpack_write.pointer_dereference.175] line 164 dereference failure: pointer NULL in *buf: SUCCESS
[mpack_write.pointer_dereference.176] line 164 dereference failure: pointer invalid in *buf: SUCCESS
[mpack_write.pointer_dereference.177] line 164 dereference failure: deallocated dynamic object in *buf: SUCCESS
[mpack_write.pointer_dereference.178] line 164 dereference failure: dead object in *buf: SUCCESS
[mpack_write.pointer_dereference.179] line 164 dereference failure: pointer outside object bounds in *buf: SUCCESS
[mpack_write.pointer_dereference.180] line 164 dereference failure: invalid integer address in *buf: SUCCESS
[mpack_write.pointer_dereference.181] line 165 dereference failure: pointer NULL in *buf: SUCCESS
[mpack_write.pointer_dereference.182] line 165 dereference failure: pointer invalid in *buf: SUCCESS
[mpack_write.pointer_dereference.183] line 165 dereference failure: deallocated dynamic object in *buf: SUCCESS
[mpack_write.pointer_dereference.184] line 165 dereference failure: dead object in *buf: SUCCESS
[mpack_write.pointer_dereference.185] line 165 dereference failure: pointer outside object bounds in *buf: SUCCESS
[mpack_write.pointer_dereference.186] line 165 dereference failure: invalid integer address in *buf: SUCCESS

neovim/src/mpack/mpack_core.c function mpack_wtoken
[mpack_wtoken.pointer_dereference.1] line 332 dereference failure: pointer NULL in tok->type: SUCCESS
[mpack_wtoken.pointer_dereference.2] line 332 dereference failure: pointer invalid in tok->type: SUCCESS
[mpack_wtoken.pointer_dereference.3] line 332 dereference failure: deallocated dynamic object in tok->type: SUCCESS
[mpack_wtoken.pointer_dereference.4] line 332 dereference failure: dead object in tok->type: SUCCESS
[mpack_wtoken.pointer_dereference.5] line 332 dereference failure: pointer outside object bounds in tok->type: SUCCESS
[mpack_wtoken.pointer_dereference.6] line 332 dereference failure: invalid integer address in tok->type: SUCCESS
[mpack_wtoken.pointer_dereference.7] line 336 dereference failure: pointer NULL in tok->data: SUCCESS
[mpack_wtoken.pointer_dereference.8] line 336 dereference failure: pointer invalid in tok->data: SUCCESS
[mpack_wtoken.pointer_dereference.9] line 336 dereference failure: deallocated dynamic object in tok->data: SUCCESS
[mpack_wtoken.pointer_dereference.10] line 336 dereference failure: dead object in tok->data: SUCCESS
[mpack_wtoken.pointer_dereference.11] line 336 dereference failure: pointer outside object bounds in tok->data: SUCCESS
[mpack_wtoken.pointer_dereference.12] line 336 dereference failure: invalid integer address in tok->data: SUCCESS
[mpack_wtoken.pointer_dereference.13] line 338 dereference failure: pointer NULL in tok->data: SUCCESS
[mpack_wtoken.pointer_dereference.14] line 338 dereference failure: pointer invalid in tok->data: SUCCESS
[mpack_wtoken.pointer_dereference.15] line 338 dereference failure: deallocated dynamic object in tok->data: SUCCESS
[mpack_wtoken.pointer_dereference.16] line 338 dereference failure: dead object in tok->data: SUCCESS
[mpack_wtoken.pointer_dereference.17] line 338 dereference failure: pointer outside object bounds in tok->data: SUCCESS
[mpack_wtoken.pointer_dereference.18] line 338 dereference failure: invalid integer address in tok->data: SUCCESS
[mpack_wtoken.pointer_dereference.19] line 340 dereference failure: pointer NULL in tok->data: SUCCESS
[mpack_wtoken.pointer_dereference.20] line 340 dereference failure: pointer invalid in tok->data: SUCCESS
[mpack_wtoken.pointer_dereference.21] line 340 dereference failure: deallocated dynamic object in tok->data: SUCCESS
[mpack_wtoken.pointer_dereference.22] line 340 dereference failure: dead object in tok->data: SUCCESS
[mpack_wtoken.pointer_dereference.23] line 340 dereference failure: pointer outside object bounds in tok->data: SUCCESS
[mpack_wtoken.pointer_dereference.24] line 340 dereference failure: invalid integer address in tok->data: SUCCESS
[mpack_wtoken.pointer_dereference.25] line 344 dereference failure: pointer NULL in tok->length: SUCCESS
[mpack_wtoken.pointer_dereference.26] line 344 dereference failure: pointer invalid in tok->length: SUCCESS
[mpack_wtoken.pointer_dereference.27] line 344 dereference failure: deallocated dynamic object in tok->length: SUCCESS
[mpack_wtoken.pointer_dereference.28] line 344 dereference failure: dead object in tok->length: SUCCESS
[mpack_wtoken.pointer_dereference.29] line 344 dereference failure: pointer outside object bounds in tok->length: SUCCESS
[mpack_wtoken.pointer_dereference.30] line 344 dereference failure: invalid integer address in tok->length: SUCCESS
[mpack_wtoken.pointer_dereference.31] line 346 dereference failure: pointer NULL in tok->length: SUCCESS
[mpack_wtoken.pointer_dereference.32] line 346 dereference failure: pointer invalid in tok->length: SUCCESS
[mpack_wtoken.pointer_dereference.33] line 346 dereference failure: deallocated dynamic object in tok->length: SUCCESS
[mpack_wtoken.pointer_dereference.34] line 346 dereference failure: dead object in tok->length: SUCCESS
[mpack_wtoken.pointer_dereference.35] line 346 dereference failure: pointer outside object bounds in tok->length: SUCCESS
[mpack_wtoken.pointer_dereference.36] line 346 dereference failure: invalid integer address in tok->length: SUCCESS
[mpack_wtoken.pointer_dereference.37] line 348 dereference failure: pointer NULL in tok->data: SUCCESS
[mpack_wtoken.pointer_dereference.38] line 348 dereference failure: pointer invalid in tok->data: SUCCESS
[mpack_wtoken.pointer_dereference.39] line 348 dereference failure: deallocated dynamic object in tok->data: SUCCESS
[mpack_wtoken.pointer_dereference.40] line 348 dereference failure: dead object in tok->data: SUCCESS
[mpack_wtoken.pointer_dereference.41] line 348 dereference failure: pointer outside object bounds in tok->data: SUCCESS
[mpack_wtoken.pointer_dereference.42] line 348 dereference failure: invalid integer address in tok->data: SUCCESS
[mpack_wtoken.pointer_dereference.43] line 348 dereference failure: pointer NULL in tok->length: SUCCESS
[mpack_wtoken.pointer_dereference.44] line 348 dereference failure: pointer invalid in tok->length: SUCCESS
[mpack_wtoken.pointer_dereference.45] line 348 dereference failure: deallocated dynamic object in tok->length: SUCCESS
[mpack_wtoken.pointer_dereference.46] line 348 dereference failure: dead object in tok->length: SUCCESS
[mpack_wtoken.pointer_dereference.47] line 348 dereference failure: pointer outside object bounds in tok->length: SUCCESS
[mpack_wtoken.pointer_dereference.48] line 348 dereference failure: invalid integer address in tok->length: SUCCESS
[mpack_wtoken.pointer_dereference.49] line 350 dereference failure: pointer NULL in tok->length: SUCCESS
[mpack_wtoken.pointer_dereference.50] line 350 dereference failure: pointer invalid in tok->length: SUCCESS
[mpack_wtoken.pointer_dereference.51] line 350 dereference failure: deallocated dynamic object in tok->length: SUCCESS
[mpack_wtoken.pointer_dereference.52] line 350 dereference failure: dead object in tok->length: SUCCESS
[mpack_wtoken.pointer_dereference.53] line 350 dereference failure: pointer outside object bounds in tok->length: SUCCESS
[mpack_wtoken.pointer_dereference.54] line 350 dereference failure: invalid integer address in tok->length: SUCCESS
[mpack_wtoken.pointer_dereference.55] line 352 dereference failure: pointer NULL in tok->length: SUCCESS
[mpack_wtoken.pointer_dereference.56] line 352 dereference failure: pointer invalid in tok->length: SUCCESS
[mpack_wtoken.pointer_dereference.57] line 352 dereference failure: deallocated dynamic object in tok->length: SUCCESS
[mpack_wtoken.pointer_dereference.58] line 352 dereference failure: dead object in tok->length: SUCCESS
[mpack_wtoken.pointer_dereference.59] line 352 dereference failure: pointer outside object bounds in tok->length: SUCCESS
[mpack_wtoken.pointer_dereference.60] line 352 dereference failure: invalid integer address in tok->length: SUCCESS

neovim/src/mpack/object.c function mpack_parse
[mpack_parse.pointer_dereference.1] line 70 dereference failure: pointer NULL in parser->status: SUCCESS
[mpack_parse.pointer_dereference.2] line 70 dereference failure: pointer invalid in parser->status: SUCCESS
[mpack_parse.pointer_dereference.3] line 70 dereference failure: deallocated dynamic object in parser->status: SUCCESS
[mpack_parse.pointer_dereference.4] line 70 dereference failure: dead object in parser->status: SUCCESS
[mpack_parse.pointer_dereference.5] line 70 dereference failure: pointer outside object bounds in parser->status: SUCCESS
[mpack_parse.pointer_dereference.6] line 70 dereference failure: invalid integer address in parser->status: SUCCESS
[mpack_parse.pointer_dereference.7] line 72 dereference failure: pointer NULL in *buflen: SUCCESS
[mpack_parse.pointer_dereference.8] line 72 dereference failure: pointer invalid in *buflen: SUCCESS
[mpack_parse.pointer_dereference.9] line 72 dereference failure: deallocated dynamic object in *buflen: SUCCESS
[mpack_parse.pointer_dereference.10] line 72 dereference failure: dead object in *buflen: SUCCESS
[mpack_parse.pointer_dereference.11] line 72 dereference failure: pointer outside object bounds in *buflen: SUCCESS
[mpack_parse.pointer_dereference.12] line 72 dereference failure: invalid integer address in *buflen: SUCCESS
[mpack_parse.pointer_dereference.13] line 75 dereference failure: pointer NULL in *buf: SUCCESS
[mpack_parse.pointer_dereference.14] line 75 dereference failure: pointer invalid in *buf: SUCCESS
[mpack_parse.pointer_dereference.15] line 75 dereference failure: deallocated dynamic object in *buf: SUCCESS
[mpack_parse.pointer_dereference.16] line 75 dereference failure: dead object in *buf: SUCCESS
[mpack_parse.pointer_dereference.17] line 75 dereference failure: pointer outside object bounds in *buf: SUCCESS
[mpack_parse.pointer_dereference.18] line 75 dereference failure: invalid integer address in *buf: SUCCESS
[mpack_parse.pointer_dereference.19] line 76 dereference failure: pointer NULL in *buflen: SUCCESS
[mpack_parse.pointer_dereference.20] line 76 dereference failure: pointer invalid in *buflen: SUCCESS
[mpack_parse.pointer_dereference.21] line 76 dereference failure: deallocated dynamic object in *buflen: SUCCESS
[mpack_parse.pointer_dereference.22] line 76 dereference failure: dead object in *buflen: SUCCESS
[mpack_parse.pointer_dereference.23] line 76 dereference failure: pointer outside object bounds in *buflen: SUCCESS
[mpack_parse.pointer_dereference.24] line 76 dereference failure: invalid integer address in *buflen: SUCCESS
[mpack_parse.pointer_dereference.25] line 83 dereference failure: pointer NULL in parser->status: SUCCESS
[mpack_parse.pointer_dereference.26] line 83 dereference failure: pointer invalid in parser->status: SUCCESS
[mpack_parse.pointer_dereference.27] line 83 dereference failure: deallocated dynamic object in parser->status: SUCCESS
[mpack_parse.pointer_dereference.28] line 83 dereference failure: dead object in parser->status: SUCCESS
[mpack_parse.pointer_dereference.29] line 83 dereference failure: pointer outside object bounds in parser->status: SUCCESS
[mpack_parse.pointer_dereference.30] line 83 dereference failure: invalid integer address in parser->status: SUCCESS
[mpack_parse.pointer_dereference.31] line 84 dereference failure: pointer NULL in parser->exiting: SUCCESS
[mpack_parse.pointer_dereference.32] line 84 dereference failure: pointer invalid in parser->exiting: SUCCESS
[mpack_parse.pointer_dereference.33] line 84 dereference failure: deallocated dynamic object in parser->exiting: SUCCESS
[mpack_parse.pointer_dereference.34] line 84 dereference failure: dead object in parser->exiting: SUCCESS
[mpack_parse.pointer_dereference.35] line 84 dereference failure: pointer outside object bounds in parser->exiting: SUCCESS
[mpack_parse.pointer_dereference.36] line 84 dereference failure: invalid integer address in parser->exiting: SUCCESS
[mpack_parse.pointer_dereference.37] line 90 dereference failure: pointer NULL in *buf: SUCCESS
[mpack_parse.pointer_dereference.38] line 90 dereference failure: pointer invalid in *buf: SUCCESS
[mpack_parse.pointer_dereference.39] line 90 dereference failure: deallocated dynamic object in *buf: SUCCESS
[mpack_parse.pointer_dereference.40] line 90 dereference failure: dead object in *buf: SUCCESS
[mpack_parse.pointer_dereference.41] line 90 dereference failure: pointer outside object bounds in *buf: SUCCESS
[mpack_parse.pointer_dereference.42] line 90 dereference failure: invalid integer address in *buf: SUCCESS
[mpack_parse.pointer_dereference.43] line 91 dereference failure: pointer NULL in *buflen: SUCCESS
[mpack_parse.pointer_dereference.44] line 91 dereference failure: pointer invalid in *buflen: SUCCESS
[mpack_parse.pointer_dereference.45] line 91 dereference failure: deallocated dynamic object in *buflen: SUCCESS
[mpack_parse.pointer_dereference.46] line 91 dereference failure: dead object in *buflen: SUCCESS
[mpack_parse.pointer_dereference.47] line 91 dereference failure: pointer outside object bounds in *buflen: SUCCESS
[mpack_parse.pointer_dereference.48] line 91 dereference failure: invalid integer address in *buflen: SUCCESS

neovim/src/mpack/object.c function mpack_parse_tok
[mpack_parse_tok.pointer_dereference.1] line 55 dereference failure: pointer NULL in parser->status: SUCCESS
[mpack_parse_tok.pointer_dereference.2] line 55 dereference failure: pointer invalid in parser->status: SUCCESS
[mpack_parse_tok.pointer_dereference.3] line 55 dereference failure: deallocated dynamic object in parser->status: SUCCESS
[mpack_parse_tok.pointer_dereference.4] line 55 dereference failure: dead object in parser->status: SUCCESS
[mpack_parse_tok.pointer_dereference.5] line 55 dereference failure: pointer outside object bounds in parser->status: SUCCESS
[mpack_parse_tok.pointer_dereference.6] line 55 dereference failure: invalid integer address in parser->status: SUCCESS
[mpack_parse_tok.pointer_dereference.7] line 56 dereference failure: pointer NULL in parser->exiting: SUCCESS
[mpack_parse_tok.pointer_dereference.8] line 56 dereference failure: pointer invalid in parser->exiting: SUCCESS
[mpack_parse_tok.pointer_dereference.9] line 56 dereference failure: deallocated dynamic object in parser->exiting: SUCCESS
[mpack_parse_tok.pointer_dereference.10] line 56 dereference failure: dead object in parser->exiting: SUCCESS
[mpack_parse_tok.pointer_dereference.11] line 56 dereference failure: pointer outside object bounds in parser->exiting: SUCCESS
[mpack_parse_tok.pointer_dereference.12] line 56 dereference failure: invalid integer address in parser->exiting: SUCCESS
[mpack_parse_tok.pointer_dereference.13] line 56 dereference failure: pointer NULL in n->tok: SUCCESS
[mpack_parse_tok.pointer_dereference.14] line 56 dereference failure: pointer invalid in n->tok: SUCCESS
[mpack_parse_tok.pointer_dereference.15] line 56 dereference failure: deallocated dynamic object in n->tok: SUCCESS
[mpack_parse_tok.pointer_dereference.16] line 56 dereference failure: dead object in n->tok: SUCCESS
[mpack_parse_tok.pointer_dereference.17] line 56 dereference failure: pointer outside object bounds in n->tok: SUCCESS
[mpack_parse_tok.pointer_dereference.18] line 56 dereference failure: invalid integer address in n->tok: SUCCESS
[mpack_parse_tok.pointer_dereference.19] line 56 dereference failure: pointer NULL in enter_cb: SUCCESS
[mpack_parse_tok.pointer_dereference.20] line 56 dereference failure: pointer invalid in enter_cb: SUCCESS
[mpack_parse_tok.pointer_dereference.21] line 56 dereference failure: deallocated dynamic object in enter_cb: SUCCESS
[mpack_parse_tok.pointer_dereference.22] line 56 dereference failure: dead object in enter_cb: SUCCESS
[mpack_parse_tok.pointer_dereference.23] line 56 dereference failure: pointer outside object bounds in enter_cb: SUCCESS
[mpack_parse_tok.pointer_dereference.24] line 56 dereference failure: invalid integer address in enter_cb: SUCCESS
[mpack_parse_tok.pointer_dereference.25] line 56 dereferenced function pointer must be one of [api_parse_enter, api_parse_exit, parse_nop]: SUCCESS
[mpack_parse_tok.pointer_dereference.26] line 56 dereference failure: pointer NULL in parser->status: SUCCESS
[mpack_parse_tok.pointer_dereference.27] line 56 dereference failure: pointer invalid in parser->status: SUCCESS
[mpack_parse_tok.pointer_dereference.28] line 56 dereference failure: deallocated dynamic object in parser->status: SUCCESS
[mpack_parse_tok.pointer_dereference.29] line 56 dereference failure: dead object in parser->status: SUCCESS
[mpack_parse_tok.pointer_dereference.30] line 56 dereference failure: pointer outside object bounds in parser->status: SUCCESS
[mpack_parse_tok.pointer_dereference.31] line 56 dereference failure: invalid integer address in parser->status: SUCCESS
[mpack_parse_tok.pointer_dereference.32] line 56 dereference failure: pointer NULL in parser->exiting: SUCCESS
[mpack_parse_tok.pointer_dereference.33] line 56 dereference failure: pointer invalid in parser->exiting: SUCCESS
[mpack_parse_tok.pointer_dereference.34] line 56 dereference failure: deallocated dynamic object in parser->exiting: SUCCESS
[mpack_parse_tok.pointer_dereference.35] line 56 dereference failure: dead object in parser->exiting: SUCCESS
[mpack_parse_tok.pointer_dereference.36] line 56 dereference failure: pointer outside object bounds in parser->exiting: SUCCESS
[mpack_parse_tok.pointer_dereference.37] line 56 dereference failure: invalid integer address in parser->exiting: SUCCESS
[mpack_parse_tok.pointer_dereference.38] line 56 dereference failure: pointer NULL in parser->exiting: SUCCESS
[mpack_parse_tok.pointer_dereference.39] line 56 dereference failure: pointer invalid in parser->exiting: SUCCESS
[mpack_parse_tok.pointer_dereference.40] line 56 dereference failure: deallocated dynamic object in parser->exiting: SUCCESS
[mpack_parse_tok.pointer_dereference.41] line 56 dereference failure: dead object in parser->exiting: SUCCESS
[mpack_parse_tok.pointer_dereference.42] line 56 dereference failure: pointer outside object bounds in parser->exiting: SUCCESS
[mpack_parse_tok.pointer_dereference.43] line 56 dereference failure: invalid integer address in parser->exiting: SUCCESS
[mpack_parse_tok.pointer_dereference.44] line 56 dereference failure: pointer NULL in exit_cb: SUCCESS
[mpack_parse_tok.pointer_dereference.45] line 56 dereference failure: pointer invalid in exit_cb: SUCCESS
[mpack_parse_tok.pointer_dereference.46] line 56 dereference failure: deallocated dynamic object in exit_cb: SUCCESS
[mpack_parse_tok.pointer_dereference.47] line 56 dereference failure: dead object in exit_cb: SUCCESS
[mpack_parse_tok.pointer_dereference.48] line 56 dereference failure: pointer outside object bounds in exit_cb: SUCCESS
[mpack_parse_tok.pointer_dereference.49] line 56 dereference failure: invalid integer address in exit_cb: SUCCESS
[mpack_parse_tok.pointer_dereference.50] line 56 dereferenced function pointer must be one of [api_parse_enter, api_parse_exit, parse_nop]: SUCCESS
[mpack_parse_tok.pointer_dereference.51] line 56 dereference failure: pointer NULL in parser->status: SUCCESS
[mpack_parse_tok.pointer_dereference.52] line 56 dereference failure: pointer invalid in parser->status: SUCCESS
[mpack_parse_tok.pointer_dereference.53] line 56 dereference failure: deallocated dynamic object in parser->status: SUCCESS
[mpack_parse_tok.pointer_dereference.54] line 56 dereference failure: dead object in parser->status: SUCCESS
[mpack_parse_tok.pointer_dereference.55] line 56 dereference failure: pointer outside object bounds in parser->status: SUCCESS
[mpack_parse_tok.pointer_dereference.56] line 56 dereference failure: invalid integer address in parser->status: SUCCESS
[mpack_parse_tok.pointer_dereference.57] line 56 dereference failure: pointer NULL in parser->size: SUCCESS
[mpack_parse_tok.pointer_dereference.58] line 56 dereference failure: pointer invalid in parser->size: SUCCESS
[mpack_parse_tok.pointer_dereference.59] line 56 dereference failure: deallocated dynamic object in parser->size: SUCCESS
[mpack_parse_tok.pointer_dereference.60] line 56 dereference failure: dead object in parser->size: SUCCESS
[mpack_parse_tok.pointer_dereference.61] line 56 dereference failure: pointer outside object bounds in parser->size: SUCCESS
[mpack_parse_tok.pointer_dereference.62] line 56 dereference failure: invalid integer address in parser->size: SUCCESS

neovim/src/mpack/object.c function mpack_parser_copy
[mpack_parser_copy.pointer_dereference.1] line 134 dereference failure: pointer NULL in dst->capacity: SUCCESS
[mpack_parser_copy.pointer_dereference.2] line 134 dereference failure: pointer invalid in dst->capacity: SUCCESS
[mpack_parser_copy.pointer_dereference.3] line 134 dereference failure: deallocated dynamic object in dst->capacity: SUCCESS
[mpack_parser_copy.pointer_dereference.4] line 134 dereference failure: dead object in dst->capacity: SUCCESS
[mpack_parser_copy.pointer_dereference.5] line 134 dereference failure: pointer outside object bounds in dst->capacity: SUCCESS
[mpack_parser_copy.pointer_dereference.6] line 134 dereference failure: invalid integer address in dst->capacity: SUCCESS
[mpack_parser_copy.assertion.1] line 135 assertion src->capacity <= dst_capacity: SUCCESS
[mpack_parser_copy.pointer_dereference.7] line 135 dereference failure: pointer NULL in src->capacity: SUCCESS
[mpack_parser_copy.pointer_dereference.8] line 135 dereference failure: pointer invalid in src->capacity: SUCCESS
[mpack_parser_copy.pointer_dereference.9] line 135 dereference failure: deallocated dynamic object in src->capacity: SUCCESS
[mpack_parser_copy.pointer_dereference.10] line 135 dereference failure: dead object in src->capacity: SUCCESS
[mpack_parser_copy.pointer_dereference.11] line 135 dereference failure: pointer outside object bounds in src->capacity: SUCCESS
[mpack_parser_copy.pointer_dereference.12] line 135 dereference failure: invalid integer address in src->capacity: SUCCESS
[mpack_parser_copy.pointer_dereference.13] line 139 dereference failure: pointer NULL in dst->capacity: SUCCESS
[mpack_parser_copy.pointer_dereference.14] line 139 dereference failure: pointer invalid in dst->capacity: SUCCESS
[mpack_parser_copy.pointer_dereference.15] line 139 dereference failure: deallocated dynamic object in dst->capacity: SUCCESS
[mpack_parser_copy.pointer_dereference.16] line 139 dereference failure: dead object in dst->capacity: SUCCESS
[mpack_parser_copy.pointer_dereference.17] line 139 dereference failure: pointer outside object bounds in dst->capacity: SUCCESS
[mpack_parser_copy.pointer_dereference.18] line 139 dereference failure: invalid integer address in dst->capacity: SUCCESS
[mpack_parser_copy.overflow.1] line 141 arithmetic overflow on unsigned + in i + 1u: SUCCESS
[mpack_parser_copy.pointer_dereference.19] line 141 dereference failure: pointer NULL in src->capacity: SUCCESS
[mpack_parser_copy.pointer_dereference.20] line 141 dereference failure: pointer invalid in src->capacity: SUCCESS
[mpack_parser_copy.pointer_dereference.21] line 141 dereference failure: deallocated dynamic object in src->capacity: SUCCESS
[mpack_parser_copy.pointer_dereference.22] line 141 dereference failure: dead object in src->capacity: SUCCESS
[mpack_parser_copy.pointer_dereference.23] line 141 dereference failure: pointer outside object bounds in src->capacity: SUCCESS
[mpack_parser_copy.pointer_dereference.24] line 141 dereference failure: invalid integer address in src->capacity: SUCCESS
[mpack_parser_copy.array_bounds.1] line 142 array.items dynamic object upper bound in dst->items[(signed long int)i]: SUCCESS
[mpack_parser_copy.array_bounds.2] line 142 array.items dynamic object upper bound in src->items[(signed long int)i]: SUCCESS
[mpack_parser_copy.pointer_dereference.25] line 142 dereference failure: pointer NULL in dst->items: SUCCESS
[mpack_parser_copy.pointer_dereference.26] line 142 dereference failure: pointer invalid in dst->items: SUCCESS
[mpack_parser_copy.pointer_dereference.27] line 142 dereference failure: deallocated dynamic object in dst->items: SUCCESS
[mpack_parser_copy.pointer_dereference.28] line 142 dereference failure: dead object in dst->items: SUCCESS
[mpack_parser_copy.pointer_dereference.29] line 142 dereference failure: pointer outside object bounds in dst->items: SUCCESS
[mpack_parser_copy.pointer_dereference.30] line 142 dereference failure: invalid integer address in dst->items: SUCCESS
[mpack_parser_copy.pointer_dereference.31] line 142 dereference failure: pointer NULL in src->items: SUCCESS
[mpack_parser_copy.pointer_dereference.32] line 142 dereference failure: pointer invalid in src->items: SUCCESS
[mpack_parser_copy.pointer_dereference.33] line 142 dereference failure: deallocated dynamic object in src->items: SUCCESS
[mpack_parser_copy.pointer_dereference.34] line 142 dereference failure: dead object in src->items: SUCCESS
[mpack_parser_copy.pointer_dereference.35] line 142 dereference failure: pointer outside object bounds in src->items: SUCCESS
[mpack_parser_copy.pointer_dereference.36] line 142 dereference failure: invalid integer address in src->items: SUCCESS

neovim/src/mpack/object.c function mpack_parser_full
[mpack_parser_full.pointer_dereference.1] line 148 dereference failure: pointer NULL in parser->size: SUCCESS
[mpack_parser_full.pointer_dereference.2] line 148 dereference failure: pointer invalid in parser->size: SUCCESS
[mpack_parser_full.pointer_dereference.3] line 148 dereference failure: deallocated dynamic object in parser->size: SUCCESS
[mpack_parser_full.pointer_dereference.4] line 148 dereference failure: dead object in parser->size: SUCCESS
[mpack_parser_full.pointer_dereference.5] line 148 dereference failure: pointer outside object bounds in parser->size: SUCCESS
[mpack_parser_full.pointer_dereference.6] line 148 dereference failure: invalid integer address in parser->size: SUCCESS
[mpack_parser_full.pointer_dereference.7] line 148 dereference failure: pointer NULL in parser->capacity: SUCCESS
[mpack_parser_full.pointer_dereference.8] line 148 dereference failure: pointer invalid in parser->capacity: SUCCESS
[mpack_parser_full.pointer_dereference.9] line 148 dereference failure: deallocated dynamic object in parser->capacity: SUCCESS
[mpack_parser_full.pointer_dereference.10] line 148 dereference failure: dead object in parser->capacity: SUCCESS
[mpack_parser_full.pointer_dereference.11] line 148 dereference failure: pointer outside object bounds in parser->capacity: SUCCESS
[mpack_parser_full.pointer_dereference.12] line 148 dereference failure: invalid integer address in parser->capacity: SUCCESS

neovim/src/mpack/object.c function mpack_parser_init
[mpack_parser_init.pointer_dereference.1] line 13 dereference failure: pointer NULL in parser->data: SUCCESS
[mpack_parser_init.pointer_dereference.2] line 13 dereference failure: pointer invalid in parser->data: SUCCESS
[mpack_parser_init.pointer_dereference.3] line 13 dereference failure: deallocated dynamic object in parser->data: SUCCESS
[mpack_parser_init.pointer_dereference.4] line 13 dereference failure: dead object in parser->data: SUCCESS
[mpack_parser_init.pointer_dereference.5] line 13 dereference failure: pointer outside object bounds in parser->data: SUCCESS
[mpack_parser_init.pointer_dereference.6] line 13 dereference failure: invalid integer address in parser->data: SUCCESS
[mpack_parser_init.pointer_dereference.7] line 14 dereference failure: pointer NULL in parser->capacity: SUCCESS
[mpack_parser_init.pointer_dereference.8] line 14 dereference failure: pointer invalid in parser->capacity: SUCCESS
[mpack_parser_init.pointer_dereference.9] line 14 dereference failure: deallocated dynamic object in parser->capacity: SUCCESS
[mpack_parser_init.pointer_dereference.10] line 14 dereference failure: dead object in parser->capacity: SUCCESS
[mpack_parser_init.pointer_dereference.11] line 14 dereference failure: pointer outside object bounds in parser->capacity: SUCCESS
[mpack_parser_init.pointer_dereference.12] line 14 dereference failure: invalid integer address in parser->capacity: SUCCESS
[mpack_parser_init.pointer_dereference.13] line 15 dereference failure: pointer NULL in parser->size: SUCCESS
[mpack_parser_init.pointer_dereference.14] line 15 dereference failure: pointer invalid in parser->size: SUCCESS
[mpack_parser_init.pointer_dereference.15] line 15 dereference failure: deallocated dynamic object in parser->size: SUCCESS
[mpack_parser_init.pointer_dereference.16] line 15 dereference failure: dead object in parser->size: SUCCESS
[mpack_parser_init.pointer_dereference.17] line 15 dereference failure: pointer outside object bounds in parser->size: SUCCESS
[mpack_parser_init.pointer_dereference.18] line 15 dereference failure: invalid integer address in parser->size: SUCCESS
[mpack_parser_init.pointer_dereference.19] line 16 dereference failure: pointer NULL in parser->exiting: SUCCESS
[mpack_parser_init.pointer_dereference.20] line 16 dereference failure: pointer invalid in parser->exiting: SUCCESS
[mpack_parser_init.pointer_dereference.21] line 16 dereference failure: deallocated dynamic object in parser->exiting: SUCCESS
[mpack_parser_init.pointer_dereference.22] line 16 dereference failure: dead object in parser->exiting: SUCCESS
[mpack_parser_init.pointer_dereference.23] line 16 dereference failure: pointer outside object bounds in parser->exiting: SUCCESS
[mpack_parser_init.pointer_dereference.24] line 16 dereference failure: invalid integer address in parser->exiting: SUCCESS
[mpack_parser_init.overflow.1] line 17 arithmetic overflow on unsigned + in parser->capacity + (unsigned int)1: SUCCESS
[mpack_parser_init.overflow.2] line 17 arithmetic overflow on unsigned * in sizeof(mpack_node_t) /*48ul*/  * (unsigned long int)(parser->capacity + (unsigned int)1): SUCCESS
[mpack_parser_init.pointer_dereference.25] line 17 dereference failure: pointer NULL in parser->capacity: SUCCESS
[mpack_parser_init.pointer_dereference.26] line 17 dereference failure: pointer invalid in parser->capacity: SUCCESS
[mpack_parser_init.pointer_dereference.27] line 17 dereference failure: deallocated dynamic object in parser->capacity: SUCCESS
[mpack_parser_init.pointer_dereference.28] line 17 dereference failure: dead object in parser->capacity: SUCCESS
[mpack_parser_init.pointer_dereference.29] line 17 dereference failure: pointer outside object bounds in parser->capacity: SUCCESS
[mpack_parser_init.pointer_dereference.30] line 17 dereference failure: invalid integer address in parser->capacity: SUCCESS
[mpack_parser_init.array_bounds.1] line 18 array.items dynamic object upper bound in parser->items[(signed long int)0]: SUCCESS
[mpack_parser_init.pointer_dereference.31] line 18 dereference failure: pointer NULL in parser->items: SUCCESS
[mpack_parser_init.pointer_dereference.32] line 18 dereference failure: pointer invalid in parser->items: SUCCESS
[mpack_parser_init.pointer_dereference.33] line 18 dereference failure: deallocated dynamic object in parser->items: SUCCESS
[mpack_parser_init.pointer_dereference.34] line 18 dereference failure: dead object in parser->items: SUCCESS
[mpack_parser_init.pointer_dereference.35] line 18 dereference failure: pointer outside object bounds in parser->items: SUCCESS
[mpack_parser_init.pointer_dereference.36] line 18 dereference failure: invalid integer address in parser->items: SUCCESS
[mpack_parser_init.pointer_dereference.37] line 19 dereference failure: pointer NULL in parser->status: SUCCESS
[mpack_parser_init.pointer_dereference.38] line 19 dereference failure: pointer invalid in parser->status: SUCCESS
[mpack_parser_init.pointer_dereference.39] line 19 dereference failure: deallocated dynamic object in parser->status: SUCCESS
[mpack_parser_init.pointer_dereference.40] line 19 dereference failure: dead object in parser->status: SUCCESS
[mpack_parser_init.pointer_dereference.41] line 19 dereference failure: pointer outside object bounds in parser->status: SUCCESS
[mpack_parser_init.pointer_dereference.42] line 19 dereference failure: invalid integer address in parser->status: SUCCESS

neovim/src/mpack/object.c function mpack_parser_pop
[mpack_parser_pop.assertion.1] line 170 assertion parser->size: SUCCESS
[mpack_parser_pop.pointer_dereference.1] line 170 dereference failure: pointer NULL in parser->size: SUCCESS
[mpack_parser_pop.pointer_dereference.2] line 170 dereference failure: pointer invalid in parser->size: SUCCESS
[mpack_parser_pop.pointer_dereference.3] line 170 dereference failure: deallocated dynamic object in parser->size: SUCCESS
[mpack_parser_pop.pointer_dereference.4] line 170 dereference failure: dead object in parser->size: SUCCESS
[mpack_parser_pop.pointer_dereference.5] line 170 dereference failure: pointer outside object bounds in parser->size: SUCCESS
[mpack_parser_pop.pointer_dereference.6] line 170 dereference failure: invalid integer address in parser->size: SUCCESS
[mpack_parser_pop.pointer_dereference.7] line 173 dereference failure: pointer NULL in top->tok: SUCCESS
[mpack_parser_pop.pointer_dereference.8] line 173 dereference failure: pointer invalid in top->tok: SUCCESS
[mpack_parser_pop.pointer_dereference.9] line 173 dereference failure: deallocated dynamic object in top->tok: SUCCESS
[mpack_parser_pop.pointer_dereference.10] line 173 dereference failure: dead object in top->tok: SUCCESS
[mpack_parser_pop.pointer_dereference.11] line 173 dereference failure: pointer outside object bounds in top->tok: SUCCESS
[mpack_parser_pop.pointer_dereference.12] line 173 dereference failure: invalid integer address in top->tok: SUCCESS
[mpack_parser_pop.pointer_dereference.13] line 173 dereference failure: pointer NULL in top->pos: SUCCESS
[mpack_parser_pop.pointer_dereference.14] line 173 dereference failure: pointer invalid in top->pos: SUCCESS
[mpack_parser_pop.pointer_dereference.15] line 173 dereference failure: deallocated dynamic object in top->pos: SUCCESS
[mpack_parser_pop.pointer_dereference.16] line 173 dereference failure: dead object in top->pos: SUCCESS
[mpack_parser_pop.pointer_dereference.17] line 173 dereference failure: pointer outside object bounds in top->pos: SUCCESS
[mpack_parser_pop.pointer_dereference.18] line 173 dereference failure: invalid integer address in top->pos: SUCCESS
[mpack_parser_pop.pointer_dereference.19] line 173 dereference failure: pointer NULL in top->tok: SUCCESS
[mpack_parser_pop.pointer_dereference.20] line 173 dereference failure: pointer invalid in top->tok: SUCCESS
[mpack_parser_pop.pointer_dereference.21] line 173 dereference failure: deallocated dynamic object in top->tok: SUCCESS
[mpack_parser_pop.pointer_dereference.22] line 173 dereference failure: dead object in top->tok: SUCCESS
[mpack_parser_pop.pointer_dereference.23] line 173 dereference failure: pointer outside object bounds in top->tok: SUCCESS
[mpack_parser_pop.pointer_dereference.24] line 173 dereference failure: invalid integer address in top->tok: SUCCESS
[mpack_parser_pop.pointer_dereference.25] line 178 dereference failure: pointer NULL in (top - (signed long int)1)->pos: SUCCESS
[mpack_parser_pop.pointer_dereference.26] line 178 dereference failure: pointer invalid in (top - (signed long int)1)->pos: SUCCESS
[mpack_parser_pop.pointer_dereference.27] line 178 dereference failure: deallocated dynamic object in (top - (signed long int)1)->pos: SUCCESS
[mpack_parser_pop.pointer_dereference.28] line 178 dereference failure: dead object in (top - (signed long int)1)->pos: SUCCESS
[mpack_parser_pop.pointer_dereference.29] line 178 dereference failure: pointer outside object bounds in (top - (signed long int)1)->pos: SUCCESS
[mpack_parser_pop.pointer_dereference.30] line 178 dereference failure: invalid integer address in (top - (signed long int)1)->pos: SUCCESS
[mpack_parser_pop.pointer_dereference.31] line 182 dereference failure: pointer NULL in top->tok: SUCCESS
[mpack_parser_pop.pointer_dereference.32] line 182 dereference failure: pointer invalid in top->tok: SUCCESS
[mpack_parser_pop.pointer_dereference.33] line 182 dereference failure: deallocated dynamic object in top->tok: SUCCESS
[mpack_parser_pop.pointer_dereference.34] line 182 dereference failure: dead object in top->tok: SUCCESS
[mpack_parser_pop.pointer_dereference.35] line 182 dereference failure: pointer outside object bounds in top->tok: SUCCESS
[mpack_parser_pop.pointer_dereference.36] line 182 dereference failure: invalid integer address in top->tok: SUCCESS
[mpack_parser_pop.overflow.1] line 183 arithmetic overflow on unsigned + in parent->pos + (unsigned long int)top->tok.length: SUCCESS
[mpack_parser_pop.pointer_dereference.37] line 183 dereference failure: pointer NULL in parent->pos: SUCCESS
[mpack_parser_pop.pointer_dereference.38] line 183 dereference failure: pointer invalid in parent->pos: SUCCESS
[mpack_parser_pop.pointer_dereference.39] line 183 dereference failure: deallocated dynamic object in parent->pos: SUCCESS
[mpack_parser_pop.pointer_dereference.40] line 183 dereference failure: dead object in parent->pos: SUCCESS
[mpack_parser_pop.pointer_dereference.41] line 183 dereference failure: pointer outside object bounds in parent->pos: SUCCESS
[mpack_parser_pop.pointer_dereference.42] line 183 dereference failure: invalid integer address in parent->pos: SUCCESS
[mpack_parser_pop.pointer_dereference.43] line 184 dereference failure: pointer NULL in parent->tok: SUCCESS
[mpack_parser_pop.pointer_dereference.44] line 184 dereference failure: pointer invalid in parent->tok: SUCCESS
[mpack_parser_pop.pointer_dereference.45] line 184 dereference failure: deallocated dynamic object in parent->tok: SUCCESS
[mpack_parser_pop.pointer_dereference.46] line 184 dereference failure: dead object in parent->tok: SUCCESS
[mpack_parser_pop.pointer_dereference.47] line 184 dereference failure: pointer outside object bounds in parent->tok: SUCCESS
[mpack_parser_pop.pointer_dereference.48] line 184 dereference failure: invalid integer address in parent->tok: SUCCESS
[mpack_parser_pop.pointer_dereference.49] line 188 dereference failure: pointer NULL in parent->key_visited: SUCCESS
[mpack_parser_pop.pointer_dereference.50] line 188 dereference failure: pointer invalid in parent->key_visited: SUCCESS
[mpack_parser_pop.pointer_dereference.51] line 188 dereference failure: deallocated dynamic object in parent->key_visited: SUCCESS
[mpack_parser_pop.pointer_dereference.52] line 188 dereference failure: dead object in parent->key_visited: SUCCESS
[mpack_parser_pop.pointer_dereference.53] line 188 dereference failure: pointer outside object bounds in parent->key_visited: SUCCESS
[mpack_parser_pop.pointer_dereference.54] line 188 dereference failure: invalid integer address in parent->key_visited: SUCCESS
[mpack_parser_pop.overflow.2] line 189 arithmetic overflow on unsigned + in parent->pos + 1ul: SUCCESS
[mpack_parser_pop.pointer_dereference.55] line 189 dereference failure: pointer NULL in parent->pos: SUCCESS
[mpack_parser_pop.pointer_dereference.56] line 189 dereference failure: pointer invalid in parent->pos: SUCCESS
[mpack_parser_pop.pointer_dereference.57] line 189 dereference failure: deallocated dynamic object in parent->pos: SUCCESS
[mpack_parser_pop.pointer_dereference.58] line 189 dereference failure: dead object in parent->pos: SUCCESS
[mpack_parser_pop.pointer_dereference.59] line 189 dereference failure: pointer outside object bounds in parent->pos: SUCCESS
[mpack_parser_pop.pointer_dereference.60] line 189 dereference failure: invalid integer address in parent->pos: SUCCESS
[mpack_parser_pop.pointer_dereference.61] line 191 dereference failure: pointer NULL in parent->key_visited: SUCCESS
[mpack_parser_pop.pointer_dereference.62] line 191 dereference failure: pointer invalid in parent->key_visited: SUCCESS
[mpack_parser_pop.pointer_dereference.63] line 191 dereference failure: deallocated dynamic object in parent->key_visited: SUCCESS
[mpack_parser_pop.pointer_dereference.64] line 191 dereference failure: dead object in parent->key_visited: SUCCESS
[mpack_parser_pop.pointer_dereference.65] line 191 dereference failure: pointer outside object bounds in parent->key_visited: SUCCESS
[mpack_parser_pop.pointer_dereference.66] line 191 dereference failure: invalid integer address in parent->key_visited: SUCCESS
[mpack_parser_pop.overflow.3] line 193 arithmetic overflow on unsigned + in parent->pos + 1ul: SUCCESS
[mpack_parser_pop.pointer_dereference.67] line 193 dereference failure: pointer NULL in parent->pos: SUCCESS
[mpack_parser_pop.pointer_dereference.68] line 193 dereference failure: pointer invalid in parent->pos: SUCCESS
[mpack_parser_pop.pointer_dereference.69] line 193 dereference failure: deallocated dynamic object in parent->pos: SUCCESS
[mpack_parser_pop.pointer_dereference.70] line 193 dereference failure: dead object in parent->pos: SUCCESS
[mpack_parser_pop.pointer_dereference.71] line 193 dereference failure: pointer outside object bounds in parent->pos: SUCCESS
[mpack_parser_pop.pointer_dereference.72] line 193 dereference failure: invalid integer address in parent->pos: SUCCESS
[mpack_parser_pop.overflow.4] line 197 arithmetic overflow on unsigned - in parser->size - 1u: SUCCESS
[mpack_parser_pop.pointer_dereference.73] line 197 dereference failure: pointer NULL in parser->size: SUCCESS
[mpack_parser_pop.pointer_dereference.74] line 197 dereference failure: pointer invalid in parser->size: SUCCESS
[mpack_parser_pop.pointer_dereference.75] line 197 dereference failure: deallocated dynamic object in parser->size: SUCCESS
[mpack_parser_pop.pointer_dereference.76] line 197 dereference failure: dead object in parser->size: SUCCESS
[mpack_parser_pop.pointer_dereference.77] line 197 dereference failure: pointer outside object bounds in parser->size: SUCCESS
[mpack_parser_pop.pointer_dereference.78] line 197 dereference failure: invalid integer address in parser->size: SUCCESS

neovim/src/mpack/object.c function mpack_parser_push
[mpack_parser_push.assertion.1] line 155 assertion parser->size < parser->capacity: SUCCESS
[mpack_parser_push.pointer_dereference.1] line 155 dereference failure: pointer NULL in parser->size: SUCCESS
[mpack_parser_push.pointer_dereference.2] line 155 dereference failure: pointer invalid in parser->size: SUCCESS
[mpack_parser_push.pointer_dereference.3] line 155 dereference failure: deallocated dynamic object in parser->size: SUCCESS
[mpack_parser_push.pointer_dereference.4] line 155 dereference failure: dead object in parser->size: SUCCESS
[mpack_parser_push.pointer_dereference.5] line 155 dereference failure: pointer outside object bounds in parser->size: SUCCESS
[mpack_parser_push.pointer_dereference.6] line 155 dereference failure: invalid integer address in parser->size: SUCCESS
[mpack_parser_push.pointer_dereference.7] line 155 dereference failure: pointer NULL in parser->capacity: SUCCESS
[mpack_parser_push.pointer_dereference.8] line 155 dereference failure: pointer invalid in parser->capacity: SUCCESS
[mpack_parser_push.pointer_dereference.9] line 155 dereference failure: deallocated dynamic object in parser->capacity: SUCCESS
[mpack_parser_push.pointer_dereference.10] line 155 dereference failure: dead object in parser->capacity: SUCCESS
[mpack_parser_push.pointer_dereference.11] line 155 dereference failure: pointer outside object bounds in parser->capacity: SUCCESS
[mpack_parser_push.pointer_dereference.12] line 155 dereference failure: invalid integer address in parser->capacity: SUCCESS
[mpack_parser_push.array_bounds.1] line 157 array.data dynamic object upper bound in top->data[(signed long int)0]: SUCCESS
[mpack_parser_push.pointer_dereference.13] line 157 dereference failure: pointer NULL in top->data: SUCCESS
[mpack_parser_push.pointer_dereference.14] line 157 dereference failure: pointer invalid in top->data: SUCCESS
[mpack_parser_push.pointer_dereference.15] line 157 dereference failure: deallocated dynamic object in top->data: SUCCESS
[mpack_parser_push.pointer_dereference.16] line 157 dereference failure: dead object in top->data: SUCCESS
[mpack_parser_push.pointer_dereference.17] line 157 dereference failure: pointer outside object bounds in top->data: SUCCESS
[mpack_parser_push.pointer_dereference.18] line 157 dereference failure: invalid integer address in top->data: SUCCESS
[mpack_parser_push.array_bounds.2] line 158 array.data dynamic object upper bound in top->data[(signed long int)1]: SUCCESS
[mpack_parser_push.pointer_dereference.19] line 158 dereference failure: pointer NULL in top->data: SUCCESS
[mpack_parser_push.pointer_dereference.20] line 158 dereference failure: pointer invalid in top->data: SUCCESS
[mpack_parser_push.pointer_dereference.21] line 158 dereference failure: deallocated dynamic object in top->data: SUCCESS
[mpack_parser_push.pointer_dereference.22] line 158 dereference failure: dead object in top->data: SUCCESS
[mpack_parser_push.pointer_dereference.23] line 158 dereference failure: pointer outside object bounds in top->data: SUCCESS
[mpack_parser_push.pointer_dereference.24] line 158 dereference failure: invalid integer address in top->data: SUCCESS
[mpack_parser_push.pointer_dereference.25] line 159 dereference failure: pointer NULL in top->pos: SUCCESS
[mpack_parser_push.pointer_dereference.26] line 159 dereference failure: pointer invalid in top->pos: SUCCESS
[mpack_parser_push.pointer_dereference.27] line 159 dereference failure: deallocated dynamic object in top->pos: SUCCESS
[mpack_parser_push.pointer_dereference.28] line 159 dereference failure: dead object in top->pos: SUCCESS
[mpack_parser_push.pointer_dereference.29] line 159 dereference failure: pointer outside object bounds in top->pos: SUCCESS
[mpack_parser_push.pointer_dereference.30] line 159 dereference failure: invalid integer address in top->pos: SUCCESS
[mpack_parser_push.pointer_dereference.31] line 160 dereference failure: pointer NULL in top->key_visited: SUCCESS
[mpack_parser_push.pointer_dereference.32] line 160 dereference failure: pointer invalid in top->key_visited: SUCCESS
[mpack_parser_push.pointer_dereference.33] line 160 dereference failure: deallocated dynamic object in top->key_visited: SUCCESS
[mpack_parser_push.pointer_dereference.34] line 160 dereference failure: dead object in top->key_visited: SUCCESS
[mpack_parser_push.pointer_dereference.35] line 160 dereference failure: pointer outside object bounds in top->key_visited: SUCCESS
[mpack_parser_push.pointer_dereference.36] line 160 dereference failure: invalid integer address in top->key_visited: SUCCESS
[mpack_parser_push.overflow.1] line 162 arithmetic overflow on unsigned + in parser->size + 1u: SUCCESS
[mpack_parser_push.pointer_dereference.37] line 162 dereference failure: pointer NULL in parser->size: SUCCESS
[mpack_parser_push.pointer_dereference.38] line 162 dereference failure: pointer invalid in parser->size: SUCCESS
[mpack_parser_push.pointer_dereference.39] line 162 dereference failure: deallocated dynamic object in parser->size: SUCCESS
[mpack_parser_push.pointer_dereference.40] line 162 dereference failure: dead object in parser->size: SUCCESS
[mpack_parser_push.pointer_dereference.41] line 162 dereference failure: pointer outside object bounds in parser->size: SUCCESS
[mpack_parser_push.pointer_dereference.42] line 162 dereference failure: invalid integer address in parser->size: SUCCESS

neovim/src/mpack/object.c function mpack_unparse
[mpack_unparse.pointer_dereference.1] line 102 dereference failure: pointer NULL in parser->status: SUCCESS
[mpack_unparse.pointer_dereference.2] line 102 dereference failure: pointer invalid in parser->status: SUCCESS
[mpack_unparse.pointer_dereference.3] line 102 dereference failure: deallocated dynamic object in parser->status: SUCCESS
[mpack_unparse.pointer_dereference.4] line 102 dereference failure: dead object in parser->status: SUCCESS
[mpack_unparse.pointer_dereference.5] line 102 dereference failure: pointer outside object bounds in parser->status: SUCCESS
[mpack_unparse.pointer_dereference.6] line 102 dereference failure: invalid integer address in parser->status: SUCCESS
[mpack_unparse.pointer_dereference.7] line 104 dereference failure: pointer NULL in *buflen: SUCCESS
[mpack_unparse.pointer_dereference.8] line 104 dereference failure: pointer invalid in *buflen: SUCCESS
[mpack_unparse.pointer_dereference.9] line 104 dereference failure: deallocated dynamic object in *buflen: SUCCESS
[mpack_unparse.pointer_dereference.10] line 104 dereference failure: dead object in *buflen: SUCCESS
[mpack_unparse.pointer_dereference.11] line 104 dereference failure: pointer outside object bounds in *buflen: SUCCESS
[mpack_unparse.pointer_dereference.12] line 104 dereference failure: invalid integer address in *buflen: SUCCESS
[mpack_unparse.pointer_dereference.13] line 109 dereference failure: pointer NULL in tb->plen: SUCCESS
[mpack_unparse.pointer_dereference.14] line 109 dereference failure: pointer invalid in tb->plen: SUCCESS
[mpack_unparse.pointer_dereference.15] line 109 dereference failure: deallocated dynamic object in tb->plen: SUCCESS
[mpack_unparse.pointer_dereference.16] line 109 dereference failure: dead object in tb->plen: SUCCESS
[mpack_unparse.pointer_dereference.17] line 109 dereference failure: pointer outside object bounds in tb->plen: SUCCESS
[mpack_unparse.pointer_dereference.18] line 109 dereference failure: invalid integer address in tb->plen: SUCCESS
[mpack_unparse.pointer_dereference.19] line 110 dereference failure: pointer NULL in parser->status: SUCCESS
[mpack_unparse.pointer_dereference.20] line 110 dereference failure: pointer invalid in parser->status: SUCCESS
[mpack_unparse.pointer_dereference.21] line 110 dereference failure: deallocated dynamic object in parser->status: SUCCESS
[mpack_unparse.pointer_dereference.22] line 110 dereference failure: dead object in parser->status: SUCCESS
[mpack_unparse.pointer_dereference.23] line 110 dereference failure: pointer outside object bounds in parser->status: SUCCESS
[mpack_unparse.pointer_dereference.24] line 110 dereference failure: invalid integer address in parser->status: SUCCESS
[mpack_unparse.pointer_dereference.25] line 112 dereference failure: pointer NULL in parser->status: SUCCESS
[mpack_unparse.pointer_dereference.26] line 112 dereference failure: pointer invalid in parser->status: SUCCESS
[mpack_unparse.pointer_dereference.27] line 112 dereference failure: deallocated dynamic object in parser->status: SUCCESS
[mpack_unparse.pointer_dereference.28] line 112 dereference failure: dead object in parser->status: SUCCESS
[mpack_unparse.pointer_dereference.29] line 112 dereference failure: pointer outside object bounds in parser->status: SUCCESS
[mpack_unparse.pointer_dereference.30] line 112 dereference failure: invalid integer address in parser->status: SUCCESS
[mpack_unparse.pointer_dereference.31] line 114 dereference failure: pointer NULL in parser->status: SUCCESS
[mpack_unparse.pointer_dereference.32] line 114 dereference failure: pointer invalid in parser->status: SUCCESS
[mpack_unparse.pointer_dereference.33] line 114 dereference failure: deallocated dynamic object in parser->status: SUCCESS
[mpack_unparse.pointer_dereference.34] line 114 dereference failure: dead object in parser->status: SUCCESS
[mpack_unparse.pointer_dereference.35] line 114 dereference failure: pointer outside object bounds in parser->status: SUCCESS
[mpack_unparse.pointer_dereference.36] line 114 dereference failure: invalid integer address in parser->status: SUCCESS
[mpack_unparse.pointer_dereference.37] line 119 dereference failure: pointer NULL in parser->exiting: SUCCESS
[mpack_unparse.pointer_dereference.38] line 119 dereference failure: pointer invalid in parser->exiting: SUCCESS
[mpack_unparse.pointer_dereference.39] line 119 dereference failure: deallocated dynamic object in parser->exiting: SUCCESS
[mpack_unparse.pointer_dereference.40] line 119 dereference failure: dead object in parser->exiting: SUCCESS
[mpack_unparse.pointer_dereference.41] line 119 dereference failure: pointer outside object bounds in parser->exiting: SUCCESS
[mpack_unparse.pointer_dereference.42] line 119 dereference failure: invalid integer address in parser->exiting: SUCCESS

neovim/src/mpack/object.c function mpack_unparse_tok
[mpack_unparse_tok.pointer_dereference.1] line 62 dereference failure: pointer NULL in parser->status: SUCCESS
[mpack_unparse_tok.pointer_dereference.2] line 62 dereference failure: pointer invalid in parser->status: SUCCESS
[mpack_unparse_tok.pointer_dereference.3] line 62 dereference failure: deallocated dynamic object in parser->status: SUCCESS
[mpack_unparse_tok.pointer_dereference.4] line 62 dereference failure: dead object in parser->status: SUCCESS
[mpack_unparse_tok.pointer_dereference.5] line 62 dereference failure: pointer outside object bounds in parser->status: SUCCESS
[mpack_unparse_tok.pointer_dereference.6] line 62 dereference failure: invalid integer address in parser->status: SUCCESS
[mpack_unparse_tok.pointer_dereference.7] line 63 dereference failure: pointer NULL in parser->exiting: SUCCESS
[mpack_unparse_tok.pointer_dereference.8] line 63 dereference failure: pointer invalid in parser->exiting: SUCCESS
[mpack_unparse_tok.pointer_dereference.9] line 63 dereference failure: deallocated dynamic object in parser->exiting: SUCCESS
[mpack_unparse_tok.pointer_dereference.10] line 63 dereference failure: dead object in parser->exiting: SUCCESS
[mpack_unparse_tok.pointer_dereference.11] line 63 dereference failure: pointer outside object bounds in parser->exiting: SUCCESS
[mpack_unparse_tok.pointer_dereference.12] line 63 dereference failure: invalid integer address in parser->exiting: SUCCESS
[mpack_unparse_tok.pointer_dereference.13] line 63 dereference failure: pointer NULL in enter_cb: SUCCESS
[mpack_unparse_tok.pointer_dereference.14] line 63 dereference failure: pointer invalid in enter_cb: SUCCESS
[mpack_unparse_tok.pointer_dereference.15] line 63 dereference failure: deallocated dynamic object in enter_cb: SUCCESS
[mpack_unparse_tok.pointer_dereference.16] line 63 dereference failure: dead object in enter_cb: SUCCESS
[mpack_unparse_tok.pointer_dereference.17] line 63 dereference failure: pointer outside object bounds in enter_cb: SUCCESS
[mpack_unparse_tok.pointer_dereference.18] line 63 dereference failure: invalid integer address in enter_cb: SUCCESS
[mpack_unparse_tok.pointer_dereference.19] line 63 dereferenced function pointer must be one of [api_parse_enter, api_parse_exit, parse_nop]: SUCCESS
[mpack_unparse_tok.pointer_dereference.20] line 63 dereference failure: pointer NULL in *tok: SUCCESS
[mpack_unparse_tok.pointer_dereference.21] line 63 dereference failure: pointer invalid in *tok: SUCCESS
[mpack_unparse_tok.pointer_dereference.22] line 63 dereference failure: deallocated dynamic object in *tok: SUCCESS
[mpack_unparse_tok.pointer_dereference.23] line 63 dereference failure: dead object in *tok: SUCCESS
[mpack_unparse_tok.pointer_dereference.24] line 63 dereference failure: pointer outside object bounds in *tok: SUCCESS
[mpack_unparse_tok.pointer_dereference.25] line 63 dereference failure: invalid integer address in *tok: SUCCESS
[mpack_unparse_tok.pointer_dereference.26] line 63 dereference failure: pointer NULL in n->tok: SUCCESS
[mpack_unparse_tok.pointer_dereference.27] line 63 dereference failure: pointer invalid in n->tok: SUCCESS
[mpack_unparse_tok.pointer_dereference.28] line 63 dereference failure: deallocated dynamic object in n->tok: SUCCESS
[mpack_unparse_tok.pointer_dereference.29] line 63 dereference failure: dead object in n->tok: SUCCESS
[mpack_unparse_tok.pointer_dereference.30] line 63 dereference failure: pointer outside object bounds in n->tok: SUCCESS
[mpack_unparse_tok.pointer_dereference.31] line 63 dereference failure: invalid integer address in n->tok: SUCCESS
[mpack_unparse_tok.pointer_dereference.32] line 63 dereference failure: pointer NULL in parser->status: SUCCESS
[mpack_unparse_tok.pointer_dereference.33] line 63 dereference failure: pointer invalid in parser->status: SUCCESS
[mpack_unparse_tok.pointer_dereference.34] line 63 dereference failure: deallocated dynamic object in parser->status: SUCCESS
[mpack_unparse_tok.pointer_dereference.35] line 63 dereference failure: dead object in parser->status: SUCCESS
[mpack_unparse_tok.pointer_dereference.36] line 63 dereference failure: pointer outside object bounds in parser->status: SUCCESS
[mpack_unparse_tok.pointer_dereference.37] line 63 dereference failure: invalid integer address in parser->status: SUCCESS
[mpack_unparse_tok.pointer_dereference.38] line 63 dereference failure: pointer NULL in parser->exiting: SUCCESS
[mpack_unparse_tok.pointer_dereference.39] line 63 dereference failure: pointer invalid in parser->exiting: SUCCESS
[mpack_unparse_tok.pointer_dereference.40] line 63 dereference failure: deallocated dynamic object in parser->exiting: SUCCESS
[mpack_unparse_tok.pointer_dereference.41] line 63 dereference failure: dead object in parser->exiting: SUCCESS
[mpack_unparse_tok.pointer_dereference.42] line 63 dereference failure: pointer outside object bounds in parser->exiting: SUCCESS
[mpack_unparse_tok.pointer_dereference.43] line 63 dereference failure: invalid integer address in parser->exiting: SUCCESS
[mpack_unparse_tok.pointer_dereference.44] line 63 dereference failure: pointer NULL in parser->exiting: SUCCESS
[mpack_unparse_tok.pointer_dereference.45] line 63 dereference failure: pointer invalid in parser->exiting: SUCCESS
[mpack_unparse_tok.pointer_dereference.46] line 63 dereference failure: deallocated dynamic object in parser->exiting: SUCCESS
[mpack_unparse_tok.pointer_dereference.47] line 63 dereference failure: dead object in parser->exiting: SUCCESS
[mpack_unparse_tok.pointer_dereference.48] line 63 dereference failure: pointer outside object bounds in parser->exiting: SUCCESS
[mpack_unparse_tok.pointer_dereference.49] line 63 dereference failure: invalid integer address in parser->exiting: SUCCESS
[mpack_unparse_tok.pointer_dereference.50] line 63 dereference failure: pointer NULL in exit_cb: SUCCESS
[mpack_unparse_tok.pointer_dereference.51] line 63 dereference failure: pointer invalid in exit_cb: SUCCESS
[mpack_unparse_tok.pointer_dereference.52] line 63 dereference failure: deallocated dynamic object in exit_cb: SUCCESS
[mpack_unparse_tok.pointer_dereference.53] line 63 dereference failure: dead object in exit_cb: SUCCESS
[mpack_unparse_tok.pointer_dereference.54] line 63 dereference failure: pointer outside object bounds in exit_cb: SUCCESS
[mpack_unparse_tok.pointer_dereference.55] line 63 dereference failure: invalid integer address in exit_cb: SUCCESS
[mpack_unparse_tok.pointer_dereference.56] line 63 dereferenced function pointer must be one of [api_parse_enter, api_parse_exit, parse_nop]: SUCCESS
[mpack_unparse_tok.pointer_dereference.57] line 63 dereference failure: pointer NULL in parser->status: SUCCESS
[mpack_unparse_tok.pointer_dereference.58] line 63 dereference failure: pointer invalid in parser->status: SUCCESS
[mpack_unparse_tok.pointer_dereference.59] line 63 dereference failure: deallocated dynamic object in parser->status: SUCCESS
[mpack_unparse_tok.pointer_dereference.60] line 63 dereference failure: dead object in parser->status: SUCCESS
[mpack_unparse_tok.pointer_dereference.61] line 63 dereference failure: pointer outside object bounds in parser->status: SUCCESS
[mpack_unparse_tok.pointer_dereference.62] line 63 dereference failure: invalid integer address in parser->status: SUCCESS
[mpack_unparse_tok.pointer_dereference.63] line 63 dereference failure: pointer NULL in parser->size: SUCCESS
[mpack_unparse_tok.pointer_dereference.64] line 63 dereference failure: pointer invalid in parser->size: SUCCESS
[mpack_unparse_tok.pointer_dereference.65] line 63 dereference failure: deallocated dynamic object in parser->size: SUCCESS
[mpack_unparse_tok.pointer_dereference.66] line 63 dereference failure: dead object in parser->size: SUCCESS
[mpack_unparse_tok.pointer_dereference.67] line 63 dereference failure: pointer outside object bounds in parser->size: SUCCESS
[mpack_unparse_tok.pointer_dereference.68] line 63 dereference failure: invalid integer address in parser->size: SUCCESS

neovim/src/nvim/msgpack_rpc/packer.c function flush_string_buffer
[flush_string_buffer.overflow.1] line 307 arithmetic overflow on signed - in buffer->endptr - buffer->startptr: SUCCESS
[flush_string_buffer.pointer.1] line 307 same object violation in buffer->endptr - buffer->startptr: SUCCESS
[flush_string_buffer.pointer_arithmetic.1] line 307 pointer relation: pointer NULL in buffer->endptr: SUCCESS
[flush_string_buffer.pointer_arithmetic.2] line 307 pointer relation: pointer invalid in buffer->endptr: SUCCESS
[flush_string_buffer.pointer_arithmetic.3] line 307 pointer relation: deallocated dynamic object in buffer->endptr: SUCCESS
[flush_string_buffer.pointer_arithmetic.4] line 307 pointer relation: dead object in buffer->endptr: SUCCESS
[flush_string_buffer.pointer_arithmetic.5] line 307 pointer relation: pointer outside object bounds in buffer->endptr: SUCCESS
[flush_string_buffer.pointer_arithmetic.6] line 307 pointer relation: invalid integer address in buffer->endptr: SUCCESS
[flush_string_buffer.pointer_arithmetic.7] line 307 pointer relation: pointer NULL in buffer->startptr: SUCCESS
[flush_string_buffer.pointer_arithmetic.8] line 307 pointer relation: pointer invalid in buffer->startptr: SUCCESS
[flush_string_buffer.pointer_arithmetic.9] line 307 pointer relation: deallocated dynamic object in buffer->startptr: SUCCESS
[flush_string_buffer.pointer_arithmetic.10] line 307 pointer relation: dead object in buffer->startptr: SUCCESS
[flush_string_buffer.pointer_arithmetic.11] line 307 pointer relation: pointer outside object bounds in buffer->startptr: SUCCESS
[flush_string_buffer.pointer_arithmetic.12] line 307 pointer relation: invalid integer address in buffer->startptr: SUCCESS
[flush_string_buffer.pointer_dereference.1] line 307 dereference failure: pointer NULL in buffer->endptr: SUCCESS
[flush_string_buffer.pointer_dereference.2] line 307 dereference failure: pointer invalid in buffer->endptr: SUCCESS
[flush_string_buffer.pointer_dereference.3] line 307 dereference failure: deallocated dynamic object in buffer->endptr: SUCCESS
[flush_string_buffer.pointer_dereference.4] line 307 dereference failure: dead object in buffer->endptr: SUCCESS
[flush_string_buffer.pointer_dereference.5] line 307 dereference failure: pointer outside object bounds in buffer->endptr: SUCCESS
[flush_string_buffer.pointer_dereference.6] line 307 dereference failure: invalid integer address in buffer->endptr: SUCCESS
[flush_string_buffer.pointer_dereference.7] line 307 dereference failure: pointer NULL in buffer->startptr: SUCCESS
[flush_string_buffer.pointer_dereference.8] line 307 dereference failure: pointer invalid in buffer->startptr: SUCCESS
[flush_string_buffer.pointer_dereference.9] line 307 dereference failure: deallocated dynamic object in buffer->startptr: SUCCESS
[flush_string_buffer.pointer_dereference.10] line 307 dereference failure: dead object in buffer->startptr: SUCCESS
[flush_string_buffer.pointer_dereference.11] line 307 dereference failure: pointer outside object bounds in buffer->startptr: SUCCESS
[flush_string_buffer.pointer_dereference.12] line 307 dereference failure: invalid integer address in buffer->startptr: SUCCESS
[flush_string_buffer.overflow.2] line 308 arithmetic overflow on unsigned * in (unsigned long int)2 * current_capacity: SUCCESS
[flush_string_buffer.overflow.3] line 309 arithmetic overflow on signed - in buffer->ptr - buffer->startptr: SUCCESS
[flush_string_buffer.pointer.2] line 309 same object violation in buffer->ptr - buffer->startptr: SUCCESS
[flush_string_buffer.pointer_arithmetic.13] line 309 pointer relation: pointer NULL in buffer->ptr: SUCCESS
[flush_string_buffer.pointer_arithmetic.14] line 309 pointer relation: pointer invalid in buffer->ptr: SUCCESS
[flush_string_buffer.pointer_arithmetic.15] line 309 pointer relation: deallocated dynamic object in buffer->ptr: SUCCESS
[flush_string_buffer.pointer_arithmetic.16] line 309 pointer relation: dead object in buffer->ptr: SUCCESS
[flush_string_buffer.pointer_arithmetic.17] line 309 pointer relation: pointer outside object bounds in buffer->ptr: SUCCESS
[flush_string_buffer.pointer_arithmetic.18] line 309 pointer relation: invalid integer address in buffer->ptr: SUCCESS
[flush_string_buffer.pointer_arithmetic.19] line 309 pointer relation: pointer NULL in buffer->startptr: SUCCESS
[flush_string_buffer.pointer_arithmetic.20] line 309 pointer relation: pointer invalid in buffer->startptr: SUCCESS
[flush_string_buffer.pointer_arithmetic.21] line 309 pointer relation: deallocated dynamic object in buffer->startptr: SUCCESS
[flush_string_buffer.pointer_arithmetic.22] line 309 pointer relation: dead object in buffer->startptr: SUCCESS
[flush_string_buffer.pointer_arithmetic.23] line 309 pointer relation: pointer outside object bounds in buffer->startptr: SUCCESS
[flush_string_buffer.pointer_arithmetic.24] line 309 pointer relation: invalid integer address in buffer->startptr: SUCCESS
[flush_string_buffer.pointer_dereference.13] line 309 dereference failure: pointer NULL in buffer->ptr: SUCCESS
[flush_string_buffer.pointer_dereference.14] line 309 dereference failure: pointer invalid in buffer->ptr: SUCCESS
[flush_string_buffer.pointer_dereference.15] line 309 dereference failure: deallocated dynamic object in buffer->ptr: SUCCESS
[flush_string_buffer.pointer_dereference.16] line 309 dereference failure: dead object in buffer->ptr: SUCCESS
[flush_string_buffer.pointer_dereference.17] line 309 dereference failure: pointer outside object bounds in buffer->ptr: SUCCESS
[flush_string_buffer.pointer_dereference.18] line 309 dereference failure: invalid integer address in buffer->ptr: SUCCESS
[flush_string_buffer.pointer_dereference.19] line 311 dereference failure: pointer NULL in buffer->startptr: SUCCESS
[flush_string_buffer.pointer_dereference.20] line 311 dereference failure: pointer invalid in buffer->startptr: SUCCESS
[flush_string_buffer.pointer_dereference.21] line 311 dereference failure: deallocated dynamic object in buffer->startptr: SUCCESS
[flush_string_buffer.pointer_dereference.22] line 311 dereference failure: dead object in buffer->startptr: SUCCESS
[flush_string_buffer.pointer_dereference.23] line 311 dereference failure: pointer outside object bounds in buffer->startptr: SUCCESS
[flush_string_buffer.pointer_dereference.24] line 311 dereference failure: invalid integer address in buffer->startptr: SUCCESS
[flush_string_buffer.pointer_dereference.25] line 312 dereference failure: pointer NULL in buffer->ptr: SUCCESS
[flush_string_buffer.pointer_dereference.26] line 312 dereference failure: pointer invalid in buffer->ptr: SUCCESS
[flush_string_buffer.pointer_dereference.27] line 312 dereference failure: deallocated dynamic object in buffer->ptr: SUCCESS
[flush_string_buffer.pointer_dereference.28] line 312 dereference failure: dead object in buffer->ptr: SUCCESS
[flush_string_buffer.pointer_dereference.29] line 312 dereference failure: pointer outside object bounds in buffer->ptr: SUCCESS
[flush_string_buffer.pointer_dereference.30] line 312 dereference failure: invalid integer address in buffer->ptr: SUCCESS
[flush_string_buffer.pointer_dereference.31] line 312 dereference failure: pointer NULL in buffer->startptr: SUCCESS
[flush_string_buffer.pointer_dereference.32] line 312 dereference failure: pointer invalid in buffer->startptr: SUCCESS
[flush_string_buffer.pointer_dereference.33] line 312 dereference failure: deallocated dynamic object in buffer->startptr: SUCCESS
[flush_string_buffer.pointer_dereference.34] line 312 dereference failure: dead object in buffer->startptr: SUCCESS
[flush_string_buffer.pointer_dereference.35] line 312 dereference failure: pointer outside object bounds in buffer->startptr: SUCCESS
[flush_string_buffer.pointer_dereference.36] line 312 dereference failure: invalid integer address in buffer->startptr: SUCCESS
[flush_string_buffer.pointer_dereference.37] line 313 dereference failure: pointer NULL in buffer->endptr: SUCCESS
[flush_string_buffer.pointer_dereference.38] line 313 dereference failure: pointer invalid in buffer->endptr: SUCCESS
[flush_string_buffer.pointer_dereference.39] line 313 dereference failure: deallocated dynamic object in buffer->endptr: SUCCESS
[flush_string_buffer.pointer_dereference.40] line 313 dereference failure: dead object in buffer->endptr: SUCCESS
[flush_string_buffer.pointer_dereference.41] line 313 dereference failure: pointer outside object bounds in buffer->endptr: SUCCESS
[flush_string_buffer.pointer_dereference.42] line 313 dereference failure: invalid integer address in buffer->endptr: SUCCESS
[flush_string_buffer.pointer_dereference.43] line 313 dereference failure: pointer NULL in buffer->startptr: SUCCESS
[flush_string_buffer.pointer_dereference.44] line 313 dereference failure: pointer invalid in buffer->startptr: SUCCESS
[flush_string_buffer.pointer_dereference.45] line 313 dereference failure: deallocated dynamic object in buffer->startptr: SUCCESS
[flush_string_buffer.pointer_dereference.46] line 313 dereference failure: dead object in buffer->startptr: SUCCESS
[flush_string_buffer.pointer_dereference.47] line 313 dereference failure: pointer outside object bounds in buffer->startptr: SUCCESS
[flush_string_buffer.pointer_dereference.48] line 313 dereference failure: invalid integer address in buffer->startptr: SUCCESS

neovim/src/nvim/msgpack_rpc/packer.c function mpack_bin
[mpack_bin.pointer_dereference.1] line 101 dereference failure: pointer NULL in *(&packer->ptr): SUCCESS
[mpack_bin.pointer_dereference.2] line 101 dereference failure: deallocated dynamic object in *(&packer->ptr): SUCCESS
[mpack_bin.pointer_dereference.3] line 101 dereference failure: dead object in *(&packer->ptr): SUCCESS
[mpack_bin.pointer_dereference.4] line 101 dereference failure: pointer outside object bounds in *(&packer->ptr): SUCCESS
[mpack_bin.pointer_dereference.5] line 101 dereference failure: pointer NULL in *(&packer->ptr): SUCCESS
[mpack_bin.pointer_dereference.6] line 101 dereference failure: deallocated dynamic object in *(&packer->ptr): SUCCESS
[mpack_bin.pointer_dereference.7] line 101 dereference failure: dead object in *(&packer->ptr): SUCCESS
[mpack_bin.pointer_dereference.8] line 101 dereference failure: pointer outside object bounds in *(&packer->ptr): SUCCESS
[mpack_bin.pointer_dereference.9] line 101 dereference failure: pointer NULL in *tmp_post: SUCCESS
[mpack_bin.pointer_dereference.10] line 101 dereference failure: pointer invalid in *tmp_post: SUCCESS
[mpack_bin.pointer_dereference.11] line 101 dereference failure: deallocated dynamic object in *tmp_post: SUCCESS
[mpack_bin.pointer_dereference.12] line 101 dereference failure: dead object in *tmp_post: SUCCESS
[mpack_bin.pointer_dereference.13] line 101 dereference failure: pointer outside object bounds in *tmp_post: SUCCESS
[mpack_bin.pointer_dereference.14] line 101 dereference failure: invalid integer address in *tmp_post: SUCCESS
[mpack_bin.pointer_dereference.15] line 102 dereference failure: pointer NULL in *(&packer->ptr): SUCCESS
[mpack_bin.pointer_dereference.16] line 102 dereference failure: deallocated dynamic object in *(&packer->ptr): SUCCESS
[mpack_bin.pointer_dereference.17] line 102 dereference failure: dead object in *(&packer->ptr): SUCCESS
[mpack_bin.pointer_dereference.18] line 102 dereference failure: pointer outside object bounds in *(&packer->ptr): SUCCESS
[mpack_bin.pointer_dereference.19] line 102 dereference failure: pointer NULL in *(&packer->ptr): SUCCESS
[mpack_bin.pointer_dereference.20] line 102 dereference failure: deallocated dynamic object in *(&packer->ptr): SUCCESS
[mpack_bin.pointer_dereference.21] line 102 dereference failure: dead object in *(&packer->ptr): SUCCESS
[mpack_bin.pointer_dereference.22] line 102 dereference failure: pointer outside object bounds in *(&packer->ptr): SUCCESS
[mpack_bin.pointer_dereference.23] line 102 dereference failure: pointer NULL in *tmp_post$0: SUCCESS
[mpack_bin.pointer_dereference.24] line 102 dereference failure: pointer invalid in *tmp_post$0: SUCCESS
[mpack_bin.pointer_dereference.25] line 102 dereference failure: deallocated dynamic object in *tmp_post$0: SUCCESS
[mpack_bin.pointer_dereference.26] line 102 dereference failure: dead object in *tmp_post$0: SUCCESS
[mpack_bin.pointer_dereference.27] line 102 dereference failure: pointer outside object bounds in *tmp_post$0: SUCCESS
[mpack_bin.pointer_dereference.28] line 102 dereference failure: invalid integer address in *tmp_post$0: SUCCESS
[mpack_bin.pointer_dereference.29] line 104 dereference failure: pointer NULL in *(&packer->ptr): SUCCESS
[mpack_bin.pointer_dereference.30] line 104 dereference failure: deallocated dynamic object in *(&packer->ptr): SUCCESS
[mpack_bin.pointer_dereference.31] line 104 dereference failure: dead object in *(&packer->ptr): SUCCESS
[mpack_bin.pointer_dereference.32] line 104 dereference failure: pointer outside object bounds in *(&packer->ptr): SUCCESS
[mpack_bin.pointer_dereference.33] line 104 dereference failure: pointer NULL in *(&packer->ptr): SUCCESS
[mpack_bin.pointer_dereference.34] line 104 dereference failure: deallocated dynamic object in *(&packer->ptr): SUCCESS
[mpack_bin.pointer_dereference.35] line 104 dereference failure: dead object in *(&packer->ptr): SUCCESS
[mpack_bin.pointer_dereference.36] line 104 dereference failure: pointer outside object bounds in *(&packer->ptr): SUCCESS
[mpack_bin.pointer_dereference.37] line 104 dereference failure: pointer NULL in *tmp_post$1: SUCCESS
[mpack_bin.pointer_dereference.38] line 104 dereference failure: pointer invalid in *tmp_post$1: SUCCESS
[mpack_bin.pointer_dereference.39] line 104 dereference failure: deallocated dynamic object in *tmp_post$1: SUCCESS
[mpack_bin.pointer_dereference.40] line 104 dereference failure: dead object in *tmp_post$1: SUCCESS
[mpack_bin.pointer_dereference.41] line 104 dereference failure: pointer outside object bounds in *tmp_post$1: SUCCESS
[mpack_bin.pointer_dereference.42] line 104 dereference failure: invalid integer address in *tmp_post$1: SUCCESS
[mpack_bin.pointer_dereference.43] line 107 dereference failure: pointer NULL in *(&packer->ptr): SUCCESS
[mpack_bin.pointer_dereference.44] line 107 dereference failure: deallocated dynamic object in *(&packer->ptr): SUCCESS
[mpack_bin.pointer_dereference.45] line 107 dereference failure: dead object in *(&packer->ptr): SUCCESS
[mpack_bin.pointer_dereference.46] line 107 dereference failure: pointer outside object bounds in *(&packer->ptr): SUCCESS
[mpack_bin.pointer_dereference.47] line 107 dereference failure: pointer NULL in *(&packer->ptr): SUCCESS
[mpack_bin.pointer_dereference.48] line 107 dereference failure: deallocated dynamic object in *(&packer->ptr): SUCCESS
[mpack_bin.pointer_dereference.49] line 107 dereference failure: dead object in *(&packer->ptr): SUCCESS
[mpack_bin.pointer_dereference.50] line 107 dereference failure: pointer outside object bounds in *(&packer->ptr): SUCCESS
[mpack_bin.pointer_dereference.51] line 107 dereference failure: pointer NULL in *tmp_post$2: SUCCESS
[mpack_bin.pointer_dereference.52] line 107 dereference failure: pointer invalid in *tmp_post$2: SUCCESS
[mpack_bin.pointer_dereference.53] line 107 dereference failure: deallocated dynamic object in *tmp_post$2: SUCCESS
[mpack_bin.pointer_dereference.54] line 107 dereference failure: dead object in *tmp_post$2: SUCCESS
[mpack_bin.pointer_dereference.55] line 107 dereference failure: pointer outside object bounds in *tmp_post$2: SUCCESS
[mpack_bin.pointer_dereference.56] line 107 dereference failure: invalid integer address in *tmp_post$2: SUCCESS

neovim/src/nvim/msgpack_rpc/packer.c function mpack_check_buffer
[mpack_check_buffer.pointer_dereference.1] line 21 dereference failure: pointer NULL in packer->packer_flush: SUCCESS
[mpack_check_buffer.pointer_dereference.2] line 21 dereference failure: pointer invalid in packer->packer_flush: SUCCESS
[mpack_check_buffer.pointer_dereference.3] line 21 dereference failure: deallocated dynamic object in packer->packer_flush: SUCCESS
[mpack_check_buffer.pointer_dereference.4] line 21 dereference failure: dead object in packer->packer_flush: SUCCESS
[mpack_check_buffer.pointer_dereference.5] line 21 dereference failure: pointer outside object bounds in packer->packer_flush: SUCCESS
[mpack_check_buffer.pointer_dereference.6] line 21 dereference failure: invalid integer address in packer->packer_flush: SUCCESS
[mpack_check_buffer.pointer_dereference.7] line 21 dereference failure: pointer NULL in packer->packer_flush: SUCCESS
[mpack_check_buffer.pointer_dereference.8] line 21 dereference failure: pointer invalid in packer->packer_flush: SUCCESS
[mpack_check_buffer.pointer_dereference.9] line 21 dereference failure: deallocated dynamic object in packer->packer_flush: SUCCESS
[mpack_check_buffer.pointer_dereference.10] line 21 dereference failure: dead object in packer->packer_flush: SUCCESS
[mpack_check_buffer.pointer_dereference.11] line 21 dereference failure: pointer outside object bounds in packer->packer_flush: SUCCESS
[mpack_check_buffer.pointer_dereference.12] line 21 dereference failure: invalid integer address in packer->packer_flush: SUCCESS
[mpack_check_buffer.pointer_dereference.13] line 21 dereferenced function pointer must be flush_string_buffer: SUCCESS

neovim/src/nvim/msgpack_rpc/packer.c function mpack_ext
[mpack_ext.pointer_dereference.1] line 136 dereference failure: pointer NULL in *(&packer->ptr): SUCCESS
[mpack_ext.pointer_dereference.2] line 136 dereference failure: deallocated dynamic object in *(&packer->ptr): SUCCESS
[mpack_ext.pointer_dereference.3] line 136 dereference failure: dead object in *(&packer->ptr): SUCCESS
[mpack_ext.pointer_dereference.4] line 136 dereference failure: pointer outside object bounds in *(&packer->ptr): SUCCESS
[mpack_ext.pointer_dereference.5] line 136 dereference failure: pointer NULL in *(&packer->ptr): SUCCESS
[mpack_ext.pointer_dereference.6] line 136 dereference failure: deallocated dynamic object in *(&packer->ptr): SUCCESS
[mpack_ext.pointer_dereference.7] line 136 dereference failure: dead object in *(&packer->ptr): SUCCESS
[mpack_ext.pointer_dereference.8] line 136 dereference failure: pointer outside object bounds in *(&packer->ptr): SUCCESS
[mpack_ext.pointer_dereference.9] line 136 dereference failure: pointer NULL in *tmp_post: SUCCESS
[mpack_ext.pointer_dereference.10] line 136 dereference failure: pointer invalid in *tmp_post: SUCCESS
[mpack_ext.pointer_dereference.11] line 136 dereference failure: deallocated dynamic object in *tmp_post: SUCCESS
[mpack_ext.pointer_dereference.12] line 136 dereference failure: dead object in *tmp_post: SUCCESS
[mpack_ext.pointer_dereference.13] line 136 dereference failure: pointer outside object bounds in *tmp_post: SUCCESS
[mpack_ext.pointer_dereference.14] line 136 dereference failure: invalid integer address in *tmp_post: SUCCESS
[mpack_ext.pointer_dereference.15] line 138 dereference failure: pointer NULL in *(&packer->ptr): SUCCESS
[mpack_ext.pointer_dereference.16] line 138 dereference failure: deallocated dynamic object in *(&packer->ptr): SUCCESS
[mpack_ext.pointer_dereference.17] line 138 dereference failure: dead object in *(&packer->ptr): SUCCESS
[mpack_ext.pointer_dereference.18] line 138 dereference failure: pointer outside object bounds in *(&packer->ptr): SUCCESS
[mpack_ext.pointer_dereference.19] line 138 dereference failure: pointer NULL in *(&packer->ptr): SUCCESS
[mpack_ext.pointer_dereference.20] line 138 dereference failure: deallocated dynamic object in *(&packer->ptr): SUCCESS
[mpack_ext.pointer_dereference.21] line 138 dereference failure: dead object in *(&packer->ptr): SUCCESS
[mpack_ext.pointer_dereference.22] line 138 dereference failure: pointer outside object bounds in *(&packer->ptr): SUCCESS
[mpack_ext.pointer_dereference.23] line 138 dereference failure: pointer NULL in *tmp_post$0: SUCCESS
[mpack_ext.pointer_dereference.24] line 138 dereference failure: pointer invalid in *tmp_post$0: SUCCESS
[mpack_ext.pointer_dereference.25] line 138 dereference failure: deallocated dynamic object in *tmp_post$0: SUCCESS
[mpack_ext.pointer_dereference.26] line 138 dereference failure: dead object in *tmp_post$0: SUCCESS
[mpack_ext.pointer_dereference.27] line 138 dereference failure: pointer outside object bounds in *tmp_post$0: SUCCESS
[mpack_ext.pointer_dereference.28] line 138 dereference failure: invalid integer address in *tmp_post$0: SUCCESS
[mpack_ext.pointer_dereference.29] line 140 dereference failure: pointer NULL in *(&packer->ptr): SUCCESS
[mpack_ext.pointer_dereference.30] line 140 dereference failure: deallocated dynamic object in *(&packer->ptr): SUCCESS
[mpack_ext.pointer_dereference.31] line 140 dereference failure: dead object in *(&packer->ptr): SUCCESS
[mpack_ext.pointer_dereference.32] line 140 dereference failure: pointer outside object bounds in *(&packer->ptr): SUCCESS
[mpack_ext.pointer_dereference.33] line 140 dereference failure: pointer NULL in *(&packer->ptr): SUCCESS
[mpack_ext.pointer_dereference.34] line 140 dereference failure: deallocated dynamic object in *(&packer->ptr): SUCCESS
[mpack_ext.pointer_dereference.35] line 140 dereference failure: dead object in *(&packer->ptr): SUCCESS
[mpack_ext.pointer_dereference.36] line 140 dereference failure: pointer outside object bounds in *(&packer->ptr): SUCCESS
[mpack_ext.pointer_dereference.37] line 140 dereference failure: pointer NULL in *tmp_post$1: SUCCESS
[mpack_ext.pointer_dereference.38] line 140 dereference failure: pointer invalid in *tmp_post$1: SUCCESS
[mpack_ext.pointer_dereference.39] line 140 dereference failure: deallocated dynamic object in *tmp_post$1: SUCCESS
[mpack_ext.pointer_dereference.40] line 140 dereference failure: dead object in *tmp_post$1: SUCCESS
[mpack_ext.pointer_dereference.41] line 140 dereference failure: pointer outside object bounds in *tmp_post$1: SUCCESS
[mpack_ext.pointer_dereference.42] line 140 dereference failure: invalid integer address in *tmp_post$1: SUCCESS
[mpack_ext.pointer_dereference.43] line 142 dereference failure: pointer NULL in *(&packer->ptr): SUCCESS
[mpack_ext.pointer_dereference.44] line 142 dereference failure: deallocated dynamic object in *(&packer->ptr): SUCCESS
[mpack_ext.pointer_dereference.45] line 142 dereference failure: dead object in *(&packer->ptr): SUCCESS
[mpack_ext.pointer_dereference.46] line 142 dereference failure: pointer outside object bounds in *(&packer->ptr): SUCCESS
[mpack_ext.pointer_dereference.47] line 142 dereference failure: pointer NULL in *(&packer->ptr): SUCCESS
[mpack_ext.pointer_dereference.48] line 142 dereference failure: deallocated dynamic object in *(&packer->ptr): SUCCESS
[mpack_ext.pointer_dereference.49] line 142 dereference failure: dead object in *(&packer->ptr): SUCCESS
[mpack_ext.pointer_dereference.50] line 142 dereference failure: pointer outside object bounds in *(&packer->ptr): SUCCESS
[mpack_ext.pointer_dereference.51] line 142 dereference failure: pointer NULL in *tmp_post$2: SUCCESS
[mpack_ext.pointer_dereference.52] line 142 dereference failure: pointer invalid in *tmp_post$2: SUCCESS
[mpack_ext.pointer_dereference.53] line 142 dereference failure: deallocated dynamic object in *tmp_post$2: SUCCESS
[mpack_ext.pointer_dereference.54] line 142 dereference failure: dead object in *tmp_post$2: SUCCESS
[mpack_ext.pointer_dereference.55] line 142 dereference failure: pointer outside object bounds in *tmp_post$2: SUCCESS
[mpack_ext.pointer_dereference.56] line 142 dereference failure: invalid integer address in *tmp_post$2: SUCCESS
[mpack_ext.pointer_dereference.57] line 145 dereference failure: pointer NULL in *(&packer->ptr): SUCCESS
[mpack_ext.pointer_dereference.58] line 145 dereference failure: deallocated dynamic object in *(&packer->ptr): SUCCESS
[mpack_ext.pointer_dereference.59] line 145 dereference failure: dead object in *(&packer->ptr): SUCCESS
[mpack_ext.pointer_dereference.60] line 145 dereference failure: pointer outside object bounds in *(&packer->ptr): SUCCESS
[mpack_ext.pointer_dereference.61] line 145 dereference failure: pointer NULL in *(&packer->ptr): SUCCESS
[mpack_ext.pointer_dereference.62] line 145 dereference failure: deallocated dynamic object in *(&packer->ptr): SUCCESS
[mpack_ext.pointer_dereference.63] line 145 dereference failure: dead object in *(&packer->ptr): SUCCESS
[mpack_ext.pointer_dereference.64] line 145 dereference failure: pointer outside object bounds in *(&packer->ptr): SUCCESS
[mpack_ext.pointer_dereference.65] line 145 dereference failure: pointer NULL in *tmp_post$3: SUCCESS
[mpack_ext.pointer_dereference.66] line 145 dereference failure: pointer invalid in *tmp_post$3: SUCCESS
[mpack_ext.pointer_dereference.67] line 145 dereference failure: deallocated dynamic object in *tmp_post$3: SUCCESS
[mpack_ext.pointer_dereference.68] line 145 dereference failure: dead object in *tmp_post$3: SUCCESS
[mpack_ext.pointer_dereference.69] line 145 dereference failure: pointer outside object bounds in *tmp_post$3: SUCCESS
[mpack_ext.pointer_dereference.70] line 145 dereference failure: invalid integer address in *tmp_post$3: SUCCESS
[mpack_ext.pointer_dereference.71] line 150 dereference failure: pointer NULL in *(&packer->ptr): SUCCESS
[mpack_ext.pointer_dereference.72] line 150 dereference failure: deallocated dynamic object in *(&packer->ptr): SUCCESS
[mpack_ext.pointer_dereference.73] line 150 dereference failure: dead object in *(&packer->ptr): SUCCESS
[mpack_ext.pointer_dereference.74] line 150 dereference failure: pointer outside object bounds in *(&packer->ptr): SUCCESS
[mpack_ext.pointer_dereference.75] line 150 dereference failure: pointer NULL in *(&packer->ptr): SUCCESS
[mpack_ext.pointer_dereference.76] line 150 dereference failure: deallocated dynamic object in *(&packer->ptr): SUCCESS
[mpack_ext.pointer_dereference.77] line 150 dereference failure: dead object in *(&packer->ptr): SUCCESS
[mpack_ext.pointer_dereference.78] line 150 dereference failure: pointer outside object bounds in *(&packer->ptr): SUCCESS
[mpack_ext.pointer_dereference.79] line 150 dereference failure: pointer NULL in *tmp_post$4: SUCCESS
[mpack_ext.pointer_dereference.80] line 150 dereference failure: pointer invalid in *tmp_post$4: SUCCESS
[mpack_ext.pointer_dereference.81] line 150 dereference failure: deallocated dynamic object in *tmp_post$4: SUCCESS
[mpack_ext.pointer_dereference.82] line 150 dereference failure: dead object in *tmp_post$4: SUCCESS
[mpack_ext.pointer_dereference.83] line 150 dereference failure: pointer outside object bounds in *tmp_post$4: SUCCESS
[mpack_ext.pointer_dereference.84] line 150 dereference failure: invalid integer address in *tmp_post$4: SUCCESS

neovim/src/nvim/msgpack_rpc/packer.c function mpack_float8
[mpack_float8.pointer_dereference.1] line 72 dereference failure: pointer NULL in *ptr: SUCCESS
[mpack_float8.pointer_dereference.2] line 72 dereference failure: pointer invalid in *ptr: SUCCESS
[mpack_float8.pointer_dereference.3] line 72 dereference failure: deallocated dynamic object in *ptr: SUCCESS
[mpack_float8.pointer_dereference.4] line 72 dereference failure: dead object in *ptr: SUCCESS
[mpack_float8.pointer_dereference.5] line 72 dereference failure: pointer outside object bounds in *ptr: SUCCESS
[mpack_float8.pointer_dereference.6] line 72 dereference failure: invalid integer address in *ptr: SUCCESS
[mpack_float8.pointer_dereference.7] line 72 dereference failure: pointer NULL in *tmp_post: SUCCESS
[mpack_float8.pointer_dereference.8] line 72 dereference failure: pointer invalid in *tmp_post: SUCCESS
[mpack_float8.pointer_dereference.9] line 72 dereference failure: deallocated dynamic object in *tmp_post: SUCCESS
[mpack_float8.pointer_dereference.10] line 72 dereference failure: dead object in *tmp_post: SUCCESS
[mpack_float8.pointer_dereference.11] line 72 dereference failure: pointer outside object bounds in *tmp_post: SUCCESS
[mpack_float8.pointer_dereference.12] line 72 dereference failure: invalid integer address in *tmp_post: SUCCESS

neovim/src/nvim/msgpack_rpc/packer.c function mpack_handle
[mpack_handle.overflow.1] line 156 arithmetic overflow on signed - in (signed int)type - 8: SUCCESS
[mpack_handle.pointer_dereference.1] line 158 dereference failure: pointer NULL in *(&packer->ptr): SUCCESS
[mpack_handle.pointer_dereference.2] line 158 dereference failure: deallocated dynamic object in *(&packer->ptr): SUCCESS
[mpack_handle.pointer_dereference.3] line 158 dereference failure: dead object in *(&packer->ptr): SUCCESS
[mpack_handle.pointer_dereference.4] line 158 dereference failure: pointer outside object bounds in *(&packer->ptr): SUCCESS
[mpack_handle.pointer_dereference.5] line 158 dereference failure: pointer NULL in *(&packer->ptr): SUCCESS
[mpack_handle.pointer_dereference.6] line 158 dereference failure: deallocated dynamic object in *(&packer->ptr): SUCCESS
[mpack_handle.pointer_dereference.7] line 158 dereference failure: dead object in *(&packer->ptr): SUCCESS
[mpack_handle.pointer_dereference.8] line 158 dereference failure: pointer outside object bounds in *(&packer->ptr): SUCCESS
[mpack_handle.pointer_dereference.9] line 158 dereference failure: pointer NULL in *tmp_post: SUCCESS
[mpack_handle.pointer_dereference.10] line 158 dereference failure: pointer invalid in *tmp_post: SUCCESS
[mpack_handle.pointer_dereference.11] line 158 dereference failure: deallocated dynamic object in *tmp_post: SUCCESS
[mpack_handle.pointer_dereference.12] line 158 dereference failure: dead object in *tmp_post: SUCCESS
[mpack_handle.pointer_dereference.13] line 158 dereference failure: pointer outside object bounds in *tmp_post: SUCCESS
[mpack_handle.pointer_dereference.14] line 158 dereference failure: invalid integer address in *tmp_post: SUCCESS
[mpack_handle.pointer_dereference.15] line 159 dereference failure: pointer NULL in *(&packer->ptr): SUCCESS
[mpack_handle.pointer_dereference.16] line 159 dereference failure: deallocated dynamic object in *(&packer->ptr): SUCCESS
[mpack_handle.pointer_dereference.17] line 159 dereference failure: dead object in *(&packer->ptr): SUCCESS
[mpack_handle.pointer_dereference.18] line 159 dereference failure: pointer outside object bounds in *(&packer->ptr): SUCCESS
[mpack_handle.pointer_dereference.19] line 159 dereference failure: pointer NULL in *(&packer->ptr): SUCCESS
[mpack_handle.pointer_dereference.20] line 159 dereference failure: deallocated dynamic object in *(&packer->ptr): SUCCESS
[mpack_handle.pointer_dereference.21] line 159 dereference failure: dead object in *(&packer->ptr): SUCCESS
[mpack_handle.pointer_dereference.22] line 159 dereference failure: pointer outside object bounds in *(&packer->ptr): SUCCESS
[mpack_handle.pointer_dereference.23] line 159 dereference failure: pointer NULL in *tmp_post$0: SUCCESS
[mpack_handle.pointer_dereference.24] line 159 dereference failure: pointer invalid in *tmp_post$0: SUCCESS
[mpack_handle.pointer_dereference.25] line 159 dereference failure: deallocated dynamic object in *tmp_post$0: SUCCESS
[mpack_handle.pointer_dereference.26] line 159 dereference failure: dead object in *tmp_post$0: SUCCESS
[mpack_handle.pointer_dereference.27] line 159 dereference failure: pointer outside object bounds in *tmp_post$0: SUCCESS
[mpack_handle.pointer_dereference.28] line 159 dereference failure: invalid integer address in *tmp_post$0: SUCCESS
[mpack_handle.pointer_dereference.29] line 160 dereference failure: pointer NULL in *(&packer->ptr): SUCCESS
[mpack_handle.pointer_dereference.30] line 160 dereference failure: deallocated dynamic object in *(&packer->ptr): SUCCESS
[mpack_handle.pointer_dereference.31] line 160 dereference failure: dead object in *(&packer->ptr): SUCCESS
[mpack_handle.pointer_dereference.32] line 160 dereference failure: pointer outside object bounds in *(&packer->ptr): SUCCESS
[mpack_handle.pointer_dereference.33] line 160 dereference failure: pointer NULL in *(&packer->ptr): SUCCESS
[mpack_handle.pointer_dereference.34] line 160 dereference failure: deallocated dynamic object in *(&packer->ptr): SUCCESS
[mpack_handle.pointer_dereference.35] line 160 dereference failure: dead object in *(&packer->ptr): SUCCESS
[mpack_handle.pointer_dereference.36] line 160 dereference failure: pointer outside object bounds in *(&packer->ptr): SUCCESS
[mpack_handle.pointer_dereference.37] line 160 dereference failure: pointer NULL in *tmp_post$1: SUCCESS
[mpack_handle.pointer_dereference.38] line 160 dereference failure: pointer invalid in *tmp_post$1: SUCCESS
[mpack_handle.pointer_dereference.39] line 160 dereference failure: deallocated dynamic object in *tmp_post$1: SUCCESS
[mpack_handle.pointer_dereference.40] line 160 dereference failure: dead object in *tmp_post$1: SUCCESS
[mpack_handle.pointer_dereference.41] line 160 dereference failure: pointer outside object bounds in *tmp_post$1: SUCCESS
[mpack_handle.pointer_dereference.42] line 160 dereference failure: invalid integer address in *tmp_post$1: SUCCESS
[mpack_handle.assertion.1] line 163 assertion handle >= 0: SUCCESS
[mpack_handle.overflow.2] line 169 arithmetic overflow on signed - in pos - buf: SUCCESS
[mpack_handle.pointer.1] line 169 same object violation in pos - buf: SUCCESS
[mpack_handle.pointer_arithmetic.1] line 169 pointer relation: pointer NULL in pos: SUCCESS
[mpack_handle.pointer_arithmetic.2] line 169 pointer relation: pointer invalid in pos: SUCCESS
[mpack_handle.pointer_arithmetic.3] line 169 pointer relation: deallocated dynamic object in pos: SUCCESS
[mpack_handle.pointer_arithmetic.4] line 169 pointer relation: dead object in pos: SUCCESS
[mpack_handle.pointer_arithmetic.5] line 169 pointer relation: pointer outside object bounds in pos: SUCCESS
[mpack_handle.pointer_arithmetic.6] line 169 pointer relation: invalid integer address in pos: SUCCESS
[mpack_handle.pointer_arithmetic.7] line 169 pointer relation: dead object in buf: SUCCESS
[mpack_handle.pointer_dereference.43] line 170 dereference failure: pointer NULL in *(&packer->ptr): SUCCESS
[mpack_handle.pointer_dereference.44] line 170 dereference failure: deallocated dynamic object in *(&packer->ptr): SUCCESS
[mpack_handle.pointer_dereference.45] line 170 dereference failure: dead object in *(&packer->ptr): SUCCESS
[mpack_handle.pointer_dereference.46] line 170 dereference failure: pointer outside object bounds in *(&packer->ptr): SUCCESS
[mpack_handle.pointer_dereference.47] line 170 dereference failure: pointer NULL in *(&packer->ptr): SUCCESS
[mpack_handle.pointer_dereference.48] line 170 dereference failure: deallocated dynamic object in *(&packer->ptr): SUCCESS
[mpack_handle.pointer_dereference.49] line 170 dereference failure: dead object in *(&packer->ptr): SUCCESS
[mpack_handle.pointer_dereference.50] line 170 dereference failure: pointer outside object bounds in *(&packer->ptr): SUCCESS
[mpack_handle.pointer_dereference.51] line 170 dereference failure: pointer NULL in *tmp_post$2: SUCCESS
[mpack_handle.pointer_dereference.52] line 170 dereference failure: pointer invalid in *tmp_post$2: SUCCESS
[mpack_handle.pointer_dereference.53] line 170 dereference failure: deallocated dynamic object in *tmp_post$2: SUCCESS
[mpack_handle.pointer_dereference.54] line 170 dereference failure: dead object in *tmp_post$2: SUCCESS
[mpack_handle.pointer_dereference.55] line 170 dereference failure: pointer outside object bounds in *tmp_post$2: SUCCESS
[mpack_handle.pointer_dereference.56] line 170 dereference failure: invalid integer address in *tmp_post$2: SUCCESS
[mpack_handle.pointer_dereference.57] line 171 dereference failure: pointer NULL in *(&packer->ptr): SUCCESS
[mpack_handle.pointer_dereference.58] line 171 dereference failure: deallocated dynamic object in *(&packer->ptr): SUCCESS
[mpack_handle.pointer_dereference.59] line 171 dereference failure: dead object in *(&packer->ptr): SUCCESS
[mpack_handle.pointer_dereference.60] line 171 dereference failure: pointer outside object bounds in *(&packer->ptr): SUCCESS
[mpack_handle.pointer_dereference.61] line 171 dereference failure: pointer NULL in *(&packer->ptr): SUCCESS
[mpack_handle.pointer_dereference.62] line 171 dereference failure: deallocated dynamic object in *(&packer->ptr): SUCCESS
[mpack_handle.pointer_dereference.63] line 171 dereference failure: dead object in *(&packer->ptr): SUCCESS
[mpack_handle.pointer_dereference.64] line 171 dereference failure: pointer outside object bounds in *(&packer->ptr): SUCCESS
[mpack_handle.pointer_dereference.65] line 171 dereference failure: pointer NULL in *tmp_post$3: SUCCESS
[mpack_handle.pointer_dereference.66] line 171 dereference failure: pointer invalid in *tmp_post$3: SUCCESS
[mpack_handle.pointer_dereference.67] line 171 dereference failure: deallocated dynamic object in *tmp_post$3: SUCCESS
[mpack_handle.pointer_dereference.68] line 171 dereference failure: dead object in *tmp_post$3: SUCCESS
[mpack_handle.pointer_dereference.69] line 171 dereference failure: pointer outside object bounds in *tmp_post$3: SUCCESS
[mpack_handle.pointer_dereference.70] line 171 dereference failure: invalid integer address in *tmp_post$3: SUCCESS
[mpack_handle.pointer_dereference.71] line 172 dereference failure: pointer NULL in *(&packer->ptr): SUCCESS
[mpack_handle.pointer_dereference.72] line 172 dereference failure: deallocated dynamic object in *(&packer->ptr): SUCCESS
[mpack_handle.pointer_dereference.73] line 172 dereference failure: dead object in *(&packer->ptr): SUCCESS
[mpack_handle.pointer_dereference.74] line 172 dereference failure: pointer outside object bounds in *(&packer->ptr): SUCCESS
[mpack_handle.pointer_dereference.75] line 172 dereference failure: pointer NULL in *(&packer->ptr): SUCCESS
[mpack_handle.pointer_dereference.76] line 172 dereference failure: deallocated dynamic object in *(&packer->ptr): SUCCESS
[mpack_handle.pointer_dereference.77] line 172 dereference failure: dead object in *(&packer->ptr): SUCCESS
[mpack_handle.pointer_dereference.78] line 172 dereference failure: pointer outside object bounds in *(&packer->ptr): SUCCESS
[mpack_handle.pointer_dereference.79] line 172 dereference failure: pointer NULL in *tmp_post$4: SUCCESS
[mpack_handle.pointer_dereference.80] line 172 dereference failure: pointer invalid in *tmp_post$4: SUCCESS
[mpack_handle.pointer_dereference.81] line 172 dereference failure: deallocated dynamic object in *tmp_post$4: SUCCESS
[mpack_handle.pointer_dereference.82] line 172 dereference failure: dead object in *tmp_post$4: SUCCESS
[mpack_handle.pointer_dereference.83] line 172 dereference failure: pointer outside object bounds in *tmp_post$4: SUCCESS
[mpack_handle.pointer_dereference.84] line 172 dereference failure: invalid integer address in *tmp_post$4: SUCCESS
[mpack_handle.pointer_dereference.85] line 173 dereference failure: pointer NULL in packer->ptr: SUCCESS
[mpack_handle.pointer_dereference.86] line 173 dereference failure: pointer invalid in packer->ptr: SUCCESS
[mpack_handle.pointer_dereference.87] line 173 dereference failure: deallocated dynamic object in packer->ptr: SUCCESS
[mpack_handle.pointer_dereference.88] line 173 dereference failure: dead object in packer->ptr: SUCCESS
[mpack_handle.pointer_dereference.89] line 173 dereference failure: pointer outside object bounds in packer->ptr: SUCCESS
[mpack_handle.pointer_dereference.90] line 173 dereference failure: invalid integer address in packer->ptr: SUCCESS
[mpack_handle.pointer_dereference.91] line 174 dereference failure: pointer NULL in packer->ptr: SUCCESS
[mpack_handle.pointer_dereference.92] line 174 dereference failure: pointer invalid in packer->ptr: SUCCESS
[mpack_handle.pointer_dereference.93] line 174 dereference failure: deallocated dynamic object in packer->ptr: SUCCESS
[mpack_handle.pointer_dereference.94] line 174 dereference failure: dead object in packer->ptr: SUCCESS
[mpack_handle.pointer_dereference.95] line 174 dereference failure: pointer outside object bounds in packer->ptr: SUCCESS
[mpack_handle.pointer_dereference.96] line 174 dereference failure: invalid integer address in packer->ptr: SUCCESS

neovim/src/nvim/msgpack_rpc/packer.c function mpack_integer
[mpack_integer.pointer_dereference.1] line 53 dereference failure: pointer NULL in *ptr: SUCCESS
[mpack_integer.pointer_dereference.2] line 53 dereference failure: pointer invalid in *ptr: SUCCESS
[mpack_integer.pointer_dereference.3] line 53 dereference failure: deallocated dynamic object in *ptr: SUCCESS
[mpack_integer.pointer_dereference.4] line 53 dereference failure: dead object in *ptr: SUCCESS
[mpack_integer.pointer_dereference.5] line 53 dereference failure: pointer outside object bounds in *ptr: SUCCESS
[mpack_integer.pointer_dereference.6] line 53 dereference failure: invalid integer address in *ptr: SUCCESS
[mpack_integer.pointer_dereference.7] line 53 dereference failure: pointer NULL in *tmp_post: SUCCESS
[mpack_integer.pointer_dereference.8] line 53 dereference failure: pointer invalid in *tmp_post: SUCCESS
[mpack_integer.pointer_dereference.9] line 53 dereference failure: deallocated dynamic object in *tmp_post: SUCCESS
[mpack_integer.pointer_dereference.10] line 53 dereference failure: dead object in *tmp_post: SUCCESS
[mpack_integer.pointer_dereference.11] line 53 dereference failure: pointer outside object bounds in *tmp_post: SUCCESS
[mpack_integer.pointer_dereference.12] line 53 dereference failure: invalid integer address in *tmp_post: SUCCESS
[mpack_integer.pointer_dereference.13] line 56 dereference failure: pointer NULL in *ptr: SUCCESS
[mpack_integer.pointer_dereference.14] line 56 dereference failure: pointer invalid in *ptr: SUCCESS
[mpack_integer.pointer_dereference.15] line 56 dereference failure: deallocated dynamic object in *ptr: SUCCESS
[mpack_integer.pointer_dereference.16] line 56 dereference failure: dead object in *ptr: SUCCESS
[mpack_integer.pointer_dereference.17] line 56 dereference failure: pointer outside object bounds in *ptr: SUCCESS
[mpack_integer.pointer_dereference.18] line 56 dereference failure: invalid integer address in *ptr: SUCCESS
[mpack_integer.pointer_dereference.19] line 56 dereference failure: pointer NULL in *tmp_post$0: SUCCESS
[mpack_integer.pointer_dereference.20] line 56 dereference failure: pointer invalid in *tmp_post$0: SUCCESS
[mpack_integer.pointer_dereference.21] line 56 dereference failure: deallocated dynamic object in *tmp_post$0: SUCCESS
[mpack_integer.pointer_dereference.22] line 56 dereference failure: dead object in *tmp_post$0: SUCCESS
[mpack_integer.pointer_dereference.23] line 56 dereference failure: pointer outside object bounds in *tmp_post$0: SUCCESS
[mpack_integer.pointer_dereference.24] line 56 dereference failure: invalid integer address in *tmp_post$0: SUCCESS
[mpack_integer.pointer_dereference.25] line 59 dereference failure: pointer NULL in *ptr: SUCCESS
[mpack_integer.pointer_dereference.26] line 59 dereference failure: pointer invalid in *ptr: SUCCESS
[mpack_integer.pointer_dereference.27] line 59 dereference failure: deallocated dynamic object in *ptr: SUCCESS
[mpack_integer.pointer_dereference.28] line 59 dereference failure: dead object in *ptr: SUCCESS
[mpack_integer.pointer_dereference.29] line 59 dereference failure: pointer outside object bounds in *ptr: SUCCESS
[mpack_integer.pointer_dereference.30] line 59 dereference failure: invalid integer address in *ptr: SUCCESS
[mpack_integer.pointer_dereference.31] line 59 dereference failure: pointer NULL in *tmp_post$1: SUCCESS
[mpack_integer.pointer_dereference.32] line 59 dereference failure: pointer invalid in *tmp_post$1: SUCCESS
[mpack_integer.pointer_dereference.33] line 59 dereference failure: deallocated dynamic object in *tmp_post$1: SUCCESS
[mpack_integer.pointer_dereference.34] line 59 dereference failure: dead object in *tmp_post$1: SUCCESS
[mpack_integer.pointer_dereference.35] line 59 dereference failure: pointer outside object bounds in *tmp_post$1: SUCCESS
[mpack_integer.pointer_dereference.36] line 59 dereference failure: invalid integer address in *tmp_post$1: SUCCESS
[mpack_integer.pointer_dereference.37] line 62 dereference failure: pointer NULL in *ptr: SUCCESS
[mpack_integer.pointer_dereference.38] line 62 dereference failure: pointer invalid in *ptr: SUCCESS
[mpack_integer.pointer_dereference.39] line 62 dereference failure: deallocated dynamic object in *ptr: SUCCESS
[mpack_integer.pointer_dereference.40] line 62 dereference failure: dead object in *ptr: SUCCESS
[mpack_integer.pointer_dereference.41] line 62 dereference failure: pointer outside object bounds in *ptr: SUCCESS
[mpack_integer.pointer_dereference.42] line 62 dereference failure: invalid integer address in *ptr: SUCCESS
[mpack_integer.pointer_dereference.43] line 62 dereference failure: pointer NULL in *tmp_post$2: SUCCESS
[mpack_integer.pointer_dereference.44] line 62 dereference failure: pointer invalid in *tmp_post$2: SUCCESS
[mpack_integer.pointer_dereference.45] line 62 dereference failure: deallocated dynamic object in *tmp_post$2: SUCCESS
[mpack_integer.pointer_dereference.46] line 62 dereference failure: dead object in *tmp_post$2: SUCCESS
[mpack_integer.pointer_dereference.47] line 62 dereference failure: pointer outside object bounds in *tmp_post$2: SUCCESS
[mpack_integer.pointer_dereference.48] line 62 dereference failure: invalid integer address in *tmp_post$2: SUCCESS
[mpack_integer.pointer_dereference.49] line 63 dereference failure: pointer NULL in *ptr: SUCCESS
[mpack_integer.pointer_dereference.50] line 63 dereference failure: pointer invalid in *ptr: SUCCESS
[mpack_integer.pointer_dereference.51] line 63 dereference failure: deallocated dynamic object in *ptr: SUCCESS
[mpack_integer.pointer_dereference.52] line 63 dereference failure: dead object in *ptr: SUCCESS
[mpack_integer.pointer_dereference.53] line 63 dereference failure: pointer outside object bounds in *ptr: SUCCESS
[mpack_integer.pointer_dereference.54] line 63 dereference failure: invalid integer address in *ptr: SUCCESS
[mpack_integer.pointer_dereference.55] line 63 dereference failure: pointer NULL in *tmp_post$3: SUCCESS
[mpack_integer.pointer_dereference.56] line 63 dereference failure: pointer invalid in *tmp_post$3: SUCCESS
[mpack_integer.pointer_dereference.57] line 63 dereference failure: deallocated dynamic object in *tmp_post$3: SUCCESS
[mpack_integer.pointer_dereference.58] line 63 dereference failure: dead object in *tmp_post$3: SUCCESS
[mpack_integer.pointer_dereference.59] line 63 dereference failure: pointer outside object bounds in *tmp_post$3: SUCCESS
[mpack_integer.pointer_dereference.60] line 63 dereference failure: invalid integer address in *tmp_post$3: SUCCESS
[mpack_integer.pointer_dereference.61] line 65 dereference failure: pointer NULL in *ptr: SUCCESS
[mpack_integer.pointer_dereference.62] line 65 dereference failure: pointer invalid in *ptr: SUCCESS
[mpack_integer.pointer_dereference.63] line 65 dereference failure: deallocated dynamic object in *ptr: SUCCESS
[mpack_integer.pointer_dereference.64] line 65 dereference failure: dead object in *ptr: SUCCESS
[mpack_integer.pointer_dereference.65] line 65 dereference failure: pointer outside object bounds in *ptr: SUCCESS
[mpack_integer.pointer_dereference.66] line 65 dereference failure: invalid integer address in *ptr: SUCCESS
[mpack_integer.pointer_dereference.67] line 65 dereference failure: pointer NULL in *tmp_post$4: SUCCESS
[mpack_integer.pointer_dereference.68] line 65 dereference failure: pointer invalid in *tmp_post$4: SUCCESS
[mpack_integer.pointer_dereference.69] line 65 dereference failure: deallocated dynamic object in *tmp_post$4: SUCCESS
[mpack_integer.pointer_dereference.70] line 65 dereference failure: dead object in *tmp_post$4: SUCCESS
[mpack_integer.pointer_dereference.71] line 65 dereference failure: pointer outside object bounds in *tmp_post$4: SUCCESS
[mpack_integer.pointer_dereference.72] line 65 dereference failure: invalid integer address in *tmp_post$4: SUCCESS

neovim/src/nvim/msgpack_rpc/packer.c function mpack_object_inner
[mpack_object_inner.pointer_dereference.1] line 208 dereference failure: pointer NULL in current->type: SUCCESS
[mpack_object_inner.pointer_dereference.2] line 208 dereference failure: pointer invalid in current->type: SUCCESS
[mpack_object_inner.pointer_dereference.3] line 208 dereference failure: deallocated dynamic object in current->type: SUCCESS
[mpack_object_inner.pointer_dereference.4] line 208 dereference failure: dead object in current->type: SUCCESS
[mpack_object_inner.pointer_dereference.5] line 208 dereference failure: pointer outside object bounds in current->type: SUCCESS
[mpack_object_inner.pointer_dereference.6] line 208 dereference failure: invalid integer address in current->type: SUCCESS
[mpack_object_inner.pointer_dereference.7] line 208 dereference failure: pointer NULL in current->type: SUCCESS
[mpack_object_inner.pointer_dereference.8] line 208 dereference failure: pointer invalid in current->type: SUCCESS
[mpack_object_inner.pointer_dereference.9] line 208 dereference failure: deallocated dynamic object in current->type: SUCCESS
[mpack_object_inner.pointer_dereference.10] line 208 dereference failure: dead object in current->type: SUCCESS
[mpack_object_inner.pointer_dereference.11] line 208 dereference failure: pointer outside object bounds in current->type: SUCCESS
[mpack_object_inner.pointer_dereference.12] line 208 dereference failure: invalid integer address in current->type: SUCCESS
[mpack_object_inner.pointer_dereference.13] line 208 dereference failure: pointer NULL in current->type: SUCCESS
[mpack_object_inner.pointer_dereference.14] line 208 dereference failure: pointer invalid in current->type: SUCCESS
[mpack_object_inner.pointer_dereference.15] line 208 dereference failure: deallocated dynamic object in current->type: SUCCESS
[mpack_object_inner.pointer_dereference.16] line 208 dereference failure: dead object in current->type: SUCCESS
[mpack_object_inner.pointer_dereference.17] line 208 dereference failure: pointer outside object bounds in current->type: SUCCESS
[mpack_object_inner.pointer_dereference.18] line 208 dereference failure: invalid integer address in current->type: SUCCESS
[mpack_object_inner.pointer_dereference.19] line 208 dereference failure: pointer NULL in current->type: SUCCESS
[mpack_object_inner.pointer_dereference.20] line 208 dereference failure: pointer invalid in current->type: SUCCESS
[mpack_object_inner.pointer_dereference.21] line 208 dereference failure: deallocated dynamic object in current->type: SUCCESS
[mpack_object_inner.pointer_dereference.22] line 208 dereference failure: dead object in current->type: SUCCESS
[mpack_object_inner.pointer_dereference.23] line 208 dereference failure: pointer outside object bounds in current->type: SUCCESS
[mpack_object_inner.pointer_dereference.24] line 208 dereference failure: invalid integer address in current->type: SUCCESS
[mpack_object_inner.pointer_dereference.25] line 208 dereference failure: pointer NULL in current->type: SUCCESS
[mpack_object_inner.pointer_dereference.26] line 208 dereference failure: pointer invalid in current->type: SUCCESS
[mpack_object_inner.pointer_dereference.27] line 208 dereference failure: deallocated dynamic object in current->type: SUCCESS
[mpack_object_inner.pointer_dereference.28] line 208 dereference failure: dead object in current->type: SUCCESS
[mpack_object_inner.pointer_dereference.29] line 208 dereference failure: pointer outside object bounds in current->type: SUCCESS
[mpack_object_inner.pointer_dereference.30] line 208 dereference failure: invalid integer address in current->type: SUCCESS
[mpack_object_inner.pointer_dereference.31] line 213 dereference failure: pointer NULL in current->data: SUCCESS
[mpack_object_inner.pointer_dereference.32] line 213 dereference failure: pointer invalid in current->data: SUCCESS
[mpack_object_inner.pointer_dereference.33] line 213 dereference failure: deallocated dynamic object in current->data: SUCCESS
[mpack_object_inner.pointer_dereference.34] line 213 dereference failure: dead object in current->data: SUCCESS
[mpack_object_inner.pointer_dereference.35] line 213 dereference failure: pointer outside object bounds in current->data: SUCCESS
[mpack_object_inner.pointer_dereference.36] line 213 dereference failure: invalid integer address in current->data: SUCCESS
[mpack_object_inner.pointer_dereference.37] line 214 dereference failure: pointer NULL in current->data: SUCCESS
[mpack_object_inner.pointer_dereference.38] line 214 dereference failure: pointer invalid in current->data: SUCCESS
[mpack_object_inner.pointer_dereference.39] line 214 dereference failure: deallocated dynamic object in current->data: SUCCESS
[mpack_object_inner.pointer_dereference.40] line 214 dereference failure: dead object in current->data: SUCCESS
[mpack_object_inner.pointer_dereference.41] line 214 dereference failure: pointer outside object bounds in current->data: SUCCESS
[mpack_object_inner.pointer_dereference.42] line 214 dereference failure: invalid integer address in current->data: SUCCESS
[mpack_object_inner.pointer_dereference.43] line 217 dereference failure: pointer NULL in *(&packer->ptr): SUCCESS
[mpack_object_inner.pointer_dereference.44] line 217 dereference failure: deallocated dynamic object in *(&packer->ptr): SUCCESS
[mpack_object_inner.pointer_dereference.45] line 217 dereference failure: dead object in *(&packer->ptr): SUCCESS
[mpack_object_inner.pointer_dereference.46] line 217 dereference failure: pointer outside object bounds in *(&packer->ptr): SUCCESS
[mpack_object_inner.pointer_dereference.47] line 217 dereference failure: pointer NULL in *(&packer->ptr): SUCCESS
[mpack_object_inner.pointer_dereference.48] line 217 dereference failure: deallocated dynamic object in *(&packer->ptr): SUCCESS
[mpack_object_inner.pointer_dereference.49] line 217 dereference failure: dead object in *(&packer->ptr): SUCCESS
[mpack_object_inner.pointer_dereference.50] line 217 dereference failure: pointer outside object bounds in *(&packer->ptr): SUCCESS
[mpack_object_inner.pointer_dereference.51] line 217 dereference failure: pointer NULL in *tmp_post: SUCCESS
[mpack_object_inner.pointer_dereference.52] line 217 dereference failure: pointer invalid in *tmp_post: SUCCESS
[mpack_object_inner.pointer_dereference.53] line 217 dereference failure: deallocated dynamic object in *tmp_post: SUCCESS
[mpack_object_inner.pointer_dereference.54] line 217 dereference failure: dead object in *tmp_post: SUCCESS
[mpack_object_inner.pointer_dereference.55] line 217 dereference failure: pointer outside object bounds in *tmp_post: SUCCESS
[mpack_object_inner.pointer_dereference.56] line 217 dereference failure: invalid integer address in *tmp_post: SUCCESS
[mpack_object_inner.pointer_dereference.57] line 220 dereference failure: pointer NULL in current->data: SUCCESS
[mpack_object_inner.pointer_dereference.58] line 220 dereference failure: pointer invalid in current->data: SUCCESS
[mpack_object_inner.pointer_dereference.59] line 220 dereference failure: deallocated dynamic object in current->data: SUCCESS
[mpack_object_inner.pointer_dereference.60] line 220 dereference failure: dead object in current->data: SUCCESS
[mpack_object_inner.pointer_dereference.61] line 220 dereference failure: pointer outside object bounds in current->data: SUCCESS
[mpack_object_inner.pointer_dereference.62] line 220 dereference failure: invalid integer address in current->data: SUCCESS
[mpack_object_inner.pointer_dereference.63] line 223 dereference failure: pointer NULL in current->data: SUCCESS
[mpack_object_inner.pointer_dereference.64] line 223 dereference failure: pointer invalid in current->data: SUCCESS
[mpack_object_inner.pointer_dereference.65] line 223 dereference failure: deallocated dynamic object in current->data: SUCCESS
[mpack_object_inner.pointer_dereference.66] line 223 dereference failure: dead object in current->data: SUCCESS
[mpack_object_inner.pointer_dereference.67] line 223 dereference failure: pointer outside object bounds in current->data: SUCCESS
[mpack_object_inner.pointer_dereference.68] line 223 dereference failure: invalid integer address in current->data: SUCCESS
[mpack_object_inner.pointer_dereference.69] line 226 dereference failure: pointer NULL in current->data: SUCCESS
[mpack_object_inner.pointer_dereference.70] line 226 dereference failure: pointer invalid in current->data: SUCCESS
[mpack_object_inner.pointer_dereference.71] line 226 dereference failure: deallocated dynamic object in current->data: SUCCESS
[mpack_object_inner.pointer_dereference.72] line 226 dereference failure: dead object in current->data: SUCCESS
[mpack_object_inner.pointer_dereference.73] line 226 dereference failure: pointer outside object bounds in current->data: SUCCESS
[mpack_object_inner.pointer_dereference.74] line 226 dereference failure: invalid integer address in current->data: SUCCESS
[mpack_object_inner.pointer_dereference.75] line 229 dereference failure: pointer NULL in current->data: SUCCESS
[mpack_object_inner.pointer_dereference.76] line 229 dereference failure: pointer invalid in current->data: SUCCESS
[mpack_object_inner.pointer_dereference.77] line 229 dereference failure: deallocated dynamic object in current->data: SUCCESS
[mpack_object_inner.pointer_dereference.78] line 229 dereference failure: dead object in current->data: SUCCESS
[mpack_object_inner.pointer_dereference.79] line 229 dereference failure: pointer outside object bounds in current->data: SUCCESS
[mpack_object_inner.pointer_dereference.80] line 229 dereference failure: invalid integer address in current->data: SUCCESS
[mpack_object_inner.pointer_dereference.81] line 234 dereference failure: pointer NULL in current->type: SUCCESS
[mpack_object_inner.pointer_dereference.82] line 234 dereference failure: pointer invalid in current->type: SUCCESS
[mpack_object_inner.pointer_dereference.83] line 234 dereference failure: deallocated dynamic object in current->type: SUCCESS
[mpack_object_inner.pointer_dereference.84] line 234 dereference failure: dead object in current->type: SUCCESS
[mpack_object_inner.pointer_dereference.85] line 234 dereference failure: pointer outside object bounds in current->type: SUCCESS
[mpack_object_inner.pointer_dereference.86] line 234 dereference failure: invalid integer address in current->type: SUCCESS
[mpack_object_inner.pointer_dereference.87] line 234 dereference failure: pointer NULL in current->data: SUCCESS
[mpack_object_inner.pointer_dereference.88] line 234 dereference failure: pointer invalid in current->data: SUCCESS
[mpack_object_inner.pointer_dereference.89] line 234 dereference failure: deallocated dynamic object in current->data: SUCCESS
[mpack_object_inner.pointer_dereference.90] line 234 dereference failure: dead object in current->data: SUCCESS
[mpack_object_inner.pointer_dereference.91] line 234 dereference failure: pointer outside object bounds in current->data: SUCCESS
[mpack_object_inner.pointer_dereference.92] line 234 dereference failure: invalid integer address in current->data: SUCCESS
[mpack_object_inner.pointer_dereference.93] line 239 dereference failure: pointer NULL in current->type: SUCCESS
[mpack_object_inner.pointer_dereference.94] line 239 dereference failure: pointer invalid in current->type: SUCCESS
[mpack_object_inner.pointer_dereference.95] line 239 dereference failure: deallocated dynamic object in current->type: SUCCESS
[mpack_object_inner.pointer_dereference.96] line 239 dereference failure: dead object in current->type: SUCCESS
[mpack_object_inner.pointer_dereference.97] line 239 dereference failure: pointer outside object bounds in current->type: SUCCESS
[mpack_object_inner.pointer_dereference.98] line 239 dereference failure: invalid integer address in current->type: SUCCESS
[mpack_object_inner.pointer_dereference.99] line 240 dereference failure: pointer NULL in current->data: SUCCESS
[mpack_object_inner.pointer_dereference.100] line 240 dereference failure: pointer invalid in current->data: SUCCESS
[mpack_object_inner.pointer_dereference.101] line 240 dereference failure: deallocated dynamic object in current->data: SUCCESS
[mpack_object_inner.pointer_dereference.102] line 240 dereference failure: dead object in current->data: SUCCESS
[mpack_object_inner.pointer_dereference.103] line 240 dereference failure: pointer outside object bounds in current->data: SUCCESS
[mpack_object_inner.pointer_dereference.104] line 240 dereference failure: invalid integer address in current->data: SUCCESS
[mpack_object_inner.pointer_dereference.105] line 243 dereference failure: pointer NULL in current->data: SUCCESS
[mpack_object_inner.pointer_dereference.106] line 243 dereference failure: pointer invalid in current->data: SUCCESS
[mpack_object_inner.pointer_dereference.107] line 243 dereference failure: deallocated dynamic object in current->data: SUCCESS
[mpack_object_inner.pointer_dereference.108] line 243 dereference failure: dead object in current->data: SUCCESS
[mpack_object_inner.pointer_dereference.109] line 243 dereference failure: pointer outside object bounds in current->data: SUCCESS
[mpack_object_inner.pointer_dereference.110] line 243 dereference failure: invalid integer address in current->data: SUCCESS
[mpack_object_inner.pointer_dereference.111] line 247 dereference failure: pointer NULL in current->type: SUCCESS
[mpack_object_inner.pointer_dereference.112] line 247 dereference failure: pointer invalid in current->type: SUCCESS
[mpack_object_inner.pointer_dereference.113] line 247 dereference failure: deallocated dynamic object in current->type: SUCCESS
[mpack_object_inner.pointer_dereference.114] line 247 dereference failure: dead object in current->type: SUCCESS
[mpack_object_inner.pointer_dereference.115] line 247 dereference failure: pointer outside object bounds in current->type: SUCCESS
[mpack_object_inner.pointer_dereference.116] line 247 dereference failure: invalid integer address in current->type: SUCCESS
[mpack_object_inner.pointer_dereference.117] line 248 dereference failure: pointer NULL in current->data: SUCCESS
[mpack_object_inner.pointer_dereference.118] line 248 dereference failure: pointer invalid in current->data: SUCCESS
[mpack_object_inner.pointer_dereference.119] line 248 dereference failure: deallocated dynamic object in current->data: SUCCESS
[mpack_object_inner.pointer_dereference.120] line 248 dereference failure: dead object in current->data: SUCCESS
[mpack_object_inner.pointer_dereference.121] line 248 dereference failure: pointer outside object bounds in current->data: SUCCESS
[mpack_object_inner.pointer_dereference.122] line 248 dereference failure: invalid integer address in current->data: SUCCESS
[mpack_object_inner.overflow.1] line 252 arithmetic overflow on unsigned * in stack.size * sizeof(ContainerStackItem) /*16ul*/ : SUCCESS
[mpack_object_inner.overflow.2] line 252 arithmetic overflow on unsigned * in stack.capacity * sizeof(ContainerStackItem) /*16ul*/ : SUCCESS
[mpack_object_inner.overflow.3] line 252 arithmetic overflow on unsigned * in stack.size * sizeof(ContainerStackItem) /*16ul*/ : SUCCESS
[mpack_object_inner.overflow.4] line 252 arithmetic overflow on unsigned * in stack.capacity * sizeof(ContainerStackItem) /*16ul*/ : SUCCESS
[mpack_object_inner.overflow.5] line 252 arithmetic overflow on unsigned + in stack.size + 1ul: SUCCESS
[mpack_object_inner.pointer_dereference.123] line 252 dereference failure: pointer NULL in stack.items[(signed long int)tmp_post$0]: SUCCESS
[mpack_object_inner.pointer_dereference.124] line 252 dereference failure: pointer invalid in stack.items[(signed long int)tmp_post$0]: SUCCESS
[mpack_object_inner.pointer_dereference.125] line 252 dereference failure: deallocated dynamic object in stack.items[(signed long int)tmp_post$0]: SUCCESS
[mpack_object_inner.pointer_dereference.126] line 252 dereference failure: dead object in stack.items[(signed long int)tmp_post$0]: SUCCESS
[mpack_object_inner.pointer_dereference.127] line 252 dereference failure: pointer outside object bounds in stack.items[(signed long int)tmp_post$0]: SUCCESS
[mpack_object_inner.pointer_dereference.128] line 252 dereference failure: invalid integer address in stack.items[(signed long int)tmp_post$0]: SUCCESS
[mpack_object_inner.overflow.6] line 265 arithmetic overflow on unsigned - in stack.size - 1ul: SUCCESS
[mpack_object_inner.pointer_dereference.129] line 265 dereference failure: pointer NULL in stack.items[(signed long int)tmp_pre]: SUCCESS
[mpack_object_inner.pointer_dereference.130] line 265 dereference failure: pointer invalid in stack.items[(signed long int)tmp_pre]: SUCCESS
[mpack_object_inner.pointer_dereference.131] line 265 dereference failure: deallocated dynamic object in stack.items[(signed long int)tmp_pre]: SUCCESS
[mpack_object_inner.pointer_dereference.132] line 265 dereference failure: dead object in stack.items[(signed long int)tmp_pre]: SUCCESS
[mpack_object_inner.pointer_dereference.133] line 265 dereference failure: pointer outside object bounds in stack.items[(signed long int)tmp_pre]: SUCCESS
[mpack_object_inner.pointer_dereference.134] line 265 dereference failure: invalid integer address in stack.items[(signed long int)tmp_pre]: SUCCESS
[mpack_object_inner.pointer_dereference.135] line 273 dereference failure: pointer NULL in container->type: SUCCESS
[mpack_object_inner.pointer_dereference.136] line 273 dereference failure: pointer invalid in container->type: SUCCESS
[mpack_object_inner.pointer_dereference.137] line 273 dereference failure: deallocated dynamic object in container->type: SUCCESS
[mpack_object_inner.pointer_dereference.138] line 273 dereference failure: dead object in container->type: SUCCESS
[mpack_object_inner.pointer_dereference.139] line 273 dereference failure: pointer outside object bounds in container->type: SUCCESS
[mpack_object_inner.pointer_dereference.140] line 273 dereference failure: invalid integer address in container->type: SUCCESS
[mpack_object_inner.pointer_dereference.141] line 274 dereference failure: pointer NULL in container->data: SUCCESS
[mpack_object_inner.pointer_dereference.142] line 274 dereference failure: pointer invalid in container->data: SUCCESS
[mpack_object_inner.pointer_dereference.143] line 274 dereference failure: deallocated dynamic object in container->data: SUCCESS
[mpack_object_inner.pointer_dereference.144] line 274 dereference failure: dead object in container->data: SUCCESS
[mpack_object_inner.pointer_dereference.145] line 274 dereference failure: pointer outside object bounds in container->data: SUCCESS
[mpack_object_inner.pointer_dereference.146] line 274 dereference failure: invalid integer address in container->data: SUCCESS
[mpack_object_inner.overflow.7] line 275 arithmetic overflow on unsigned + in container_idx + 1ul: SUCCESS
[mpack_object_inner.pointer_dereference.147] line 280 dereference failure: pointer NULL in container->data: SUCCESS
[mpack_object_inner.pointer_dereference.148] line 280 dereference failure: pointer invalid in container->data: SUCCESS
[mpack_object_inner.pointer_dereference.149] line 280 dereference failure: deallocated dynamic object in container->data: SUCCESS
[mpack_object_inner.pointer_dereference.150] line 280 dereference failure: dead object in container->data: SUCCESS
[mpack_object_inner.pointer_dereference.151] line 280 dereference failure: pointer outside object bounds in container->data: SUCCESS
[mpack_object_inner.pointer_dereference.152] line 280 dereference failure: invalid integer address in container->data: SUCCESS
[mpack_object_inner.overflow.8] line 281 arithmetic overflow on unsigned + in container_idx + 1ul: SUCCESS
[mpack_object_inner.pointer_dereference.153] line 283 dereference failure: pointer NULL in it->key: SUCCESS
[mpack_object_inner.pointer_dereference.154] line 283 dereference failure: pointer invalid in it->key: SUCCESS
[mpack_object_inner.pointer_dereference.155] line 283 dereference failure: deallocated dynamic object in it->key: SUCCESS
[mpack_object_inner.pointer_dereference.156] line 283 dereference failure: dead object in it->key: SUCCESS
[mpack_object_inner.pointer_dereference.157] line 283 dereference failure: pointer outside object bounds in it->key: SUCCESS
[mpack_object_inner.pointer_dereference.158] line 283 dereference failure: invalid integer address in it->key: SUCCESS
[mpack_object_inner.pointer_dereference.159] line 290 dereference failure: pointer NULL in *ptr_: SUCCESS
[mpack_object_inner.pointer_dereference.160] line 290 dereference failure: pointer invalid in *ptr_: SUCCESS
[mpack_object_inner.pointer_dereference.161] line 290 dereference failure: deallocated dynamic object in *ptr_: SUCCESS
[mpack_object_inner.pointer_dereference.162] line 290 dereference failure: dead object in *ptr_: SUCCESS
[mpack_object_inner.pointer_dereference.163] line 290 dereference failure: pointer outside object bounds in *ptr_: SUCCESS
[mpack_object_inner.pointer_dereference.164] line 290 dereference failure: invalid integer address in *ptr_: SUCCESS
[mpack_object_inner.pointer_dereference.165] line 290 dereference failure: pointer NULL in *ptr_: SUCCESS
[mpack_object_inner.pointer_dereference.166] line 290 dereference failure: pointer invalid in *ptr_: SUCCESS
[mpack_object_inner.pointer_dereference.167] line 290 dereference failure: deallocated dynamic object in *ptr_: SUCCESS
[mpack_object_inner.pointer_dereference.168] line 290 dereference failure: dead object in *ptr_: SUCCESS
[mpack_object_inner.pointer_dereference.169] line 290 dereference failure: pointer outside object bounds in *ptr_: SUCCESS
[mpack_object_inner.pointer_dereference.170] line 290 dereference failure: invalid integer address in *ptr_: SUCCESS
[mpack_object_inner.pointer_dereference.171] line 290 dereference failure: pointer NULL in *ptr_: SUCCESS
[mpack_object_inner.pointer_dereference.172] line 290 dereference failure: pointer invalid in *ptr_: SUCCESS
[mpack_object_inner.pointer_dereference.173] line 290 dereference failure: deallocated dynamic object in *ptr_: SUCCESS
[mpack_object_inner.pointer_dereference.174] line 290 dereference failure: dead object in *ptr_: SUCCESS
[mpack_object_inner.pointer_dereference.175] line 290 dereference failure: pointer outside object bounds in *ptr_: SUCCESS
[mpack_object_inner.pointer_dereference.176] line 290 dereference failure: invalid integer address in *ptr_: SUCCESS

neovim/src/nvim/msgpack_rpc/packer.c function mpack_raw
[mpack_raw.overflow.1] line 120 arithmetic overflow on signed - in packer->endptr - packer->ptr: SUCCESS
[mpack_raw.pointer.1] line 120 same object violation in packer->endptr - packer->ptr: SUCCESS
[mpack_raw.pointer_arithmetic.1] line 120 pointer relation: pointer NULL in packer->endptr: SUCCESS
[mpack_raw.pointer_arithmetic.2] line 120 pointer relation: pointer invalid in packer->endptr: SUCCESS
[mpack_raw.pointer_arithmetic.3] line 120 pointer relation: deallocated dynamic object in packer->endptr: SUCCESS
[mpack_raw.pointer_arithmetic.4] line 120 pointer relation: dead object in packer->endptr: SUCCESS
[mpack_raw.pointer_arithmetic.5] line 120 pointer relation: pointer outside object bounds in packer->endptr: SUCCESS
[mpack_raw.pointer_arithmetic.6] line 120 pointer relation: invalid integer address in packer->endptr: SUCCESS
[mpack_raw.pointer_arithmetic.7] line 120 pointer relation: pointer NULL in packer->ptr: SUCCESS
[mpack_raw.pointer_arithmetic.8] line 120 pointer relation: pointer invalid in packer->ptr: SUCCESS
[mpack_raw.pointer_arithmetic.9] line 120 pointer relation: deallocated dynamic object in packer->ptr: SUCCESS
[mpack_raw.pointer_arithmetic.10] line 120 pointer relation: dead object in packer->ptr: SUCCESS
[mpack_raw.pointer_arithmetic.11] line 120 pointer relation: pointer outside object bounds in packer->ptr: SUCCESS
[mpack_raw.pointer_arithmetic.12] line 120 pointer relation: invalid integer address in packer->ptr: SUCCESS
[mpack_raw.pointer_dereference.1] line 120 dereference failure: pointer NULL in packer->endptr: SUCCESS
[mpack_raw.pointer_dereference.2] line 120 dereference failure: pointer invalid in packer->endptr: SUCCESS
[mpack_raw.pointer_dereference.3] line 120 dereference failure: deallocated dynamic object in packer->endptr: SUCCESS
[mpack_raw.pointer_dereference.4] line 120 dereference failure: dead object in packer->endptr: SUCCESS
[mpack_raw.pointer_dereference.5] line 120 dereference failure: pointer outside object bounds in packer->endptr: SUCCESS
[mpack_raw.pointer_dereference.6] line 120 dereference failure: invalid integer address in packer->endptr: SUCCESS
[mpack_raw.pointer_dereference.7] line 120 dereference failure: pointer NULL in packer->ptr: SUCCESS
[mpack_raw.pointer_dereference.8] line 120 dereference failure: pointer invalid in packer->ptr: SUCCESS
[mpack_raw.pointer_dereference.9] line 120 dereference failure: deallocated dynamic object in packer->ptr: SUCCESS
[mpack_raw.pointer_dereference.10] line 120 dereference failure: dead object in packer->ptr: SUCCESS
[mpack_raw.pointer_dereference.11] line 120 dereference failure: pointer outside object bounds in packer->ptr: SUCCESS
[mpack_raw.pointer_dereference.12] line 120 dereference failure: invalid integer address in packer->ptr: SUCCESS
[mpack_raw.overflow.2] line 121 arithmetic overflow on unsigned - in len - pos: SUCCESS
[mpack_raw.overflow.3] line 121 arithmetic overflow on unsigned - in len - pos: SUCCESS
[mpack_raw.pointer_dereference.13] line 123 dereference failure: pointer NULL in packer->ptr: SUCCESS
[mpack_raw.pointer_dereference.14] line 123 dereference failure: pointer invalid in packer->ptr: SUCCESS
[mpack_raw.pointer_dereference.15] line 123 dereference failure: deallocated dynamic object in packer->ptr: SUCCESS
[mpack_raw.pointer_dereference.16] line 123 dereference failure: dead object in packer->ptr: SUCCESS
[mpack_raw.pointer_dereference.17] line 123 dereference failure: pointer outside object bounds in packer->ptr: SUCCESS
[mpack_raw.pointer_dereference.18] line 123 dereference failure: invalid integer address in packer->ptr: SUCCESS
[mpack_raw.overflow.4] line 124 arithmetic overflow on unsigned + in pos + to_copy: SUCCESS
[mpack_raw.pointer_dereference.19] line 127 dereference failure: pointer NULL in packer->packer_flush: SUCCESS
[mpack_raw.pointer_dereference.20] line 127 dereference failure: pointer invalid in packer->packer_flush: SUCCESS
[mpack_raw.pointer_dereference.21] line 127 dereference failure: deallocated dynamic object in packer->packer_flush: SUCCESS
[mpack_raw.pointer_dereference.22] line 127 dereference failure: dead object in packer->packer_flush: SUCCESS
[mpack_raw.pointer_dereference.23] line 127 dereference failure: pointer outside object bounds in packer->packer_flush: SUCCESS
[mpack_raw.pointer_dereference.24] line 127 dereference failure: invalid integer address in packer->packer_flush: SUCCESS
[mpack_raw.pointer_dereference.25] line 127 dereference failure: pointer NULL in packer->packer_flush: SUCCESS
[mpack_raw.pointer_dereference.26] line 127 dereference failure: pointer invalid in packer->packer_flush: SUCCESS
[mpack_raw.pointer_dereference.27] line 127 dereference failure: deallocated dynamic object in packer->packer_flush: SUCCESS
[mpack_raw.pointer_dereference.28] line 127 dereference failure: dead object in packer->packer_flush: SUCCESS
[mpack_raw.pointer_dereference.29] line 127 dereference failure: pointer outside object bounds in packer->packer_flush: SUCCESS
[mpack_raw.pointer_dereference.30] line 127 dereference failure: invalid integer address in packer->packer_flush: SUCCESS
[mpack_raw.pointer_dereference.31] line 127 dereferenced function pointer must be flush_string_buffer: SUCCESS

neovim/src/nvim/msgpack_rpc/packer.c function mpack_str
[mpack_str.pointer_dereference.1] line 80 dereference failure: pointer NULL in *(&packer->ptr): SUCCESS
[mpack_str.pointer_dereference.2] line 80 dereference failure: deallocated dynamic object in *(&packer->ptr): SUCCESS
[mpack_str.pointer_dereference.3] line 80 dereference failure: dead object in *(&packer->ptr): SUCCESS
[mpack_str.pointer_dereference.4] line 80 dereference failure: pointer outside object bounds in *(&packer->ptr): SUCCESS
[mpack_str.pointer_dereference.5] line 80 dereference failure: pointer NULL in *(&packer->ptr): SUCCESS
[mpack_str.pointer_dereference.6] line 80 dereference failure: deallocated dynamic object in *(&packer->ptr): SUCCESS
[mpack_str.pointer_dereference.7] line 80 dereference failure: dead object in *(&packer->ptr): SUCCESS
[mpack_str.pointer_dereference.8] line 80 dereference failure: pointer outside object bounds in *(&packer->ptr): SUCCESS
[mpack_str.pointer_dereference.9] line 80 dereference failure: pointer NULL in *tmp_post: SUCCESS
[mpack_str.pointer_dereference.10] line 80 dereference failure: pointer invalid in *tmp_post: SUCCESS
[mpack_str.pointer_dereference.11] line 80 dereference failure: deallocated dynamic object in *tmp_post: SUCCESS
[mpack_str.pointer_dereference.12] line 80 dereference failure: dead object in *tmp_post: SUCCESS
[mpack_str.pointer_dereference.13] line 80 dereference failure: pointer outside object bounds in *tmp_post: SUCCESS
[mpack_str.pointer_dereference.14] line 80 dereference failure: invalid integer address in *tmp_post: SUCCESS
[mpack_str.pointer_dereference.15] line 82 dereference failure: pointer NULL in *(&packer->ptr): SUCCESS
[mpack_str.pointer_dereference.16] line 82 dereference failure: deallocated dynamic object in *(&packer->ptr): SUCCESS
[mpack_str.pointer_dereference.17] line 82 dereference failure: dead object in *(&packer->ptr): SUCCESS
[mpack_str.pointer_dereference.18] line 82 dereference failure: pointer outside object bounds in *(&packer->ptr): SUCCESS
[mpack_str.pointer_dereference.19] line 82 dereference failure: pointer NULL in *(&packer->ptr): SUCCESS
[mpack_str.pointer_dereference.20] line 82 dereference failure: deallocated dynamic object in *(&packer->ptr): SUCCESS
[mpack_str.pointer_dereference.21] line 82 dereference failure: dead object in *(&packer->ptr): SUCCESS
[mpack_str.pointer_dereference.22] line 82 dereference failure: pointer outside object bounds in *(&packer->ptr): SUCCESS
[mpack_str.pointer_dereference.23] line 82 dereference failure: pointer NULL in *tmp_post$0: SUCCESS
[mpack_str.pointer_dereference.24] line 82 dereference failure: pointer invalid in *tmp_post$0: SUCCESS
[mpack_str.pointer_dereference.25] line 82 dereference failure: deallocated dynamic object in *tmp_post$0: SUCCESS
[mpack_str.pointer_dereference.26] line 82 dereference failure: dead object in *tmp_post$0: SUCCESS
[mpack_str.pointer_dereference.27] line 82 dereference failure: pointer outside object bounds in *tmp_post$0: SUCCESS
[mpack_str.pointer_dereference.28] line 82 dereference failure: invalid integer address in *tmp_post$0: SUCCESS
[mpack_str.pointer_dereference.29] line 83 dereference failure: pointer NULL in *(&packer->ptr): SUCCESS
[mpack_str.pointer_dereference.30] line 83 dereference failure: deallocated dynamic object in *(&packer->ptr): SUCCESS
[mpack_str.pointer_dereference.31] line 83 dereference failure: dead object in *(&packer->ptr): SUCCESS
[mpack_str.pointer_dereference.32] line 83 dereference failure: pointer outside object bounds in *(&packer->ptr): SUCCESS
[mpack_str.pointer_dereference.33] line 83 dereference failure: pointer NULL in *(&packer->ptr): SUCCESS
[mpack_str.pointer_dereference.34] line 83 dereference failure: deallocated dynamic object in *(&packer->ptr): SUCCESS
[mpack_str.pointer_dereference.35] line 83 dereference failure: dead object in *(&packer->ptr): SUCCESS
[mpack_str.pointer_dereference.36] line 83 dereference failure: pointer outside object bounds in *(&packer->ptr): SUCCESS
[mpack_str.pointer_dereference.37] line 83 dereference failure: pointer NULL in *tmp_post$1: SUCCESS
[mpack_str.pointer_dereference.38] line 83 dereference failure: pointer invalid in *tmp_post$1: SUCCESS
[mpack_str.pointer_dereference.39] line 83 dereference failure: deallocated dynamic object in *tmp_post$1: SUCCESS
[mpack_str.pointer_dereference.40] line 83 dereference failure: dead object in *tmp_post$1: SUCCESS
[mpack_str.pointer_dereference.41] line 83 dereference failure: pointer outside object bounds in *tmp_post$1: SUCCESS
[mpack_str.pointer_dereference.42] line 83 dereference failure: invalid integer address in *tmp_post$1: SUCCESS
[mpack_str.pointer_dereference.43] line 85 dereference failure: pointer NULL in *(&packer->ptr): SUCCESS
[mpack_str.pointer_dereference.44] line 85 dereference failure: deallocated dynamic object in *(&packer->ptr): SUCCESS
[mpack_str.pointer_dereference.45] line 85 dereference failure: dead object in *(&packer->ptr): SUCCESS
[mpack_str.pointer_dereference.46] line 85 dereference failure: pointer outside object bounds in *(&packer->ptr): SUCCESS
[mpack_str.pointer_dereference.47] line 85 dereference failure: pointer NULL in *(&packer->ptr): SUCCESS
[mpack_str.pointer_dereference.48] line 85 dereference failure: deallocated dynamic object in *(&packer->ptr): SUCCESS
[mpack_str.pointer_dereference.49] line 85 dereference failure: dead object in *(&packer->ptr): SUCCESS
[mpack_str.pointer_dereference.50] line 85 dereference failure: pointer outside object bounds in *(&packer->ptr): SUCCESS
[mpack_str.pointer_dereference.51] line 85 dereference failure: pointer NULL in *tmp_post$2: SUCCESS
[mpack_str.pointer_dereference.52] line 85 dereference failure: pointer invalid in *tmp_post$2: SUCCESS
[mpack_str.pointer_dereference.53] line 85 dereference failure: deallocated dynamic object in *tmp_post$2: SUCCESS
[mpack_str.pointer_dereference.54] line 85 dereference failure: dead object in *tmp_post$2: SUCCESS
[mpack_str.pointer_dereference.55] line 85 dereference failure: pointer outside object bounds in *tmp_post$2: SUCCESS
[mpack_str.pointer_dereference.56] line 85 dereference failure: invalid integer address in *tmp_post$2: SUCCESS
[mpack_str.pointer_dereference.57] line 88 dereference failure: pointer NULL in *(&packer->ptr): SUCCESS
[mpack_str.pointer_dereference.58] line 88 dereference failure: deallocated dynamic object in *(&packer->ptr): SUCCESS
[mpack_str.pointer_dereference.59] line 88 dereference failure: dead object in *(&packer->ptr): SUCCESS
[mpack_str.pointer_dereference.60] line 88 dereference failure: pointer outside object bounds in *(&packer->ptr): SUCCESS
[mpack_str.pointer_dereference.61] line 88 dereference failure: pointer NULL in *(&packer->ptr): SUCCESS
[mpack_str.pointer_dereference.62] line 88 dereference failure: deallocated dynamic object in *(&packer->ptr): SUCCESS
[mpack_str.pointer_dereference.63] line 88 dereference failure: dead object in *(&packer->ptr): SUCCESS
[mpack_str.pointer_dereference.64] line 88 dereference failure: pointer outside object bounds in *(&packer->ptr): SUCCESS
[mpack_str.pointer_dereference.65] line 88 dereference failure: pointer NULL in *tmp_post$3: SUCCESS
[mpack_str.pointer_dereference.66] line 88 dereference failure: pointer invalid in *tmp_post$3: SUCCESS
[mpack_str.pointer_dereference.67] line 88 dereference failure: deallocated dynamic object in *tmp_post$3: SUCCESS
[mpack_str.pointer_dereference.68] line 88 dereference failure: dead object in *tmp_post$3: SUCCESS
[mpack_str.pointer_dereference.69] line 88 dereference failure: pointer outside object bounds in *tmp_post$3: SUCCESS
[mpack_str.pointer_dereference.70] line 88 dereference failure: invalid integer address in *tmp_post$3: SUCCESS

neovim/src/nvim/msgpack_rpc/packer.c function mpack_uint64
[mpack_uint64.pointer_dereference.1] line 40 dereference failure: pointer NULL in *ptr: SUCCESS
[mpack_uint64.pointer_dereference.2] line 40 dereference failure: pointer invalid in *ptr: SUCCESS
[mpack_uint64.pointer_dereference.3] line 40 dereference failure: deallocated dynamic object in *ptr: SUCCESS
[mpack_uint64.pointer_dereference.4] line 40 dereference failure: dead object in *ptr: SUCCESS
[mpack_uint64.pointer_dereference.5] line 40 dereference failure: pointer outside object bounds in *ptr: SUCCESS
[mpack_uint64.pointer_dereference.6] line 40 dereference failure: invalid integer address in *ptr: SUCCESS
[mpack_uint64.pointer_dereference.7] line 40 dereference failure: pointer NULL in *tmp_post: SUCCESS
[mpack_uint64.pointer_dereference.8] line 40 dereference failure: pointer invalid in *tmp_post: SUCCESS
[mpack_uint64.pointer_dereference.9] line 40 dereference failure: deallocated dynamic object in *tmp_post: SUCCESS
[mpack_uint64.pointer_dereference.10] line 40 dereference failure: dead object in *tmp_post: SUCCESS
[mpack_uint64.pointer_dereference.11] line 40 dereference failure: pointer outside object bounds in *tmp_post: SUCCESS
[mpack_uint64.pointer_dereference.12] line 40 dereference failure: invalid integer address in *tmp_post: SUCCESS

neovim/src/nvim/msgpack_rpc/packer.c function mpack_w8
[mpack_w8.overflow.1] line 31 arithmetic overflow on signed - in i - 1: SUCCESS
[mpack_w8.pointer_dereference.1] line 32 dereference failure: pointer NULL in *b: SUCCESS
[mpack_w8.pointer_dereference.2] line 32 dereference failure: pointer invalid in *b: SUCCESS
[mpack_w8.pointer_dereference.3] line 32 dereference failure: deallocated dynamic object in *b: SUCCESS
[mpack_w8.pointer_dereference.4] line 32 dereference failure: dead object in *b: SUCCESS
[mpack_w8.pointer_dereference.5] line 32 dereference failure: pointer outside object bounds in *b: SUCCESS
[mpack_w8.pointer_dereference.6] line 32 dereference failure: invalid integer address in *b: SUCCESS
[mpack_w8.pointer_dereference.7] line 32 dereference failure: pointer NULL in *tmp_post: SUCCESS
[mpack_w8.pointer_dereference.8] line 32 dereference failure: pointer invalid in *tmp_post: SUCCESS
[mpack_w8.pointer_dereference.9] line 32 dereference failure: deallocated dynamic object in *tmp_post: SUCCESS
[mpack_w8.pointer_dereference.10] line 32 dereference failure: dead object in *tmp_post: SUCCESS
[mpack_w8.pointer_dereference.11] line 32 dereference failure: pointer outside object bounds in *tmp_post: SUCCESS
[mpack_w8.pointer_dereference.12] line 32 dereference failure: invalid integer address in *tmp_post: SUCCESS
[mpack_w8.pointer_dereference.13] line 32 dereference failure: pointer NULL in data[(signed long int)i]: SUCCESS
[mpack_w8.pointer_dereference.14] line 32 dereference failure: pointer invalid in data[(signed long int)i]: SUCCESS
[mpack_w8.pointer_dereference.15] line 32 dereference failure: deallocated dynamic object in data[(signed long int)i]: SUCCESS
[mpack_w8.pointer_dereference.16] line 32 dereference failure: dead object in data[(signed long int)i]: SUCCESS
[mpack_w8.pointer_dereference.17] line 32 dereference failure: pointer outside object bounds in data[(signed long int)i]: SUCCESS
[mpack_w8.pointer_dereference.18] line 32 dereference failure: invalid integer address in data[(signed long int)i]: SUCCESS

neovim/src/nvim/msgpack_rpc/packer.c function packer_take_string
[packer_take_string.overflow.1] line 319 arithmetic overflow on signed - in buffer->ptr - buffer->startptr: SUCCESS
[packer_take_string.pointer.1] line 319 same object violation in buffer->ptr - buffer->startptr: SUCCESS
[packer_take_string.pointer_arithmetic.1] line 319 pointer relation: pointer NULL in buffer->ptr: SUCCESS
[packer_take_string.pointer_arithmetic.2] line 319 pointer relation: pointer invalid in buffer->ptr: SUCCESS
[packer_take_string.pointer_arithmetic.3] line 319 pointer relation: deallocated dynamic object in buffer->ptr: SUCCESS
[packer_take_string.pointer_arithmetic.4] line 319 pointer relation: dead object in buffer->ptr: SUCCESS
[packer_take_string.pointer_arithmetic.5] line 319 pointer relation: pointer outside object bounds in buffer->ptr: SUCCESS
[packer_take_string.pointer_arithmetic.6] line 319 pointer relation: invalid integer address in buffer->ptr: SUCCESS
[packer_take_string.pointer_arithmetic.7] line 319 pointer relation: pointer NULL in buffer->startptr: SUCCESS
[packer_take_string.pointer_arithmetic.8] line 319 pointer relation: pointer invalid in buffer->startptr: SUCCESS
[packer_take_string.pointer_arithmetic.9] line 319 pointer relation: deallocated dynamic object in buffer->startptr: SUCCESS
[packer_take_string.pointer_arithmetic.10] line 319 pointer relation: dead object in buffer->startptr: SUCCESS
[packer_take_string.pointer_arithmetic.11] line 319 pointer relation: pointer outside object bounds in buffer->startptr: SUCCESS
[packer_take_string.pointer_arithmetic.12] line 319 pointer relation: invalid integer address in buffer->startptr: SUCCESS
[packer_take_string.pointer_dereference.1] line 319 dereference failure: pointer NULL in buffer->startptr: SUCCESS
[packer_take_string.pointer_dereference.2] line 319 dereference failure: pointer invalid in buffer->startptr: SUCCESS
[packer_take_string.pointer_dereference.3] line 319 dereference failure: deallocated dynamic object in buffer->startptr: SUCCESS
[packer_take_string.pointer_dereference.4] line 319 dereference failure: dead object in buffer->startptr: SUCCESS
[packer_take_string.pointer_dereference.5] line 319 dereference failure: pointer outside object bounds in buffer->startptr: SUCCESS
[packer_take_string.pointer_dereference.6] line 319 dereference failure: invalid integer address in buffer->startptr: SUCCESS
[packer_take_string.pointer_dereference.7] line 319 dereference failure: pointer NULL in buffer->ptr: SUCCESS
[packer_take_string.pointer_dereference.8] line 319 dereference failure: pointer invalid in buffer->ptr: SUCCESS
[packer_take_string.pointer_dereference.9] line 319 dereference failure: deallocated dynamic object in buffer->ptr: SUCCESS
[packer_take_string.pointer_dereference.10] line 319 dereference failure: dead object in buffer->ptr: SUCCESS
[packer_take_string.pointer_dereference.11] line 319 dereference failure: pointer outside object bounds in buffer->ptr: SUCCESS
[packer_take_string.pointer_dereference.12] line 319 dereference failure: invalid integer address in buffer->ptr: SUCCESS

neovim/src/nvim/msgpack_rpc/packer.h function mpack_array
[mpack_array.pointer_dereference.1] line 51 dereference failure: pointer NULL in *buf: SUCCESS
[mpack_array.pointer_dereference.2] line 51 dereference failure: pointer invalid in *buf: SUCCESS
[mpack_array.pointer_dereference.3] line 51 dereference failure: deallocated dynamic object in *buf: SUCCESS
[mpack_array.pointer_dereference.4] line 51 dereference failure: dead object in *buf: SUCCESS
[mpack_array.pointer_dereference.5] line 51 dereference failure: pointer outside object bounds in *buf: SUCCESS
[mpack_array.pointer_dereference.6] line 51 dereference failure: invalid integer address in *buf: SUCCESS
[mpack_array.pointer_dereference.7] line 51 dereference failure: pointer NULL in *tmp_post: SUCCESS
[mpack_array.pointer_dereference.8] line 51 dereference failure: pointer invalid in *tmp_post: SUCCESS
[mpack_array.pointer_dereference.9] line 51 dereference failure: deallocated dynamic object in *tmp_post: SUCCESS
[mpack_array.pointer_dereference.10] line 51 dereference failure: dead object in *tmp_post: SUCCESS
[mpack_array.pointer_dereference.11] line 51 dereference failure: pointer outside object bounds in *tmp_post: SUCCESS
[mpack_array.pointer_dereference.12] line 51 dereference failure: invalid integer address in *tmp_post: SUCCESS
[mpack_array.pointer_dereference.13] line 53 dereference failure: pointer NULL in *buf: SUCCESS
[mpack_array.pointer_dereference.14] line 53 dereference failure: pointer invalid in *buf: SUCCESS
[mpack_array.pointer_dereference.15] line 53 dereference failure: deallocated dynamic object in *buf: SUCCESS
[mpack_array.pointer_dereference.16] line 53 dereference failure: dead object in *buf: SUCCESS
[mpack_array.pointer_dereference.17] line 53 dereference failure: pointer outside object bounds in *buf: SUCCESS
[mpack_array.pointer_dereference.18] line 53 dereference failure: invalid integer address in *buf: SUCCESS
[mpack_array.pointer_dereference.19] line 53 dereference failure: pointer NULL in *tmp_post$0: SUCCESS
[mpack_array.pointer_dereference.20] line 53 dereference failure: pointer invalid in *tmp_post$0: SUCCESS
[mpack_array.pointer_dereference.21] line 53 dereference failure: deallocated dynamic object in *tmp_post$0: SUCCESS
[mpack_array.pointer_dereference.22] line 53 dereference failure: dead object in *tmp_post$0: SUCCESS
[mpack_array.pointer_dereference.23] line 53 dereference failure: pointer outside object bounds in *tmp_post$0: SUCCESS
[mpack_array.pointer_dereference.24] line 53 dereference failure: invalid integer address in *tmp_post$0: SUCCESS
[mpack_array.pointer_dereference.25] line 56 dereference failure: pointer NULL in *buf: SUCCESS
[mpack_array.pointer_dereference.26] line 56 dereference failure: pointer invalid in *buf: SUCCESS
[mpack_array.pointer_dereference.27] line 56 dereference failure: deallocated dynamic object in *buf: SUCCESS
[mpack_array.pointer_dereference.28] line 56 dereference failure: dead object in *buf: SUCCESS
[mpack_array.pointer_dereference.29] line 56 dereference failure: pointer outside object bounds in *buf: SUCCESS
[mpack_array.pointer_dereference.30] line 56 dereference failure: invalid integer address in *buf: SUCCESS
[mpack_array.pointer_dereference.31] line 56 dereference failure: pointer NULL in *tmp_post$1: SUCCESS
[mpack_array.pointer_dereference.32] line 56 dereference failure: pointer invalid in *tmp_post$1: SUCCESS
[mpack_array.pointer_dereference.33] line 56 dereference failure: deallocated dynamic object in *tmp_post$1: SUCCESS
[mpack_array.pointer_dereference.34] line 56 dereference failure: dead object in *tmp_post$1: SUCCESS
[mpack_array.pointer_dereference.35] line 56 dereference failure: pointer outside object bounds in *tmp_post$1: SUCCESS
[mpack_array.pointer_dereference.36] line 56 dereference failure: invalid integer address in *tmp_post$1: SUCCESS

neovim/src/nvim/msgpack_rpc/packer.h function mpack_bool
[mpack_bool.pointer_dereference.1] line 45 dereference failure: pointer NULL in *buf: SUCCESS
[mpack_bool.pointer_dereference.2] line 45 dereference failure: pointer invalid in *buf: SUCCESS
[mpack_bool.pointer_dereference.3] line 45 dereference failure: deallocated dynamic object in *buf: SUCCESS
[mpack_bool.pointer_dereference.4] line 45 dereference failure: dead object in *buf: SUCCESS
[mpack_bool.pointer_dereference.5] line 45 dereference failure: pointer outside object bounds in *buf: SUCCESS
[mpack_bool.pointer_dereference.6] line 45 dereference failure: invalid integer address in *buf: SUCCESS
[mpack_bool.pointer_dereference.7] line 45 dereference failure: pointer NULL in *tmp_post: SUCCESS
[mpack_bool.pointer_dereference.8] line 45 dereference failure: pointer invalid in *tmp_post: SUCCESS
[mpack_bool.pointer_dereference.9] line 45 dereference failure: deallocated dynamic object in *tmp_post: SUCCESS
[mpack_bool.pointer_dereference.10] line 45 dereference failure: dead object in *tmp_post: SUCCESS
[mpack_bool.pointer_dereference.11] line 45 dereference failure: pointer outside object bounds in *tmp_post: SUCCESS
[mpack_bool.pointer_dereference.12] line 45 dereference failure: invalid integer address in *tmp_post: SUCCESS

neovim/src/nvim/msgpack_rpc/packer.h function mpack_map
[mpack_map.pointer_dereference.1] line 64 dereference failure: pointer NULL in *buf: SUCCESS
[mpack_map.pointer_dereference.2] line 64 dereference failure: pointer invalid in *buf: SUCCESS
[mpack_map.pointer_dereference.3] line 64 dereference failure: deallocated dynamic object in *buf: SUCCESS
[mpack_map.pointer_dereference.4] line 64 dereference failure: dead object in *buf: SUCCESS
[mpack_map.pointer_dereference.5] line 64 dereference failure: pointer outside object bounds in *buf: SUCCESS
[mpack_map.pointer_dereference.6] line 64 dereference failure: invalid integer address in *buf: SUCCESS
[mpack_map.pointer_dereference.7] line 64 dereference failure: pointer NULL in *tmp_post: SUCCESS
[mpack_map.pointer_dereference.8] line 64 dereference failure: pointer invalid in *tmp_post: SUCCESS
[mpack_map.pointer_dereference.9] line 64 dereference failure: deallocated dynamic object in *tmp_post: SUCCESS
[mpack_map.pointer_dereference.10] line 64 dereference failure: dead object in *tmp_post: SUCCESS
[mpack_map.pointer_dereference.11] line 64 dereference failure: pointer outside object bounds in *tmp_post: SUCCESS
[mpack_map.pointer_dereference.12] line 64 dereference failure: invalid integer address in *tmp_post: SUCCESS
[mpack_map.pointer_dereference.13] line 66 dereference failure: pointer NULL in *buf: SUCCESS
[mpack_map.pointer_dereference.14] line 66 dereference failure: pointer invalid in *buf: SUCCESS
[mpack_map.pointer_dereference.15] line 66 dereference failure: deallocated dynamic object in *buf: SUCCESS
[mpack_map.pointer_dereference.16] line 66 dereference failure: dead object in *buf: SUCCESS
[mpack_map.pointer_dereference.17] line 66 dereference failure: pointer outside object bounds in *buf: SUCCESS
[mpack_map.pointer_dereference.18] line 66 dereference failure: invalid integer address in *buf: SUCCESS
[mpack_map.pointer_dereference.19] line 66 dereference failure: pointer NULL in *tmp_post$0: SUCCESS
[mpack_map.pointer_dereference.20] line 66 dereference failure: pointer invalid in *tmp_post$0: SUCCESS
[mpack_map.pointer_dereference.21] line 66 dereference failure: deallocated dynamic object in *tmp_post$0: SUCCESS
[mpack_map.pointer_dereference.22] line 66 dereference failure: dead object in *tmp_post$0: SUCCESS
[mpack_map.pointer_dereference.23] line 66 dereference failure: pointer outside object bounds in *tmp_post$0: SUCCESS
[mpack_map.pointer_dereference.24] line 66 dereference failure: invalid integer address in *tmp_post$0: SUCCESS
[mpack_map.pointer_dereference.25] line 69 dereference failure: pointer NULL in *buf: SUCCESS
[mpack_map.pointer_dereference.26] line 69 dereference failure: pointer invalid in *buf: SUCCESS
[mpack_map.pointer_dereference.27] line 69 dereference failure: deallocated dynamic object in *buf: SUCCESS
[mpack_map.pointer_dereference.28] line 69 dereference failure: dead object in *buf: SUCCESS
[mpack_map.pointer_dereference.29] line 69 dereference failure: pointer outside object bounds in *buf: SUCCESS
[mpack_map.pointer_dereference.30] line 69 dereference failure: invalid integer address in *buf: SUCCESS
[mpack_map.pointer_dereference.31] line 69 dereference failure: pointer NULL in *tmp_post$1: SUCCESS
[mpack_map.pointer_dereference.32] line 69 dereference failure: pointer invalid in *tmp_post$1: SUCCESS
[mpack_map.pointer_dereference.33] line 69 dereference failure: deallocated dynamic object in *tmp_post$1: SUCCESS
[mpack_map.pointer_dereference.34] line 69 dereference failure: dead object in *tmp_post$1: SUCCESS
[mpack_map.pointer_dereference.35] line 69 dereference failure: pointer outside object bounds in *tmp_post$1: SUCCESS
[mpack_map.pointer_dereference.36] line 69 dereference failure: invalid integer address in *tmp_post$1: SUCCESS

neovim/src/nvim/msgpack_rpc/packer.h function mpack_remaining
[mpack_remaining.overflow.1] line 76 arithmetic overflow on signed - in packer->endptr - packer->ptr: SUCCESS
[mpack_remaining.pointer.1] line 76 same object violation in packer->endptr - packer->ptr: SUCCESS
[mpack_remaining.pointer_arithmetic.1] line 76 pointer relation: pointer NULL in packer->endptr: SUCCESS
[mpack_remaining.pointer_arithmetic.2] line 76 pointer relation: pointer invalid in packer->endptr: SUCCESS
[mpack_remaining.pointer_arithmetic.3] line 76 pointer relation: deallocated dynamic object in packer->endptr: SUCCESS
[mpack_remaining.pointer_arithmetic.4] line 76 pointer relation: dead object in packer->endptr: SUCCESS
[mpack_remaining.pointer_arithmetic.5] line 76 pointer relation: pointer outside object bounds in packer->endptr: SUCCESS
[mpack_remaining.pointer_arithmetic.6] line 76 pointer relation: invalid integer address in packer->endptr: SUCCESS
[mpack_remaining.pointer_arithmetic.7] line 76 pointer relation: pointer NULL in packer->ptr: SUCCESS
[mpack_remaining.pointer_arithmetic.8] line 76 pointer relation: pointer invalid in packer->ptr: SUCCESS
[mpack_remaining.pointer_arithmetic.9] line 76 pointer relation: deallocated dynamic object in packer->ptr: SUCCESS
[mpack_remaining.pointer_arithmetic.10] line 76 pointer relation: dead object in packer->ptr: SUCCESS
[mpack_remaining.pointer_arithmetic.11] line 76 pointer relation: pointer outside object bounds in packer->ptr: SUCCESS
[mpack_remaining.pointer_arithmetic.12] line 76 pointer relation: invalid integer address in packer->ptr: SUCCESS
[mpack_remaining.pointer_dereference.1] line 76 dereference failure: pointer NULL in packer->endptr: SUCCESS
[mpack_remaining.pointer_dereference.2] line 76 dereference failure: pointer invalid in packer->endptr: SUCCESS
[mpack_remaining.pointer_dereference.3] line 76 dereference failure: deallocated dynamic object in packer->endptr: SUCCESS
[mpack_remaining.pointer_dereference.4] line 76 dereference failure: dead object in packer->endptr: SUCCESS
[mpack_remaining.pointer_dereference.5] line 76 dereference failure: pointer outside object bounds in packer->endptr: SUCCESS
[mpack_remaining.pointer_dereference.6] line 76 dereference failure: invalid integer address in packer->endptr: SUCCESS
[mpack_remaining.pointer_dereference.7] line 76 dereference failure: pointer NULL in packer->ptr: SUCCESS
[mpack_remaining.pointer_dereference.8] line 76 dereference failure: pointer invalid in packer->ptr: SUCCESS
[mpack_remaining.pointer_dereference.9] line 76 dereference failure: deallocated dynamic object in packer->ptr: SUCCESS
[mpack_remaining.pointer_dereference.10] line 76 dereference failure: dead object in packer->ptr: SUCCESS
[mpack_remaining.pointer_dereference.11] line 76 dereference failure: pointer outside object bounds in packer->ptr: SUCCESS
[mpack_remaining.pointer_dereference.12] line 76 dereference failure: invalid integer address in packer->ptr: SUCCESS

neovim/src/nvim/msgpack_rpc/packer.h function mpack_uint
[mpack_uint.pointer_dereference.1] line 29 dereference failure: pointer NULL in *buf: SUCCESS
[mpack_uint.pointer_dereference.2] line 29 dereference failure: pointer invalid in *buf: SUCCESS
[mpack_uint.pointer_dereference.3] line 29 dereference failure: deallocated dynamic object in *buf: SUCCESS
[mpack_uint.pointer_dereference.4] line 29 dereference failure: dead object in *buf: SUCCESS
[mpack_uint.pointer_dereference.5] line 29 dereference failure: pointer outside object bounds in *buf: SUCCESS
[mpack_uint.pointer_dereference.6] line 29 dereference failure: invalid integer address in *buf: SUCCESS
[mpack_uint.pointer_dereference.7] line 29 dereference failure: pointer NULL in *tmp_post: SUCCESS
[mpack_uint.pointer_dereference.8] line 29 dereference failure: pointer invalid in *tmp_post: SUCCESS
[mpack_uint.pointer_dereference.9] line 29 dereference failure: deallocated dynamic object in *tmp_post: SUCCESS
[mpack_uint.pointer_dereference.10] line 29 dereference failure: dead object in *tmp_post: SUCCESS
[mpack_uint.pointer_dereference.11] line 29 dereference failure: pointer outside object bounds in *tmp_post: SUCCESS
[mpack_uint.pointer_dereference.12] line 29 dereference failure: invalid integer address in *tmp_post: SUCCESS
[mpack_uint.pointer_dereference.13] line 32 dereference failure: pointer NULL in *buf: SUCCESS
[mpack_uint.pointer_dereference.14] line 32 dereference failure: pointer invalid in *buf: SUCCESS
[mpack_uint.pointer_dereference.15] line 32 dereference failure: deallocated dynamic object in *buf: SUCCESS
[mpack_uint.pointer_dereference.16] line 32 dereference failure: dead object in *buf: SUCCESS
[mpack_uint.pointer_dereference.17] line 32 dereference failure: pointer outside object bounds in *buf: SUCCESS
[mpack_uint.pointer_dereference.18] line 32 dereference failure: invalid integer address in *buf: SUCCESS
[mpack_uint.pointer_dereference.19] line 32 dereference failure: pointer NULL in *tmp_post$0: SUCCESS
[mpack_uint.pointer_dereference.20] line 32 dereference failure: pointer invalid in *tmp_post$0: SUCCESS
[mpack_uint.pointer_dereference.21] line 32 dereference failure: deallocated dynamic object in *tmp_post$0: SUCCESS
[mpack_uint.pointer_dereference.22] line 32 dereference failure: dead object in *tmp_post$0: SUCCESS
[mpack_uint.pointer_dereference.23] line 32 dereference failure: pointer outside object bounds in *tmp_post$0: SUCCESS
[mpack_uint.pointer_dereference.24] line 32 dereference failure: invalid integer address in *tmp_post$0: SUCCESS
[mpack_uint.pointer_dereference.25] line 35 dereference failure: pointer NULL in *buf: SUCCESS
[mpack_uint.pointer_dereference.26] line 35 dereference failure: pointer invalid in *buf: SUCCESS
[mpack_uint.pointer_dereference.27] line 35 dereference failure: deallocated dynamic object in *buf: SUCCESS
[mpack_uint.pointer_dereference.28] line 35 dereference failure: dead object in *buf: SUCCESS
[mpack_uint.pointer_dereference.29] line 35 dereference failure: pointer outside object bounds in *buf: SUCCESS
[mpack_uint.pointer_dereference.30] line 35 dereference failure: invalid integer address in *buf: SUCCESS
[mpack_uint.pointer_dereference.31] line 35 dereference failure: pointer NULL in *tmp_post$1: SUCCESS
[mpack_uint.pointer_dereference.32] line 35 dereference failure: pointer invalid in *tmp_post$1: SUCCESS
[mpack_uint.pointer_dereference.33] line 35 dereference failure: deallocated dynamic object in *tmp_post$1: SUCCESS
[mpack_uint.pointer_dereference.34] line 35 dereference failure: dead object in *tmp_post$1: SUCCESS
[mpack_uint.pointer_dereference.35] line 35 dereference failure: pointer outside object bounds in *tmp_post$1: SUCCESS
[mpack_uint.pointer_dereference.36] line 35 dereference failure: invalid integer address in *tmp_post$1: SUCCESS
[mpack_uint.pointer_dereference.37] line 36 dereference failure: pointer NULL in *buf: SUCCESS
[mpack_uint.pointer_dereference.38] line 36 dereference failure: pointer invalid in *buf: SUCCESS
[mpack_uint.pointer_dereference.39] line 36 dereference failure: deallocated dynamic object in *buf: SUCCESS
[mpack_uint.pointer_dereference.40] line 36 dereference failure: dead object in *buf: SUCCESS
[mpack_uint.pointer_dereference.41] line 36 dereference failure: pointer outside object bounds in *buf: SUCCESS
[mpack_uint.pointer_dereference.42] line 36 dereference failure: invalid integer address in *buf: SUCCESS
[mpack_uint.pointer_dereference.43] line 36 dereference failure: pointer NULL in *tmp_post$2: SUCCESS
[mpack_uint.pointer_dereference.44] line 36 dereference failure: pointer invalid in *tmp_post$2: SUCCESS
[mpack_uint.pointer_dereference.45] line 36 dereference failure: deallocated dynamic object in *tmp_post$2: SUCCESS
[mpack_uint.pointer_dereference.46] line 36 dereference failure: dead object in *tmp_post$2: SUCCESS
[mpack_uint.pointer_dereference.47] line 36 dereference failure: pointer outside object bounds in *tmp_post$2: SUCCESS
[mpack_uint.pointer_dereference.48] line 36 dereference failure: invalid integer address in *tmp_post$2: SUCCESS
[mpack_uint.pointer_dereference.49] line 38 dereference failure: pointer NULL in *buf: SUCCESS
[mpack_uint.pointer_dereference.50] line 38 dereference failure: pointer invalid in *buf: SUCCESS
[mpack_uint.pointer_dereference.51] line 38 dereference failure: deallocated dynamic object in *buf: SUCCESS
[mpack_uint.pointer_dereference.52] line 38 dereference failure: dead object in *buf: SUCCESS
[mpack_uint.pointer_dereference.53] line 38 dereference failure: pointer outside object bounds in *buf: SUCCESS
[mpack_uint.pointer_dereference.54] line 38 dereference failure: invalid integer address in *buf: SUCCESS
[mpack_uint.pointer_dereference.55] line 38 dereference failure: pointer NULL in *tmp_post$3: SUCCESS
[mpack_uint.pointer_dereference.56] line 38 dereference failure: pointer invalid in *tmp_post$3: SUCCESS
[mpack_uint.pointer_dereference.57] line 38 dereference failure: deallocated dynamic object in *tmp_post$3: SUCCESS
[mpack_uint.pointer_dereference.58] line 38 dereference failure: dead object in *tmp_post$3: SUCCESS
[mpack_uint.pointer_dereference.59] line 38 dereference failure: pointer outside object bounds in *tmp_post$3: SUCCESS
[mpack_uint.pointer_dereference.60] line 38 dereference failure: invalid integer address in *tmp_post$3: SUCCESS

neovim/src/nvim/msgpack_rpc/packer.h function mpack_w2
[mpack_w2.pointer_dereference.31] line 14 dereference failure: pointer NULL in *b$link1: SUCCESS
[mpack_w2.pointer_dereference.32] line 14 dereference failure: pointer invalid in *b$link1: SUCCESS
[mpack_w2.pointer_dereference.33] line 14 dereference failure: deallocated dynamic object in *b$link1: SUCCESS
[mpack_w2.pointer_dereference.34] line 14 dereference failure: dead object in *b$link1: SUCCESS
[mpack_w2.pointer_dereference.35] line 14 dereference failure: pointer outside object bounds in *b$link1: SUCCESS
[mpack_w2.pointer_dereference.36] line 14 dereference failure: invalid integer address in *b$link1: SUCCESS
[mpack_w2.pointer_dereference.37] line 14 dereference failure: pointer NULL in *tmp_post: SUCCESS
[mpack_w2.pointer_dereference.38] line 14 dereference failure: pointer invalid in *tmp_post: SUCCESS
[mpack_w2.pointer_dereference.39] line 14 dereference failure: deallocated dynamic object in *tmp_post: SUCCESS
[mpack_w2.pointer_dereference.40] line 14 dereference failure: dead object in *tmp_post: SUCCESS
[mpack_w2.pointer_dereference.41] line 14 dereference failure: pointer outside object bounds in *tmp_post: SUCCESS
[mpack_w2.pointer_dereference.42] line 14 dereference failure: invalid integer address in *tmp_post: SUCCESS
[mpack_w2.pointer_dereference.43] line 15 dereference failure: pointer NULL in *b$link1: SUCCESS
[mpack_w2.pointer_dereference.44] line 15 dereference failure: pointer invalid in *b$link1: SUCCESS
[mpack_w2.pointer_dereference.45] line 15 dereference failure: deallocated dynamic object in *b$link1: SUCCESS
[mpack_w2.pointer_dereference.46] line 15 dereference failure: dead object in *b$link1: SUCCESS
[mpack_w2.pointer_dereference.47] line 15 dereference failure: pointer outside object bounds in *b$link1: SUCCESS
[mpack_w2.pointer_dereference.48] line 15 dereference failure: invalid integer address in *b$link1: SUCCESS
[mpack_w2.pointer_dereference.49] line 15 dereference failure: pointer NULL in *tmp_post$0: SUCCESS
[mpack_w2.pointer_dereference.50] line 15 dereference failure: pointer invalid in *tmp_post$0: SUCCESS
[mpack_w2.pointer_dereference.51] line 15 dereference failure: deallocated dynamic object in *tmp_post$0: SUCCESS
[mpack_w2.pointer_dereference.52] line 15 dereference failure: dead object in *tmp_post$0: SUCCESS
[mpack_w2.pointer_dereference.53] line 15 dereference failure: pointer outside object bounds in *tmp_post$0: SUCCESS
[mpack_w2.pointer_dereference.54] line 15 dereference failure: invalid integer address in *tmp_post$0: SUCCESS

neovim/src/nvim/msgpack_rpc/packer.h function mpack_w4
[mpack_w4.pointer_dereference.55] line 20 dereference failure: pointer NULL in *b$link1: SUCCESS
[mpack_w4.pointer_dereference.56] line 20 dereference failure: pointer invalid in *b$link1: SUCCESS
[mpack_w4.pointer_dereference.57] line 20 dereference failure: deallocated dynamic object in *b$link1: SUCCESS
[mpack_w4.pointer_dereference.58] line 20 dereference failure: dead object in *b$link1: SUCCESS
[mpack_w4.pointer_dereference.59] line 20 dereference failure: pointer outside object bounds in *b$link1: SUCCESS
[mpack_w4.pointer_dereference.60] line 20 dereference failure: invalid integer address in *b$link1: SUCCESS
[mpack_w4.pointer_dereference.61] line 20 dereference failure: pointer NULL in *tmp_post: SUCCESS
[mpack_w4.pointer_dereference.62] line 20 dereference failure: pointer invalid in *tmp_post: SUCCESS
[mpack_w4.pointer_dereference.63] line 20 dereference failure: deallocated dynamic object in *tmp_post: SUCCESS
[mpack_w4.pointer_dereference.64] line 20 dereference failure: dead object in *tmp_post: SUCCESS
[mpack_w4.pointer_dereference.65] line 20 dereference failure: pointer outside object bounds in *tmp_post: SUCCESS
[mpack_w4.pointer_dereference.66] line 20 dereference failure: invalid integer address in *tmp_post: SUCCESS
[mpack_w4.pointer_dereference.67] line 21 dereference failure: pointer NULL in *b$link1: SUCCESS
[mpack_w4.pointer_dereference.68] line 21 dereference failure: pointer invalid in *b$link1: SUCCESS
[mpack_w4.pointer_dereference.69] line 21 dereference failure: deallocated dynamic object in *b$link1: SUCCESS
[mpack_w4.pointer_dereference.70] line 21 dereference failure: dead object in *b$link1: SUCCESS
[mpack_w4.pointer_dereference.71] line 21 dereference failure: pointer outside object bounds in *b$link1: SUCCESS
[mpack_w4.pointer_dereference.72] line 21 dereference failure: invalid integer address in *b$link1: SUCCESS
[mpack_w4.pointer_dereference.73] line 21 dereference failure: pointer NULL in *tmp_post$0: SUCCESS
[mpack_w4.pointer_dereference.74] line 21 dereference failure: pointer invalid in *tmp_post$0: SUCCESS
[mpack_w4.pointer_dereference.75] line 21 dereference failure: deallocated dynamic object in *tmp_post$0: SUCCESS
[mpack_w4.pointer_dereference.76] line 21 dereference failure: dead object in *tmp_post$0: SUCCESS
[mpack_w4.pointer_dereference.77] line 21 dereference failure: pointer outside object bounds in *tmp_post$0: SUCCESS
[mpack_w4.pointer_dereference.78] line 21 dereference failure: invalid integer address in *tmp_post$0: SUCCESS
[mpack_w4.pointer_dereference.79] line 22 dereference failure: pointer NULL in *b$link1: SUCCESS
[mpack_w4.pointer_dereference.80] line 22 dereference failure: pointer invalid in *b$link1: SUCCESS
[mpack_w4.pointer_dereference.81] line 22 dereference failure: deallocated dynamic object in *b$link1: SUCCESS
[mpack_w4.pointer_dereference.82] line 22 dereference failure: dead object in *b$link1: SUCCESS
[mpack_w4.pointer_dereference.83] line 22 dereference failure: pointer outside object bounds in *b$link1: SUCCESS
[mpack_w4.pointer_dereference.84] line 22 dereference failure: invalid integer address in *b$link1: SUCCESS
[mpack_w4.pointer_dereference.85] line 22 dereference failure: pointer NULL in *tmp_post$1: SUCCESS
[mpack_w4.pointer_dereference.86] line 22 dereference failure: pointer invalid in *tmp_post$1: SUCCESS
[mpack_w4.pointer_dereference.87] line 22 dereference failure: deallocated dynamic object in *tmp_post$1: SUCCESS
[mpack_w4.pointer_dereference.88] line 22 dereference failure: dead object in *tmp_post$1: SUCCESS
[mpack_w4.pointer_dereference.89] line 22 dereference failure: pointer outside object bounds in *tmp_post$1: SUCCESS
[mpack_w4.pointer_dereference.90] line 22 dereference failure: invalid integer address in *tmp_post$1: SUCCESS
[mpack_w4.pointer_dereference.91] line 23 dereference failure: pointer NULL in *b$link1: SUCCESS
[mpack_w4.pointer_dereference.92] line 23 dereference failure: pointer invalid in *b$link1: SUCCESS
[mpack_w4.pointer_dereference.93] line 23 dereference failure: deallocated dynamic object in *b$link1: SUCCESS
[mpack_w4.pointer_dereference.94] line 23 dereference failure: dead object in *b$link1: SUCCESS
[mpack_w4.pointer_dereference.95] line 23 dereference failure: pointer outside object bounds in *b$link1: SUCCESS
[mpack_w4.pointer_dereference.96] line 23 dereference failure: invalid integer address in *b$link1: SUCCESS
[mpack_w4.pointer_dereference.97] line 23 dereference failure: pointer NULL in *tmp_post$2: SUCCESS
[mpack_w4.pointer_dereference.98] line 23 dereference failure: pointer invalid in *tmp_post$2: SUCCESS
[mpack_w4.pointer_dereference.99] line 23 dereference failure: deallocated dynamic object in *tmp_post$2: SUCCESS
[mpack_w4.pointer_dereference.100] line 23 dereference failure: dead object in *tmp_post$2: SUCCESS
[mpack_w4.pointer_dereference.101] line 23 dereference failure: pointer outside object bounds in *tmp_post$2: SUCCESS
[mpack_w4.pointer_dereference.102] line 23 dereference failure: invalid integer address in *tmp_post$2: SUCCESS

neovim/src/nvim/msgpack_rpc/unpacker.c function api_parse_enter
[api_parse_enter.pointer_dereference.1] line 47 dereference failure: pointer NULL in parser->data: SUCCESS
[api_parse_enter.pointer_dereference.2] line 47 dereference failure: pointer invalid in parser->data: SUCCESS
[api_parse_enter.pointer_dereference.3] line 47 dereference failure: deallocated dynamic object in parser->data: SUCCESS
[api_parse_enter.pointer_dereference.4] line 47 dereference failure: dead object in parser->data: SUCCESS
[api_parse_enter.pointer_dereference.5] line 47 dereference failure: pointer outside object bounds in parser->data: SUCCESS
[api_parse_enter.pointer_dereference.6] line 47 dereference failure: invalid integer address in parser->data: SUCCESS
[api_parse_enter.pointer_dereference.7] line 51 dereference failure: pointer NULL in (node - (signed long int)1)->pos: SUCCESS
[api_parse_enter.pointer_dereference.8] line 51 dereference failure: pointer invalid in (node - (signed long int)1)->pos: SUCCESS
[api_parse_enter.pointer_dereference.9] line 51 dereference failure: deallocated dynamic object in (node - (signed long int)1)->pos: SUCCESS
[api_parse_enter.pointer_dereference.10] line 51 dereference failure: dead object in (node - (signed long int)1)->pos: SUCCESS
[api_parse_enter.pointer_dereference.11] line 51 dereference failure: pointer outside object bounds in (node - (signed long int)1)->pos: SUCCESS
[api_parse_enter.pointer_dereference.12] line 51 dereference failure: invalid integer address in (node - (signed long int)1)->pos: SUCCESS
[api_parse_enter.pointer_dereference.13] line 53 dereference failure: pointer NULL in parent->tok: SUCCESS
[api_parse_enter.pointer_dereference.14] line 53 dereference failure: pointer invalid in parent->tok: SUCCESS
[api_parse_enter.pointer_dereference.15] line 53 dereference failure: deallocated dynamic object in parent->tok: SUCCESS
[api_parse_enter.pointer_dereference.16] line 53 dereference failure: dead object in parent->tok: SUCCESS
[api_parse_enter.pointer_dereference.17] line 53 dereference failure: pointer outside object bounds in parent->tok: SUCCESS
[api_parse_enter.pointer_dereference.18] line 53 dereference failure: invalid integer address in parent->tok: SUCCESS
[api_parse_enter.pointer_dereference.19] line 53 dereference failure: pointer NULL in parent->tok: SUCCESS
[api_parse_enter.pointer_dereference.20] line 53 dereference failure: pointer invalid in parent->tok: SUCCESS
[api_parse_enter.pointer_dereference.21] line 53 dereference failure: deallocated dynamic object in parent->tok: SUCCESS
[api_parse_enter.pointer_dereference.22] line 53 dereference failure: dead object in parent->tok: SUCCESS
[api_parse_enter.pointer_dereference.23] line 53 dereference failure: pointer outside object bounds in parent->tok: SUCCESS
[api_parse_enter.pointer_dereference.24] line 53 dereference failure: invalid integer address in parent->tok: SUCCESS
[api_parse_enter.pointer_dereference.25] line 53 dereference failure: pointer NULL in parent->tok: SUCCESS
[api_parse_enter.pointer_dereference.26] line 53 dereference failure: pointer invalid in parent->tok: SUCCESS
[api_parse_enter.pointer_dereference.27] line 53 dereference failure: deallocated dynamic object in parent->tok: SUCCESS
[api_parse_enter.pointer_dereference.28] line 53 dereference failure: dead object in parent->tok: SUCCESS
[api_parse_enter.pointer_dereference.29] line 53 dereference failure: pointer outside object bounds in parent->tok: SUCCESS
[api_parse_enter.pointer_dereference.30] line 53 dereference failure: invalid integer address in parent->tok: SUCCESS
[api_parse_enter.pointer_dereference.31] line 53 dereference failure: pointer NULL in parent->tok: SUCCESS
[api_parse_enter.pointer_dereference.32] line 53 dereference failure: pointer invalid in parent->tok: SUCCESS
[api_parse_enter.pointer_dereference.33] line 53 dereference failure: deallocated dynamic object in parent->tok: SUCCESS
[api_parse_enter.pointer_dereference.34] line 53 dereference failure: dead object in parent->tok: SUCCESS
[api_parse_enter.pointer_dereference.35] line 53 dereference failure: pointer outside object bounds in parent->tok: SUCCESS
[api_parse_enter.pointer_dereference.36] line 53 dereference failure: invalid integer address in parent->tok: SUCCESS
[api_parse_enter.array_bounds.1] line 55 array.data dynamic object upper bound in parent->data[(signed long int)0]: SUCCESS
[api_parse_enter.pointer_dereference.37] line 55 dereference failure: pointer NULL in parent->data: SUCCESS
[api_parse_enter.pointer_dereference.38] line 55 dereference failure: pointer invalid in parent->data: SUCCESS
[api_parse_enter.pointer_dereference.39] line 55 dereference failure: deallocated dynamic object in parent->data: SUCCESS
[api_parse_enter.pointer_dereference.40] line 55 dereference failure: dead object in parent->data: SUCCESS
[api_parse_enter.pointer_dereference.41] line 55 dereference failure: pointer outside object bounds in parent->data: SUCCESS
[api_parse_enter.pointer_dereference.42] line 55 dereference failure: invalid integer address in parent->data: SUCCESS
[api_parse_enter.pointer_dereference.43] line 56 dereference failure: pointer NULL in obj->data: SUCCESS
[api_parse_enter.pointer_dereference.44] line 56 dereference failure: pointer invalid in obj->data: SUCCESS
[api_parse_enter.pointer_dereference.45] line 56 dereference failure: deallocated dynamic object in obj->data: SUCCESS
[api_parse_enter.pointer_dereference.46] line 56 dereference failure: dead object in obj->data: SUCCESS
[api_parse_enter.pointer_dereference.47] line 56 dereference failure: pointer outside object bounds in obj->data: SUCCESS
[api_parse_enter.pointer_dereference.48] line 56 dereference failure: invalid integer address in obj->data: SUCCESS
[api_parse_enter.pointer_dereference.49] line 56 dereference failure: pointer NULL in parent->pos: SUCCESS
[api_parse_enter.pointer_dereference.50] line 56 dereference failure: pointer invalid in parent->pos: SUCCESS
[api_parse_enter.pointer_dereference.51] line 56 dereference failure: deallocated dynamic object in parent->pos: SUCCESS
[api_parse_enter.pointer_dereference.52] line 56 dereference failure: dead object in parent->pos: SUCCESS
[api_parse_enter.pointer_dereference.53] line 56 dereference failure: pointer outside object bounds in parent->pos: SUCCESS
[api_parse_enter.pointer_dereference.54] line 56 dereference failure: invalid integer address in parent->pos: SUCCESS
[api_parse_enter.array_bounds.2] line 60 array.data dynamic object upper bound in parent->data[(signed long int)0]: SUCCESS
[api_parse_enter.pointer_dereference.55] line 60 dereference failure: pointer NULL in parent->data: SUCCESS
[api_parse_enter.pointer_dereference.56] line 60 dereference failure: pointer invalid in parent->data: SUCCESS
[api_parse_enter.pointer_dereference.57] line 60 dereference failure: deallocated dynamic object in parent->data: SUCCESS
[api_parse_enter.pointer_dereference.58] line 60 dereference failure: dead object in parent->data: SUCCESS
[api_parse_enter.pointer_dereference.59] line 60 dereference failure: pointer outside object bounds in parent->data: SUCCESS
[api_parse_enter.pointer_dereference.60] line 60 dereference failure: invalid integer address in parent->data: SUCCESS
[api_parse_enter.pointer_dereference.61] line 61 dereference failure: pointer NULL in obj->data: SUCCESS
[api_parse_enter.pointer_dereference.62] line 61 dereference failure: pointer invalid in obj->data: SUCCESS
[api_parse_enter.pointer_dereference.63] line 61 dereference failure: deallocated dynamic object in obj->data: SUCCESS
[api_parse_enter.pointer_dereference.64] line 61 dereference failure: dead object in obj->data: SUCCESS
[api_parse_enter.pointer_dereference.65] line 61 dereference failure: pointer outside object bounds in obj->data: SUCCESS
[api_parse_enter.pointer_dereference.66] line 61 dereference failure: invalid integer address in obj->data: SUCCESS
[api_parse_enter.pointer_dereference.67] line 61 dereference failure: pointer NULL in parent->pos: SUCCESS
[api_parse_enter.pointer_dereference.68] line 61 dereference failure: pointer invalid in parent->pos: SUCCESS
[api_parse_enter.pointer_dereference.69] line 61 dereference failure: deallocated dynamic object in parent->pos: SUCCESS
[api_parse_enter.pointer_dereference.70] line 61 dereference failure: dead object in parent->pos: SUCCESS
[api_parse_enter.pointer_dereference.71] line 61 dereference failure: pointer outside object bounds in parent->pos: SUCCESS
[api_parse_enter.pointer_dereference.72] line 61 dereference failure: invalid integer address in parent->pos: SUCCESS
[api_parse_enter.pointer_dereference.73] line 62 dereference failure: pointer NULL in parent->key_visited: SUCCESS
[api_parse_enter.pointer_dereference.74] line 62 dereference failure: pointer invalid in parent->key_visited: SUCCESS
[api_parse_enter.pointer_dereference.75] line 62 dereference failure: deallocated dynamic object in parent->key_visited: SUCCESS
[api_parse_enter.pointer_dereference.76] line 62 dereference failure: dead object in parent->key_visited: SUCCESS
[api_parse_enter.pointer_dereference.77] line 62 dereference failure: pointer outside object bounds in parent->key_visited: SUCCESS
[api_parse_enter.pointer_dereference.78] line 62 dereference failure: invalid integer address in parent->key_visited: SUCCESS
[api_parse_enter.pointer_dereference.79] line 65 dereference failure: pointer NULL in kv->key: SUCCESS
[api_parse_enter.pointer_dereference.80] line 65 dereference failure: pointer invalid in kv->key: SUCCESS
[api_parse_enter.pointer_dereference.81] line 65 dereference failure: deallocated dynamic object in kv->key: SUCCESS
[api_parse_enter.pointer_dereference.82] line 65 dereference failure: dead object in kv->key: SUCCESS
[api_parse_enter.pointer_dereference.83] line 65 dereference failure: pointer outside object bounds in kv->key: SUCCESS
[api_parse_enter.pointer_dereference.84] line 65 dereference failure: invalid integer address in kv->key: SUCCESS
[api_parse_enter.assertion.1] line 75 assertion node->tok.type == MPACK_TOKEN_CHUNK: SUCCESS
[api_parse_enter.pointer_dereference.85] line 75 dereference failure: pointer NULL in node->tok: SUCCESS
[api_parse_enter.pointer_dereference.86] line 75 dereference failure: pointer invalid in node->tok: SUCCESS
[api_parse_enter.pointer_dereference.87] line 75 dereference failure: deallocated dynamic object in node->tok: SUCCESS
[api_parse_enter.pointer_dereference.88] line 75 dereference failure: dead object in node->tok: SUCCESS
[api_parse_enter.pointer_dereference.89] line 75 dereference failure: pointer outside object bounds in node->tok: SUCCESS
[api_parse_enter.pointer_dereference.90] line 75 dereference failure: invalid integer address in node->tok: SUCCESS
[api_parse_enter.pointer_dereference.91] line 85 dereference failure: pointer NULL in node->tok: SUCCESS
[api_parse_enter.pointer_dereference.92] line 85 dereference failure: pointer invalid in node->tok: SUCCESS
[api_parse_enter.pointer_dereference.93] line 85 dereference failure: deallocated dynamic object in node->tok: SUCCESS
[api_parse_enter.pointer_dereference.94] line 85 dereference failure: dead object in node->tok: SUCCESS
[api_parse_enter.pointer_dereference.95] line 85 dereference failure: pointer outside object bounds in node->tok: SUCCESS
[api_parse_enter.pointer_dereference.96] line 85 dereference failure: invalid integer address in node->tok: SUCCESS
[api_parse_enter.pointer_dereference.97] line 85 dereference failure: pointer NULL in node->tok: SUCCESS
[api_parse_enter.pointer_dereference.98] line 85 dereference failure: pointer invalid in node->tok: SUCCESS
[api_parse_enter.pointer_dereference.99] line 85 dereference failure: deallocated dynamic object in node->tok: SUCCESS
[api_parse_enter.pointer_dereference.100] line 85 dereference failure: dead object in node->tok: SUCCESS
[api_parse_enter.pointer_dereference.101] line 85 dereference failure: pointer outside object bounds in node->tok: SUCCESS
[api_parse_enter.pointer_dereference.102] line 85 dereference failure: invalid integer address in node->tok: SUCCESS
[api_parse_enter.pointer_dereference.103] line 85 dereference failure: pointer NULL in node->tok: SUCCESS
[api_parse_enter.pointer_dereference.104] line 85 dereference failure: pointer invalid in node->tok: SUCCESS
[api_parse_enter.pointer_dereference.105] line 85 dereference failure: deallocated dynamic object in node->tok: SUCCESS
[api_parse_enter.pointer_dereference.106] line 85 dereference failure: dead object in node->tok: SUCCESS
[api_parse_enter.pointer_dereference.107] line 85 dereference failure: pointer outside object bounds in node->tok: SUCCESS
[api_parse_enter.pointer_dereference.108] line 85 dereference failure: invalid integer address in node->tok: SUCCESS
[api_parse_enter.pointer_dereference.109] line 87 dereference failure: pointer NULL in *result: SUCCESS
[api_parse_enter.pointer_dereference.110] line 87 dereference failure: pointer invalid in *result: SUCCESS
[api_parse_enter.pointer_dereference.111] line 87 dereference failure: deallocated dynamic object in *result: SUCCESS
[api_parse_enter.pointer_dereference.112] line 87 dereference failure: dead object in *result: SUCCESS
[api_parse_enter.pointer_dereference.113] line 87 dereference failure: pointer outside object bounds in *result: SUCCESS
[api_parse_enter.pointer_dereference.114] line 87 dereference failure: invalid integer address in *result: SUCCESS
[api_parse_enter.pointer_dereference.115] line 90 dereference failure: pointer NULL in node->tok: SUCCESS
[api_parse_enter.pointer_dereference.116] line 90 dereference failure: pointer invalid in node->tok: SUCCESS
[api_parse_enter.pointer_dereference.117] line 90 dereference failure: deallocated dynamic object in node->tok: SUCCESS
[api_parse_enter.pointer_dereference.118] line 90 dereference failure: dead object in node->tok: SUCCESS
[api_parse_enter.pointer_dereference.119] line 90 dereference failure: pointer outside object bounds in node->tok: SUCCESS
[api_parse_enter.pointer_dereference.120] line 90 dereference failure: invalid integer address in node->tok: SUCCESS
[api_parse_enter.pointer_dereference.121] line 90 dereference failure: pointer NULL in *result: SUCCESS
[api_parse_enter.pointer_dereference.122] line 90 dereference failure: pointer invalid in *result: SUCCESS
[api_parse_enter.pointer_dereference.123] line 90 dereference failure: deallocated dynamic object in *result: SUCCESS
[api_parse_enter.pointer_dereference.124] line 90 dereference failure: dead object in *result: SUCCESS
[api_parse_enter.pointer_dereference.125] line 90 dereference failure: pointer outside object bounds in *result: SUCCESS
[api_parse_enter.pointer_dereference.126] line 90 dereference failure: invalid integer address in *result: SUCCESS
[api_parse_enter.pointer_dereference.127] line 93 dereference failure: pointer NULL in node->tok: SUCCESS
[api_parse_enter.pointer_dereference.128] line 93 dereference failure: pointer invalid in node->tok: SUCCESS
[api_parse_enter.pointer_dereference.129] line 93 dereference failure: deallocated dynamic object in node->tok: SUCCESS
[api_parse_enter.pointer_dereference.130] line 93 dereference failure: dead object in node->tok: SUCCESS
[api_parse_enter.pointer_dereference.131] line 93 dereference failure: pointer outside object bounds in node->tok: SUCCESS
[api_parse_enter.pointer_dereference.132] line 93 dereference failure: invalid integer address in node->tok: SUCCESS
[api_parse_enter.pointer_dereference.133] line 93 dereference failure: pointer NULL in *result: SUCCESS
[api_parse_enter.pointer_dereference.134] line 93 dereference failure: pointer invalid in *result: SUCCESS
[api_parse_enter.pointer_dereference.135] line 93 dereference failure: deallocated dynamic object in *result: SUCCESS
[api_parse_enter.pointer_dereference.136] line 93 dereference failure: dead object in *result: SUCCESS
[api_parse_enter.pointer_dereference.137] line 93 dereference failure: pointer outside object bounds in *result: SUCCESS
[api_parse_enter.pointer_dereference.138] line 93 dereference failure: invalid integer address in *result: SUCCESS
[api_parse_enter.pointer_dereference.139] line 96 dereference failure: pointer NULL in node->tok: SUCCESS
[api_parse_enter.pointer_dereference.140] line 96 dereference failure: pointer invalid in node->tok: SUCCESS
[api_parse_enter.pointer_dereference.141] line 96 dereference failure: deallocated dynamic object in node->tok: SUCCESS
[api_parse_enter.pointer_dereference.142] line 96 dereference failure: dead object in node->tok: SUCCESS
[api_parse_enter.pointer_dereference.143] line 96 dereference failure: pointer outside object bounds in node->tok: SUCCESS
[api_parse_enter.pointer_dereference.144] line 96 dereference failure: invalid integer address in node->tok: SUCCESS
[api_parse_enter.pointer_dereference.145] line 96 dereference failure: pointer NULL in *result: SUCCESS
[api_parse_enter.pointer_dereference.146] line 96 dereference failure: pointer invalid in *result: SUCCESS
[api_parse_enter.pointer_dereference.147] line 96 dereference failure: deallocated dynamic object in *result: SUCCESS
[api_parse_enter.pointer_dereference.148] line 96 dereference failure: dead object in *result: SUCCESS
[api_parse_enter.pointer_dereference.149] line 96 dereference failure: pointer outside object bounds in *result: SUCCESS
[api_parse_enter.pointer_dereference.150] line 96 dereference failure: invalid integer address in *result: SUCCESS
[api_parse_enter.pointer_dereference.151] line 99 dereference failure: pointer NULL in node->tok: SUCCESS
[api_parse_enter.pointer_dereference.152] line 99 dereference failure: pointer invalid in node->tok: SUCCESS
[api_parse_enter.pointer_dereference.153] line 99 dereference failure: deallocated dynamic object in node->tok: SUCCESS
[api_parse_enter.pointer_dereference.154] line 99 dereference failure: dead object in node->tok: SUCCESS
[api_parse_enter.pointer_dereference.155] line 99 dereference failure: pointer outside object bounds in node->tok: SUCCESS
[api_parse_enter.pointer_dereference.156] line 99 dereference failure: invalid integer address in node->tok: SUCCESS
[api_parse_enter.pointer_dereference.157] line 99 dereference failure: pointer NULL in *result: SUCCESS
[api_parse_enter.pointer_dereference.158] line 99 dereference failure: pointer invalid in *result: SUCCESS
[api_parse_enter.pointer_dereference.159] line 99 dereference failure: deallocated dynamic object in *result: SUCCESS
[api_parse_enter.pointer_dereference.160] line 99 dereference failure: dead object in *result: SUCCESS
[api_parse_enter.pointer_dereference.161] line 99 dereference failure: pointer outside object bounds in *result: SUCCESS
[api_parse_enter.pointer_dereference.162] line 99 dereference failure: invalid integer address in *result: SUCCESS
[api_parse_enter.overflow.1] line 104 arithmetic overflow on unsigned + in node->tok.length + (unsigned int)1: SUCCESS
[api_parse_enter.pointer_dereference.163] line 104 dereference failure: pointer NULL in node->tok: SUCCESS
[api_parse_enter.pointer_dereference.164] line 104 dereference failure: pointer invalid in node->tok: SUCCESS
[api_parse_enter.pointer_dereference.165] line 104 dereference failure: deallocated dynamic object in node->tok: SUCCESS
[api_parse_enter.pointer_dereference.166] line 104 dereference failure: dead object in node->tok: SUCCESS
[api_parse_enter.pointer_dereference.167] line 104 dereference failure: pointer outside object bounds in node->tok: SUCCESS
[api_parse_enter.pointer_dereference.168] line 104 dereference failure: invalid integer address in node->tok: SUCCESS
[api_parse_enter.pointer_dereference.169] line 105 dereference failure: pointer NULL in node->tok: SUCCESS
[api_parse_enter.pointer_dereference.170] line 105 dereference failure: pointer invalid in node->tok: SUCCESS
[api_parse_enter.pointer_dereference.171] line 105 dereference failure: deallocated dynamic object in node->tok: SUCCESS
[api_parse_enter.pointer_dereference.172] line 105 dereference failure: dead object in node->tok: SUCCESS
[api_parse_enter.pointer_dereference.173] line 105 dereference failure: pointer outside object bounds in node->tok: SUCCESS
[api_parse_enter.pointer_dereference.174] line 105 dereference failure: invalid integer address in node->tok: SUCCESS
[api_parse_enter.pointer_dereference.175] line 105 dereference failure: pointer NULL in mem[(signed long int)node->tok.length]: SUCCESS
[api_parse_enter.pointer_dereference.176] line 105 dereference failure: pointer invalid in mem[(signed long int)node->tok.length]: SUCCESS
[api_parse_enter.pointer_dereference.177] line 105 dereference failure: deallocated dynamic object in mem[(signed long int)node->tok.length]: SUCCESS
[api_parse_enter.pointer_dereference.178] line 105 dereference failure: dead object in mem[(signed long int)node->tok.length]: SUCCESS
[api_parse_enter.pointer_dereference.179] line 105 dereference failure: pointer outside object bounds in mem[(signed long int)node->tok.length]: SUCCESS
[api_parse_enter.pointer_dereference.180] line 105 dereference failure: invalid integer address in mem[(signed long int)node->tok.length]: SUCCESS
[api_parse_enter.pointer_dereference.181] line 106 dereference failure: pointer NULL in node->tok: SUCCESS
[api_parse_enter.pointer_dereference.182] line 106 dereference failure: pointer invalid in node->tok: SUCCESS
[api_parse_enter.pointer_dereference.183] line 106 dereference failure: deallocated dynamic object in node->tok: SUCCESS
[api_parse_enter.pointer_dereference.184] line 106 dereference failure: dead object in node->tok: SUCCESS
[api_parse_enter.pointer_dereference.185] line 106 dereference failure: pointer outside object bounds in node->tok: SUCCESS
[api_parse_enter.pointer_dereference.186] line 106 dereference failure: invalid integer address in node->tok: SUCCESS
[api_parse_enter.pointer_dereference.187] line 108 dereference failure: pointer NULL in *key_location: SUCCESS
[api_parse_enter.pointer_dereference.188] line 108 dereference failure: pointer invalid in *key_location: SUCCESS
[api_parse_enter.pointer_dereference.189] line 108 dereference failure: deallocated dynamic object in *key_location: SUCCESS
[api_parse_enter.pointer_dereference.190] line 108 dereference failure: dead object in *key_location: SUCCESS
[api_parse_enter.pointer_dereference.191] line 108 dereference failure: pointer outside object bounds in *key_location: SUCCESS
[api_parse_enter.pointer_dereference.192] line 108 dereference failure: invalid integer address in *key_location: SUCCESS
[api_parse_enter.pointer_dereference.193] line 110 dereference failure: pointer NULL in *result: SUCCESS
[api_parse_enter.pointer_dereference.194] line 110 dereference failure: pointer invalid in *result: SUCCESS
[api_parse_enter.pointer_dereference.195] line 110 dereference failure: deallocated dynamic object in *result: SUCCESS
[api_parse_enter.pointer_dereference.196] line 110 dereference failure: dead object in *result: SUCCESS
[api_parse_enter.pointer_dereference.197] line 110 dereference failure: pointer outside object bounds in *result: SUCCESS
[api_parse_enter.pointer_dereference.198] line 110 dereference failure: invalid integer address in *result: SUCCESS
[api_parse_enter.array_bounds.3] line 112 array.data dynamic object upper bound in node->data[(signed long int)0]: SUCCESS
[api_parse_enter.pointer_dereference.199] line 112 dereference failure: pointer NULL in node->data: SUCCESS
[api_parse_enter.pointer_dereference.200] line 112 dereference failure: pointer invalid in node->data: SUCCESS
[api_parse_enter.pointer_dereference.201] line 112 dereference failure: deallocated dynamic object in node->data: SUCCESS
[api_parse_enter.pointer_dereference.202] line 112 dereference failure: dead object in node->data: SUCCESS
[api_parse_enter.pointer_dereference.203] line 112 dereference failure: pointer outside object bounds in node->data: SUCCESS
[api_parse_enter.pointer_dereference.204] line 112 dereference failure: invalid integer address in node->data: SUCCESS
[api_parse_enter.array_bounds.4] line 117 array.data dynamic object upper bound in node->data[(signed long int)0]: SUCCESS
[api_parse_enter.pointer_dereference.205] line 117 dereference failure: pointer NULL in node->data: SUCCESS
[api_parse_enter.pointer_dereference.206] line 117 dereference failure: pointer invalid in node->data: SUCCESS
[api_parse_enter.pointer_dereference.207] line 117 dereference failure: deallocated dynamic object in node->data: SUCCESS
[api_parse_enter.pointer_dereference.208] line 117 dereference failure: dead object in node->data: SUCCESS
[api_parse_enter.pointer_dereference.209] line 117 dereference failure: pointer outside object bounds in node->data: SUCCESS
[api_parse_enter.pointer_dereference.210] line 117 dereference failure: invalid integer address in node->data: SUCCESS
[api_parse_enter.assertion.2] line 120 assertion parent: SUCCESS
[api_parse_enter.pointer_dereference.211] line 121 dereference failure: pointer NULL in parent->tok: SUCCESS
[api_parse_enter.pointer_dereference.212] line 121 dereference failure: pointer invalid in parent->tok: SUCCESS
[api_parse_enter.pointer_dereference.213] line 121 dereference failure: deallocated dynamic object in parent->tok: SUCCESS
[api_parse_enter.pointer_dereference.214] line 121 dereference failure: dead object in parent->tok: SUCCESS
[api_parse_enter.pointer_dereference.215] line 121 dereference failure: pointer outside object bounds in parent->tok: SUCCESS
[api_parse_enter.pointer_dereference.216] line 121 dereference failure: invalid integer address in parent->tok: SUCCESS
[api_parse_enter.pointer_dereference.217] line 121 dereference failure: pointer NULL in parent->tok: SUCCESS
[api_parse_enter.pointer_dereference.218] line 121 dereference failure: pointer invalid in parent->tok: SUCCESS
[api_parse_enter.pointer_dereference.219] line 121 dereference failure: deallocated dynamic object in parent->tok: SUCCESS
[api_parse_enter.pointer_dereference.220] line 121 dereference failure: dead object in parent->tok: SUCCESS
[api_parse_enter.pointer_dereference.221] line 121 dereference failure: pointer outside object bounds in parent->tok: SUCCESS
[api_parse_enter.pointer_dereference.222] line 121 dereference failure: invalid integer address in parent->tok: SUCCESS
[api_parse_enter.array_bounds.5] line 122 array.data dynamic object upper bound in parent->data[(signed long int)0]: SUCCESS
[api_parse_enter.pointer_dereference.223] line 122 dereference failure: pointer NULL in parent->data: SUCCESS
[api_parse_enter.pointer_dereference.224] line 122 dereference failure: pointer invalid in parent->data: SUCCESS
[api_parse_enter.pointer_dereference.225] line 122 dereference failure: deallocated dynamic object in parent->data: SUCCESS
[api_parse_enter.pointer_dereference.226] line 122 dereference failure: dead object in parent->data: SUCCESS
[api_parse_enter.pointer_dereference.227] line 122 dereference failure: pointer outside object bounds in parent->data: SUCCESS
[api_parse_enter.pointer_dereference.228] line 122 dereference failure: invalid integer address in parent->data: SUCCESS
[api_parse_enter.pointer_dereference.229] line 123 dereference failure: pointer NULL in parent->pos: SUCCESS
[api_parse_enter.pointer_dereference.230] line 123 dereference failure: pointer invalid in parent->pos: SUCCESS
[api_parse_enter.pointer_dereference.231] line 123 dereference failure: deallocated dynamic object in parent->pos: SUCCESS
[api_parse_enter.pointer_dereference.232] line 123 dereference failure: dead object in parent->pos: SUCCESS
[api_parse_enter.pointer_dereference.233] line 123 dereference failure: pointer outside object bounds in parent->pos: SUCCESS
[api_parse_enter.pointer_dereference.234] line 123 dereference failure: invalid integer address in parent->pos: SUCCESS
[api_parse_enter.pointer_dereference.235] line 123 dereference failure: pointer NULL in node->tok: SUCCESS
[api_parse_enter.pointer_dereference.236] line 123 dereference failure: pointer invalid in node->tok: SUCCESS
[api_parse_enter.pointer_dereference.237] line 123 dereference failure: deallocated dynamic object in node->tok: SUCCESS
[api_parse_enter.pointer_dereference.238] line 123 dereference failure: dead object in node->tok: SUCCESS
[api_parse_enter.pointer_dereference.239] line 123 dereference failure: pointer outside object bounds in node->tok: SUCCESS
[api_parse_enter.pointer_dereference.240] line 123 dereference failure: invalid integer address in node->tok: SUCCESS
[api_parse_enter.array_bounds.6] line 126 array.data dynamic object upper bound in parent->data[(signed long int)0]: SUCCESS
[api_parse_enter.pointer_dereference.241] line 126 dereference failure: pointer NULL in parent->data: SUCCESS
[api_parse_enter.pointer_dereference.242] line 126 dereference failure: pointer invalid in parent->data: SUCCESS
[api_parse_enter.pointer_dereference.243] line 126 dereference failure: deallocated dynamic object in parent->data: SUCCESS
[api_parse_enter.pointer_dereference.244] line 126 dereference failure: dead object in parent->data: SUCCESS
[api_parse_enter.pointer_dereference.245] line 126 dereference failure: pointer outside object bounds in parent->data: SUCCESS
[api_parse_enter.pointer_dereference.246] line 126 dereference failure: invalid integer address in parent->data: SUCCESS
[api_parse_enter.overflow.2] line 128 arithmetic overflow on unsigned + in parent->pos + (unsigned long int)node->tok.length: SUCCESS
[api_parse_enter.pointer_dereference.247] line 128 dereference failure: pointer NULL in parent->pos: SUCCESS
[api_parse_enter.pointer_dereference.248] line 128 dereference failure: pointer invalid in parent->pos: SUCCESS
[api_parse_enter.pointer_dereference.249] line 128 dereference failure: deallocated dynamic object in parent->pos: SUCCESS
[api_parse_enter.pointer_dereference.250] line 128 dereference failure: dead object in parent->pos: SUCCESS
[api_parse_enter.pointer_dereference.251] line 128 dereference failure: pointer outside object bounds in parent->pos: SUCCESS
[api_parse_enter.pointer_dereference.252] line 128 dereference failure: invalid integer address in parent->pos: SUCCESS
[api_parse_enter.pointer_dereference.253] line 128 dereference failure: pointer NULL in node->tok: SUCCESS
[api_parse_enter.pointer_dereference.254] line 128 dereference failure: pointer invalid in node->tok: SUCCESS
[api_parse_enter.pointer_dereference.255] line 128 dereference failure: deallocated dynamic object in node->tok: SUCCESS
[api_parse_enter.pointer_dereference.256] line 128 dereference failure: dead object in node->tok: SUCCESS
[api_parse_enter.pointer_dereference.257] line 128 dereference failure: pointer outside object bounds in node->tok: SUCCESS
[api_parse_enter.pointer_dereference.258] line 128 dereference failure: invalid integer address in node->tok: SUCCESS
[api_parse_enter.pointer_dereference.259] line 130 dereference failure: pointer NULL in *res: SUCCESS
[api_parse_enter.pointer_dereference.260] line 130 dereference failure: pointer invalid in *res: SUCCESS
[api_parse_enter.pointer_dereference.261] line 130 dereference failure: deallocated dynamic object in *res: SUCCESS
[api_parse_enter.pointer_dereference.262] line 130 dereference failure: dead object in *res: SUCCESS
[api_parse_enter.pointer_dereference.263] line 130 dereference failure: pointer outside object bounds in *res: SUCCESS
[api_parse_enter.pointer_dereference.264] line 130 dereference failure: invalid integer address in *res: SUCCESS
[api_parse_enter.pointer_dereference.265] line 133 dereference failure: pointer NULL in parent->pos: SUCCESS
[api_parse_enter.pointer_dereference.266] line 133 dereference failure: pointer invalid in parent->pos: SUCCESS
[api_parse_enter.pointer_dereference.267] line 133 dereference failure: deallocated dynamic object in parent->pos: SUCCESS
[api_parse_enter.pointer_dereference.268] line 133 dereference failure: dead object in parent->pos: SUCCESS
[api_parse_enter.pointer_dereference.269] line 133 dereference failure: pointer outside object bounds in parent->pos: SUCCESS
[api_parse_enter.pointer_dereference.270] line 133 dereference failure: invalid integer address in parent->pos: SUCCESS
[api_parse_enter.pointer_dereference.271] line 133 dereference failure: pointer NULL in node->tok: SUCCESS
[api_parse_enter.pointer_dereference.272] line 133 dereference failure: pointer invalid in node->tok: SUCCESS
[api_parse_enter.pointer_dereference.273] line 133 dereference failure: deallocated dynamic object in node->tok: SUCCESS
[api_parse_enter.pointer_dereference.274] line 133 dereference failure: dead object in node->tok: SUCCESS
[api_parse_enter.pointer_dereference.275] line 133 dereference failure: pointer outside object bounds in node->tok: SUCCESS
[api_parse_enter.pointer_dereference.276] line 133 dereference failure: invalid integer address in node->tok: SUCCESS
[api_parse_enter.overflow.3] line 135 arithmetic overflow on unsigned + in parent->pos + (unsigned long int)node->tok.length: SUCCESS
[api_parse_enter.pointer_dereference.277] line 135 dereference failure: pointer NULL in parent->pos: SUCCESS
[api_parse_enter.pointer_dereference.278] line 135 dereference failure: pointer invalid in parent->pos: SUCCESS
[api_parse_enter.pointer_dereference.279] line 135 dereference failure: deallocated dynamic object in parent->pos: SUCCESS
[api_parse_enter.pointer_dereference.280] line 135 dereference failure: dead object in parent->pos: SUCCESS
[api_parse_enter.pointer_dereference.281] line 135 dereference failure: pointer outside object bounds in parent->pos: SUCCESS
[api_parse_enter.pointer_dereference.282] line 135 dereference failure: invalid integer address in parent->pos: SUCCESS
[api_parse_enter.pointer_dereference.283] line 135 dereference failure: pointer NULL in node->tok: SUCCESS
[api_parse_enter.pointer_dereference.284] line 135 dereference failure: pointer invalid in node->tok: SUCCESS
[api_parse_enter.pointer_dereference.285] line 135 dereference failure: deallocated dynamic object in node->tok: SUCCESS
[api_parse_enter.pointer_dereference.286] line 135 dereference failure: dead object in node->tok: SUCCESS
[api_parse_enter.pointer_dereference.287] line 135 dereference failure: pointer outside object bounds in node->tok: SUCCESS
[api_parse_enter.pointer_dereference.288] line 135 dereference failure: invalid integer address in node->tok: SUCCESS
[api_parse_enter.pointer_dereference.289] line 135 dereference failure: pointer NULL in parent->tok: SUCCESS
[api_parse_enter.pointer_dereference.290] line 135 dereference failure: pointer invalid in parent->tok: SUCCESS
[api_parse_enter.pointer_dereference.291] line 135 dereference failure: deallocated dynamic object in parent->tok: SUCCESS
[api_parse_enter.pointer_dereference.292] line 135 dereference failure: dead object in parent->tok: SUCCESS
[api_parse_enter.pointer_dereference.293] line 135 dereference failure: pointer outside object bounds in parent->tok: SUCCESS
[api_parse_enter.pointer_dereference.294] line 135 dereference failure: invalid integer address in parent->tok: SUCCESS
[api_parse_enter.pointer_dereference.295] line 139 dereference failure: pointer NULL in parent->tok: SUCCESS
[api_parse_enter.pointer_dereference.296] line 139 dereference failure: pointer invalid in parent->tok: SUCCESS
[api_parse_enter.pointer_dereference.297] line 139 dereference failure: deallocated dynamic object in parent->tok: SUCCESS
[api_parse_enter.pointer_dereference.298] line 139 dereference failure: dead object in parent->tok: SUCCESS
[api_parse_enter.pointer_dereference.299] line 139 dereference failure: pointer outside object bounds in parent->tok: SUCCESS
[api_parse_enter.pointer_dereference.300] line 139 dereference failure: invalid integer address in parent->tok: SUCCESS
[api_parse_enter.pointer_dereference.301] line 145 dereference failure: pointer NULL in *res: SUCCESS
[api_parse_enter.pointer_dereference.302] line 145 dereference failure: pointer invalid in *res: SUCCESS
[api_parse_enter.pointer_dereference.303] line 145 dereference failure: deallocated dynamic object in *res: SUCCESS
[api_parse_enter.pointer_dereference.304] line 145 dereference failure: dead object in *res: SUCCESS
[api_parse_enter.pointer_dereference.305] line 145 dereference failure: pointer outside object bounds in *res: SUCCESS
[api_parse_enter.pointer_dereference.306] line 145 dereference failure: invalid integer address in *res: SUCCESS
[api_parse_enter.pointer_dereference.307] line 148 dereference failure: pointer NULL in parent->tok: SUCCESS
[api_parse_enter.pointer_dereference.308] line 148 dereference failure: pointer invalid in parent->tok: SUCCESS
[api_parse_enter.pointer_dereference.309] line 148 dereference failure: deallocated dynamic object in parent->tok: SUCCESS
[api_parse_enter.pointer_dereference.310] line 148 dereference failure: dead object in parent->tok: SUCCESS
[api_parse_enter.pointer_dereference.311] line 148 dereference failure: pointer outside object bounds in parent->tok: SUCCESS
[api_parse_enter.pointer_dereference.312] line 148 dereference failure: invalid integer address in parent->tok: SUCCESS
[api_parse_enter.overflow.4] line 150 arithmetic overflow on signed + in ext_type + 8: SUCCESS
[api_parse_enter.pointer_dereference.313] line 150 dereference failure: pointer NULL in res->type: SUCCESS
[api_parse_enter.pointer_dereference.314] line 150 dereference failure: pointer invalid in res->type: SUCCESS
[api_parse_enter.pointer_dereference.315] line 150 dereference failure: deallocated dynamic object in res->type: SUCCESS
[api_parse_enter.pointer_dereference.316] line 150 dereference failure: dead object in res->type: SUCCESS
[api_parse_enter.pointer_dereference.317] line 150 dereference failure: pointer outside object bounds in res->type: SUCCESS
[api_parse_enter.pointer_dereference.318] line 150 dereference failure: invalid integer address in res->type: SUCCESS
[api_parse_enter.pointer_dereference.319] line 151 dereference failure: pointer NULL in res->data: SUCCESS
[api_parse_enter.pointer_dereference.320] line 151 dereference failure: pointer invalid in res->data: SUCCESS
[api_parse_enter.pointer_dereference.321] line 151 dereference failure: deallocated dynamic object in res->data: SUCCESS
[api_parse_enter.pointer_dereference.322] line 151 dereference failure: dead object in res->data: SUCCESS
[api_parse_enter.pointer_dereference.323] line 151 dereference failure: pointer outside object bounds in res->data: SUCCESS
[api_parse_enter.pointer_dereference.324] line 151 dereference failure: invalid integer address in res->data: SUCCESS
[api_parse_enter.pointer_dereference.325] line 153 dereference failure: pointer NULL in *res: SUCCESS
[api_parse_enter.pointer_dereference.326] line 153 dereference failure: pointer invalid in *res: SUCCESS
[api_parse_enter.pointer_dereference.327] line 153 dereference failure: deallocated dynamic object in *res: SUCCESS
[api_parse_enter.pointer_dereference.328] line 153 dereference failure: dead object in *res: SUCCESS
[api_parse_enter.pointer_dereference.329] line 153 dereference failure: pointer outside object bounds in *res: SUCCESS
[api_parse_enter.pointer_dereference.330] line 153 dereference failure: invalid integer address in *res: SUCCESS
[api_parse_enter.overflow.5] line 161 arithmetic overflow on unsigned * in sizeof(Object) /*32ul*/  * arr.capacity: SUCCESS
[api_parse_enter.pointer_dereference.331] line 161 dereference failure: pointer NULL in node->tok: SUCCESS
[api_parse_enter.pointer_dereference.332] line 161 dereference failure: pointer invalid in node->tok: SUCCESS
[api_parse_enter.pointer_dereference.333] line 161 dereference failure: deallocated dynamic object in node->tok: SUCCESS
[api_parse_enter.pointer_dereference.334] line 161 dereference failure: dead object in node->tok: SUCCESS
[api_parse_enter.pointer_dereference.335] line 161 dereference failure: pointer outside object bounds in node->tok: SUCCESS
[api_parse_enter.pointer_dereference.336] line 161 dereference failure: invalid integer address in node->tok: SUCCESS
[api_parse_enter.pointer_dereference.337] line 162 dereference failure: pointer NULL in node->tok: SUCCESS
[api_parse_enter.pointer_dereference.338] line 162 dereference failure: pointer invalid in node->tok: SUCCESS
[api_parse_enter.pointer_dereference.339] line 162 dereference failure: deallocated dynamic object in node->tok: SUCCESS
[api_parse_enter.pointer_dereference.340] line 162 dereference failure: dead object in node->tok: SUCCESS
[api_parse_enter.pointer_dereference.341] line 162 dereference failure: pointer outside object bounds in node->tok: SUCCESS
[api_parse_enter.pointer_dereference.342] line 162 dereference failure: invalid integer address in node->tok: SUCCESS
[api_parse_enter.pointer_dereference.343] line 163 dereference failure: pointer NULL in *result: SUCCESS
[api_parse_enter.pointer_dereference.344] line 163 dereference failure: pointer invalid in *result: SUCCESS
[api_parse_enter.pointer_dereference.345] line 163 dereference failure: deallocated dynamic object in *result: SUCCESS
[api_parse_enter.pointer_dereference.346] line 163 dereference failure: dead object in *result: SUCCESS
[api_parse_enter.pointer_dereference.347] line 163 dereference failure: pointer outside object bounds in *result: SUCCESS
[api_parse_enter.pointer_dereference.348] line 163 dereference failure: invalid integer address in *result: SUCCESS
[api_parse_enter.array_bounds.7] line 164 array.data dynamic object upper bound in node->data[(signed long int)0]: SUCCESS
[api_parse_enter.pointer_dereference.349] line 164 dereference failure: pointer NULL in node->data: SUCCESS
[api_parse_enter.pointer_dereference.350] line 164 dereference failure: pointer invalid in node->data: SUCCESS
[api_parse_enter.pointer_dereference.351] line 164 dereference failure: deallocated dynamic object in node->data: SUCCESS
[api_parse_enter.pointer_dereference.352] line 164 dereference failure: dead object in node->data: SUCCESS
[api_parse_enter.pointer_dereference.353] line 164 dereference failure: pointer outside object bounds in node->data: SUCCESS
[api_parse_enter.pointer_dereference.354] line 164 dereference failure: invalid integer address in node->data: SUCCESS
[api_parse_enter.overflow.6] line 169 arithmetic overflow on unsigned * in sizeof(KeyValuePair) /*48ul*/  * dict.capacity: SUCCESS
[api_parse_enter.pointer_dereference.355] line 169 dereference failure: pointer NULL in node->tok: SUCCESS
[api_parse_enter.pointer_dereference.356] line 169 dereference failure: pointer invalid in node->tok: SUCCESS
[api_parse_enter.pointer_dereference.357] line 169 dereference failure: deallocated dynamic object in node->tok: SUCCESS
[api_parse_enter.pointer_dereference.358] line 169 dereference failure: dead object in node->tok: SUCCESS
[api_parse_enter.pointer_dereference.359] line 169 dereference failure: pointer outside object bounds in node->tok: SUCCESS
[api_parse_enter.pointer_dereference.360] line 169 dereference failure: invalid integer address in node->tok: SUCCESS
[api_parse_enter.pointer_dereference.361] line 170 dereference failure: pointer NULL in node->tok: SUCCESS
[api_parse_enter.pointer_dereference.362] line 170 dereference failure: pointer invalid in node->tok: SUCCESS
[api_parse_enter.pointer_dereference.363] line 170 dereference failure: deallocated dynamic object in node->tok: SUCCESS
[api_parse_enter.pointer_dereference.364] line 170 dereference failure: dead object in node->tok: SUCCESS
[api_parse_enter.pointer_dereference.365] line 170 dereference failure: pointer outside object bounds in node->tok: SUCCESS
[api_parse_enter.pointer_dereference.366] line 170 dereference failure: invalid integer address in node->tok: SUCCESS
[api_parse_enter.pointer_dereference.367] line 171 dereference failure: pointer NULL in *result: SUCCESS
[api_parse_enter.pointer_dereference.368] line 171 dereference failure: pointer invalid in *result: SUCCESS
[api_parse_enter.pointer_dereference.369] line 171 dereference failure: deallocated dynamic object in *result: SUCCESS
[api_parse_enter.pointer_dereference.370] line 171 dereference failure: dead object in *result: SUCCESS
[api_parse_enter.pointer_dereference.371] line 171 dereference failure: pointer outside object bounds in *result: SUCCESS
[api_parse_enter.pointer_dereference.372] line 171 dereference failure: invalid integer address in *result: SUCCESS
[api_parse_enter.array_bounds.8] line 172 array.data dynamic object upper bound in node->data[(signed long int)0]: SUCCESS
[api_parse_enter.pointer_dereference.373] line 172 dereference failure: pointer NULL in node->data: SUCCESS
[api_parse_enter.pointer_dereference.374] line 172 dereference failure: pointer invalid in node->data: SUCCESS
[api_parse_enter.pointer_dereference.375] line 172 dereference failure: deallocated dynamic object in node->data: SUCCESS
[api_parse_enter.pointer_dereference.376] line 172 dereference failure: dead object in node->data: SUCCESS
[api_parse_enter.pointer_dereference.377] line 172 dereference failure: pointer outside object bounds in node->data: SUCCESS
[api_parse_enter.pointer_dereference.378] line 172 dereference failure: invalid integer address in node->data: SUCCESS

neovim/src/nvim/msgpack_rpc/unpacker.c function push_additional_data
[push_additional_data.pointer_dereference.1] line 603 dereference failure: pointer NULL in ad->size: SUCCESS
[push_additional_data.pointer_dereference.2] line 603 dereference failure: pointer invalid in ad->size: SUCCESS
[push_additional_data.pointer_dereference.3] line 603 dereference failure: deallocated dynamic object in ad->size: SUCCESS
[push_additional_data.pointer_dereference.4] line 603 dereference failure: dead object in ad->size: SUCCESS
[push_additional_data.pointer_dereference.5] line 603 dereference failure: pointer outside object bounds in ad->size: SUCCESS
[push_additional_data.pointer_dereference.6] line 603 dereference failure: invalid integer address in ad->size: SUCCESS
[push_additional_data.assertion.1] line 605 assertion (*ad).items: SUCCESS
[push_additional_data.overflow.1] line 605 arithmetic overflow on unsigned + in ad->size + sizeof(AdditionalData) /*8ul*/ : SUCCESS
[push_additional_data.overflow.2] line 605 arithmetic overflow on unsigned - in ad->capacity - 1ul: SUCCESS
[push_additional_data.overflow.3] line 605 arithmetic overflow on unsigned + in ad->capacity + 1ul: SUCCESS
[push_additional_data.overflow.4] line 605 arithmetic overflow on unsigned + in ad->size + sizeof(AdditionalData) /*8ul*/ : SUCCESS
[push_additional_data.pointer_dereference.7] line 605 dereference failure: pointer NULL in ad->capacity: SUCCESS
[push_additional_data.pointer_dereference.8] line 605 dereference failure: pointer invalid in ad->capacity: SUCCESS
[push_additional_data.pointer_dereference.9] line 605 dereference failure: deallocated dynamic object in ad->capacity: SUCCESS
[push_additional_data.pointer_dereference.10] line 605 dereference failure: dead object in ad->capacity: SUCCESS
[push_additional_data.pointer_dereference.11] line 605 dereference failure: pointer outside object bounds in ad->capacity: SUCCESS
[push_additional_data.pointer_dereference.12] line 605 dereference failure: invalid integer address in ad->capacity: SUCCESS
[push_additional_data.pointer_dereference.13] line 605 dereference failure: pointer NULL in ad->size: SUCCESS
[push_additional_data.pointer_dereference.14] line 605 dereference failure: pointer invalid in ad->size: SUCCESS
[push_additional_data.pointer_dereference.15] line 605 dereference failure: deallocated dynamic object in ad->size: SUCCESS
[push_additional_data.pointer_dereference.16] line 605 dereference failure: dead object in ad->size: SUCCESS
[push_additional_data.pointer_dereference.17] line 605 dereference failure: pointer outside object bounds in ad->size: SUCCESS
[push_additional_data.pointer_dereference.18] line 605 dereference failure: invalid integer address in ad->size: SUCCESS
[push_additional_data.pointer_dereference.19] line 605 dereference failure: pointer NULL in ad->capacity: SUCCESS
[push_additional_data.pointer_dereference.20] line 605 dereference failure: pointer invalid in ad->capacity: SUCCESS
[push_additional_data.pointer_dereference.21] line 605 dereference failure: deallocated dynamic object in ad->capacity: SUCCESS
[push_additional_data.pointer_dereference.22] line 605 dereference failure: dead object in ad->capacity: SUCCESS
[push_additional_data.pointer_dereference.23] line 605 dereference failure: pointer outside object bounds in ad->capacity: SUCCESS
[push_additional_data.pointer_dereference.24] line 605 dereference failure: invalid integer address in ad->capacity: SUCCESS
[push_additional_data.pointer_dereference.25] line 605 dereference failure: pointer NULL in ad->capacity: SUCCESS
[push_additional_data.pointer_dereference.26] line 605 dereference failure: pointer invalid in ad->capacity: SUCCESS
[push_additional_data.pointer_dereference.27] line 605 dereference failure: deallocated dynamic object in ad->capacity: SUCCESS
[push_additional_data.pointer_dereference.28] line 605 dereference failure: dead object in ad->capacity: SUCCESS
[push_additional_data.pointer_dereference.29] line 605 dereference failure: pointer outside object bounds in ad->capacity: SUCCESS
[push_additional_data.pointer_dereference.30] line 605 dereference failure: invalid integer address in ad->capacity: SUCCESS
[push_additional_data.pointer_dereference.31] line 605 dereference failure: pointer NULL in ad->capacity: SUCCESS
[push_additional_data.pointer_dereference.32] line 605 dereference failure: pointer invalid in ad->capacity: SUCCESS
[push_additional_data.pointer_dereference.33] line 605 dereference failure: deallocated dynamic object in ad->capacity: SUCCESS
[push_additional_data.pointer_dereference.34] line 605 dereference failure: dead object in ad->capacity: SUCCESS
[push_additional_data.pointer_dereference.35] line 605 dereference failure: pointer outside object bounds in ad->capacity: SUCCESS
[push_additional_data.pointer_dereference.36] line 605 dereference failure: invalid integer address in ad->capacity: SUCCESS
[push_additional_data.pointer_dereference.37] line 605 dereference failure: pointer NULL in ad->capacity: SUCCESS
[push_additional_data.pointer_dereference.38] line 605 dereference failure: pointer invalid in ad->capacity: SUCCESS
[push_additional_data.pointer_dereference.39] line 605 dereference failure: deallocated dynamic object in ad->capacity: SUCCESS
[push_additional_data.pointer_dereference.40] line 605 dereference failure: dead object in ad->capacity: SUCCESS
[push_additional_data.pointer_dereference.41] line 605 dereference failure: pointer outside object bounds in ad->capacity: SUCCESS
[push_additional_data.pointer_dereference.42] line 605 dereference failure: invalid integer address in ad->capacity: SUCCESS
[push_additional_data.pointer_dereference.43] line 605 dereference failure: pointer NULL in ad->capacity: SUCCESS
[push_additional_data.pointer_dereference.44] line 605 dereference failure: pointer invalid in ad->capacity: SUCCESS
[push_additional_data.pointer_dereference.45] line 605 dereference failure: deallocated dynamic object in ad->capacity: SUCCESS
[push_additional_data.pointer_dereference.46] line 605 dereference failure: dead object in ad->capacity: SUCCESS
[push_additional_data.pointer_dereference.47] line 605 dereference failure: pointer outside object bounds in ad->capacity: SUCCESS
[push_additional_data.pointer_dereference.48] line 605 dereference failure: invalid integer address in ad->capacity: SUCCESS
[push_additional_data.pointer_dereference.49] line 605 dereference failure: pointer NULL in ad->capacity: SUCCESS
[push_additional_data.pointer_dereference.50] line 605 dereference failure: pointer invalid in ad->capacity: SUCCESS
[push_additional_data.pointer_dereference.51] line 605 dereference failure: deallocated dynamic object in ad->capacity: SUCCESS
[push_additional_data.pointer_dereference.52] line 605 dereference failure: dead object in ad->capacity: SUCCESS
[push_additional_data.pointer_dereference.53] line 605 dereference failure: pointer outside object bounds in ad->capacity: SUCCESS
[push_additional_data.pointer_dereference.54] line 605 dereference failure: invalid integer address in ad->capacity: SUCCESS
[push_additional_data.pointer_dereference.55] line 605 dereference failure: pointer NULL in ad->capacity: SUCCESS
[push_additional_data.pointer_dereference.56] line 605 dereference failure: pointer invalid in ad->capacity: SUCCESS
[push_additional_data.pointer_dereference.57] line 605 dereference failure: deallocated dynamic object in ad->capacity: SUCCESS
[push_additional_data.pointer_dereference.58] line 605 dereference failure: dead object in ad->capacity: SUCCESS
[push_additional_data.pointer_dereference.59] line 605 dereference failure: pointer outside object bounds in ad->capacity: SUCCESS
[push_additional_data.pointer_dereference.60] line 605 dereference failure: invalid integer address in ad->capacity: SUCCESS
[push_additional_data.pointer_dereference.61] line 605 dereference failure: pointer NULL in ad->capacity: SUCCESS
[push_additional_data.pointer_dereference.62] line 605 dereference failure: pointer invalid in ad->capacity: SUCCESS
[push_additional_data.pointer_dereference.63] line 605 dereference failure: deallocated dynamic object in ad->capacity: SUCCESS
[push_additional_data.pointer_dereference.64] line 605 dereference failure: dead object in ad->capacity: SUCCESS
[push_additional_data.pointer_dereference.65] line 605 dereference failure: pointer outside object bounds in ad->capacity: SUCCESS
[push_additional_data.pointer_dereference.66] line 605 dereference failure: invalid integer address in ad->capacity: SUCCESS
[push_additional_data.pointer_dereference.67] line 605 dereference failure: pointer NULL in ad->items: SUCCESS
[push_additional_data.pointer_dereference.68] line 605 dereference failure: pointer invalid in ad->items: SUCCESS
[push_additional_data.pointer_dereference.69] line 605 dereference failure: deallocated dynamic object in ad->items: SUCCESS
[push_additional_data.pointer_dereference.70] line 605 dereference failure: dead object in ad->items: SUCCESS
[push_additional_data.pointer_dereference.71] line 605 dereference failure: pointer outside object bounds in ad->items: SUCCESS
[push_additional_data.pointer_dereference.72] line 605 dereference failure: invalid integer address in ad->items: SUCCESS
[push_additional_data.pointer_dereference.73] line 605 dereference failure: pointer NULL in ad->capacity: SUCCESS
[push_additional_data.pointer_dereference.74] line 605 dereference failure: pointer invalid in ad->capacity: SUCCESS
[push_additional_data.pointer_dereference.75] line 605 dereference failure: deallocated dynamic object in ad->capacity: SUCCESS
[push_additional_data.pointer_dereference.76] line 605 dereference failure: dead object in ad->capacity: SUCCESS
[push_additional_data.pointer_dereference.77] line 605 dereference failure: pointer outside object bounds in ad->capacity: SUCCESS
[push_additional_data.pointer_dereference.78] line 605 dereference failure: invalid integer address in ad->capacity: SUCCESS
[push_additional_data.pointer_dereference.79] line 605 dereference failure: pointer NULL in ad->items: SUCCESS
[push_additional_data.pointer_dereference.80] line 605 dereference failure: pointer invalid in ad->items: SUCCESS
[push_additional_data.pointer_dereference.81] line 605 dereference failure: deallocated dynamic object in ad->items: SUCCESS
[push_additional_data.pointer_dereference.82] line 605 dereference failure: dead object in ad->items: SUCCESS
[push_additional_data.pointer_dereference.83] line 605 dereference failure: pointer outside object bounds in ad->items: SUCCESS
[push_additional_data.pointer_dereference.84] line 605 dereference failure: invalid integer address in ad->items: SUCCESS
[push_additional_data.pointer_dereference.85] line 605 dereference failure: pointer NULL in ad->items: SUCCESS
[push_additional_data.pointer_dereference.86] line 605 dereference failure: pointer invalid in ad->items: SUCCESS
[push_additional_data.pointer_dereference.87] line 605 dereference failure: deallocated dynamic object in ad->items: SUCCESS
[push_additional_data.pointer_dereference.88] line 605 dereference failure: dead object in ad->items: SUCCESS
[push_additional_data.pointer_dereference.89] line 605 dereference failure: pointer outside object bounds in ad->items: SUCCESS
[push_additional_data.pointer_dereference.90] line 605 dereference failure: invalid integer address in ad->items: SUCCESS
[push_additional_data.pointer_dereference.91] line 605 dereference failure: pointer NULL in ad->size: SUCCESS
[push_additional_data.pointer_dereference.92] line 605 dereference failure: pointer invalid in ad->size: SUCCESS
[push_additional_data.pointer_dereference.93] line 605 dereference failure: deallocated dynamic object in ad->size: SUCCESS
[push_additional_data.pointer_dereference.94] line 605 dereference failure: dead object in ad->size: SUCCESS
[push_additional_data.pointer_dereference.95] line 605 dereference failure: pointer outside object bounds in ad->size: SUCCESS
[push_additional_data.pointer_dereference.96] line 605 dereference failure: invalid integer address in ad->size: SUCCESS
[push_additional_data.pointer_dereference.97] line 605 dereference failure: pointer NULL in ad->size: SUCCESS
[push_additional_data.pointer_dereference.98] line 605 dereference failure: pointer invalid in ad->size: SUCCESS
[push_additional_data.pointer_dereference.99] line 605 dereference failure: deallocated dynamic object in ad->size: SUCCESS
[push_additional_data.pointer_dereference.100] line 605 dereference failure: dead object in ad->size: SUCCESS
[push_additional_data.pointer_dereference.101] line 605 dereference failure: pointer outside object bounds in ad->size: SUCCESS
[push_additional_data.pointer_dereference.102] line 605 dereference failure: invalid integer address in ad->size: SUCCESS
[push_additional_data.pointer_dereference.103] line 607 dereference failure: pointer NULL in ad->items: SUCCESS
[push_additional_data.pointer_dereference.104] line 607 dereference failure: pointer invalid in ad->items: SUCCESS
[push_additional_data.pointer_dereference.105] line 607 dereference failure: deallocated dynamic object in ad->items: SUCCESS
[push_additional_data.pointer_dereference.106] line 607 dereference failure: dead object in ad->items: SUCCESS
[push_additional_data.pointer_dereference.107] line 607 dereference failure: pointer outside object bounds in ad->items: SUCCESS
[push_additional_data.pointer_dereference.108] line 607 dereference failure: invalid integer address in ad->items: SUCCESS
[push_additional_data.overflow.5] line 608 arithmetic overflow on unsigned + in a->nitems + 1u: SUCCESS
[push_additional_data.pointer_dereference.109] line 608 dereference failure: pointer NULL in a->nitems: SUCCESS
[push_additional_data.pointer_dereference.110] line 608 dereference failure: pointer invalid in a->nitems: SUCCESS
[push_additional_data.pointer_dereference.111] line 608 dereference failure: deallocated dynamic object in a->nitems: SUCCESS
[push_additional_data.pointer_dereference.112] line 608 dereference failure: dead object in a->nitems: SUCCESS
[push_additional_data.pointer_dereference.113] line 608 dereference failure: pointer outside object bounds in a->nitems: SUCCESS
[push_additional_data.pointer_dereference.114] line 608 dereference failure: invalid integer address in a->nitems: SUCCESS
[push_additional_data.overflow.6] line 609 arithmetic overflow on unsigned + in a->nbytes + (uint32_t)size: SUCCESS
[push_additional_data.pointer_dereference.115] line 609 dereference failure: pointer NULL in a->nbytes: SUCCESS
[push_additional_data.pointer_dereference.116] line 609 dereference failure: pointer invalid in a->nbytes: SUCCESS
[push_additional_data.pointer_dereference.117] line 609 dereference failure: deallocated dynamic object in a->nbytes: SUCCESS
[push_additional_data.pointer_dereference.118] line 609 dereference failure: dead object in a->nbytes: SUCCESS
[push_additional_data.pointer_dereference.119] line 609 dereference failure: pointer outside object bounds in a->nbytes: SUCCESS
[push_additional_data.pointer_dereference.120] line 609 dereference failure: invalid integer address in a->nbytes: SUCCESS
[push_additional_data.assertion.2] line 610 assertion (*ad).items: SUCCESS
[push_additional_data.overflow.7] line 610 arithmetic overflow on unsigned + in ad->size + size: SUCCESS
[push_additional_data.overflow.8] line 610 arithmetic overflow on unsigned - in ad->capacity - 1ul: SUCCESS
[push_additional_data.overflow.9] line 610 arithmetic overflow on unsigned + in ad->capacity + 1ul: SUCCESS
[push_additional_data.overflow.10] line 610 arithmetic overflow on unsigned + in ad->size + size: SUCCESS
[push_additional_data.pointer_dereference.121] line 610 dereference failure: pointer NULL in ad->capacity: SUCCESS
[push_additional_data.pointer_dereference.122] line 610 dereference failure: pointer invalid in ad->capacity: SUCCESS
[push_additional_data.pointer_dereference.123] line 610 dereference failure: deallocated dynamic object in ad->capacity: SUCCESS
[push_additional_data.pointer_dereference.124] line 610 dereference failure: dead object in ad->capacity: SUCCESS
[push_additional_data.pointer_dereference.125] line 610 dereference failure: pointer outside object bounds in ad->capacity: SUCCESS
[push_additional_data.pointer_dereference.126] line 610 dereference failure: invalid integer address in ad->capacity: SUCCESS
[push_additional_data.pointer_dereference.127] line 610 dereference failure: pointer NULL in ad->size: SUCCESS
[push_additional_data.pointer_dereference.128] line 610 dereference failure: pointer invalid in ad->size: SUCCESS
[push_additional_data.pointer_dereference.129] line 610 dereference failure: deallocated dynamic object in ad->size: SUCCESS
[push_additional_data.pointer_dereference.130] line 610 dereference failure: dead object in ad->size: SUCCESS
[push_additional_data.pointer_dereference.131] line 610 dereference failure: pointer outside object bounds in ad->size: SUCCESS
[push_additional_data.pointer_dereference.132] line 610 dereference failure: invalid integer address in ad->size: SUCCESS
[push_additional_data.pointer_dereference.133] line 610 dereference failure: pointer NULL in ad->capacity: SUCCESS
[push_additional_data.pointer_dereference.134] line 610 dereference failure: pointer invalid in ad->capacity: SUCCESS
[push_additional_data.pointer_dereference.135] line 610 dereference failure: deallocated dynamic object in ad->capacity: SUCCESS
[push_additional_data.pointer_dereference.136] line 610 dereference failure: dead object in ad->capacity: SUCCESS
[push_additional_data.pointer_dereference.137] line 610 dereference failure: pointer outside object bounds in ad->capacity: SUCCESS
[push_additional_data.pointer_dereference.138] line 610 dereference failure: invalid integer address in ad->capacity: SUCCESS
[push_additional_data.pointer_dereference.139] line 610 dereference failure: pointer NULL in ad->capacity: SUCCESS
[push_additional_data.pointer_dereference.140] line 610 dereference failure: pointer invalid in ad->capacity: SUCCESS
[push_additional_data.pointer_dereference.141] line 610 dereference failure: deallocated dynamic object in ad->capacity: SUCCESS
[push_additional_data.pointer_dereference.142] line 610 dereference failure: dead object in ad->capacity: SUCCESS
[push_additional_data.pointer_dereference.143] line 610 dereference failure: pointer outside object bounds in ad->capacity: SUCCESS
[push_additional_data.pointer_dereference.144] line 610 dereference failure: invalid integer address in ad->capacity: SUCCESS
[push_additional_data.pointer_dereference.145] line 610 dereference failure: pointer NULL in ad->capacity: SUCCESS
[push_additional_data.pointer_dereference.146] line 610 dereference failure: pointer invalid in ad->capacity: SUCCESS
[push_additional_data.pointer_dereference.147] line 610 dereference failure: deallocated dynamic object in ad->capacity: SUCCESS
[push_additional_data.pointer_dereference.148] line 610 dereference failure: dead object in ad->capacity: SUCCESS
[push_additional_data.pointer_dereference.149] line 610 dereference failure: pointer outside object bounds in ad->capacity: SUCCESS
[push_additional_data.pointer_dereference.150] line 610 dereference failure: invalid integer address in ad->capacity: SUCCESS
[push_additional_data.pointer_dereference.151] line 610 dereference failure: pointer NULL in ad->capacity: SUCCESS
[push_additional_data.pointer_dereference.152] line 610 dereference failure: pointer invalid in ad->capacity: SUCCESS
[push_additional_data.pointer_dereference.153] line 610 dereference failure: deallocated dynamic object in ad->capacity: SUCCESS
[push_additional_data.pointer_dereference.154] line 610 dereference failure: dead object in ad->capacity: SUCCESS
[push_additional_data.pointer_dereference.155] line 610 dereference failure: pointer outside object bounds in ad->capacity: SUCCESS
[push_additional_data.pointer_dereference.156] line 610 dereference failure: invalid integer address in ad->capacity: SUCCESS
[push_additional_data.pointer_dereference.157] line 610 dereference failure: pointer NULL in ad->capacity: SUCCESS
[push_additional_data.pointer_dereference.158] line 610 dereference failure: pointer invalid in ad->capacity: SUCCESS
[push_additional_data.pointer_dereference.159] line 610 dereference failure: deallocated dynamic object in ad->capacity: SUCCESS
[push_additional_data.pointer_dereference.160] line 610 dereference failure: dead object in ad->capacity: SUCCESS
[push_additional_data.pointer_dereference.161] line 610 dereference failure: pointer outside object bounds in ad->capacity: SUCCESS
[push_additional_data.pointer_dereference.162] line 610 dereference failure: invalid integer address in ad->capacity: SUCCESS
[push_additional_data.pointer_dereference.163] line 610 dereference failure: pointer NULL in ad->capacity: SUCCESS
[push_additional_data.pointer_dereference.164] line 610 dereference failure: pointer invalid in ad->capacity: SUCCESS
[push_additional_data.pointer_dereference.165] line 610 dereference failure: deallocated dynamic object in ad->capacity: SUCCESS
[push_additional_data.pointer_dereference.166] line 610 dereference failure: dead object in ad->capacity: SUCCESS
[push_additional_data.pointer_dereference.167] line 610 dereference failure: pointer outside object bounds in ad->capacity: SUCCESS
[push_additional_data.pointer_dereference.168] line 610 dereference failure: invalid integer address in ad->capacity: SUCCESS
[push_additional_data.pointer_dereference.169] line 610 dereference failure: pointer NULL in ad->capacity: SUCCESS
[push_additional_data.pointer_dereference.170] line 610 dereference failure: pointer invalid in ad->capacity: SUCCESS
[push_additional_data.pointer_dereference.171] line 610 dereference failure: deallocated dynamic object in ad->capacity: SUCCESS
[push_additional_data.pointer_dereference.172] line 610 dereference failure: dead object in ad->capacity: SUCCESS
[push_additional_data.pointer_dereference.173] line 610 dereference failure: pointer outside object bounds in ad->capacity: SUCCESS
[push_additional_data.pointer_dereference.174] line 610 dereference failure: invalid integer address in ad->capacity: SUCCESS
[push_additional_data.pointer_dereference.175] line 610 dereference failure: pointer NULL in ad->capacity: SUCCESS
[push_additional_data.pointer_dereference.176] line 610 dereference failure: pointer invalid in ad->capacity: SUCCESS
[push_additional_data.pointer_dereference.177] line 610 dereference failure: deallocated dynamic object in ad->capacity: SUCCESS
[push_additional_data.pointer_dereference.178] line 610 dereference failure: dead object in ad->capacity: SUCCESS
[push_additional_data.pointer_dereference.179] line 610 dereference failure: pointer outside object bounds in ad->capacity: SUCCESS
[push_additional_data.pointer_dereference.180] line 610 dereference failure: invalid integer address in ad->capacity: SUCCESS
[push_additional_data.pointer_dereference.181] line 610 dereference failure: pointer NULL in ad->items: SUCCESS
[push_additional_data.pointer_dereference.182] line 610 dereference failure: pointer invalid in ad->items: SUCCESS
[push_additional_data.pointer_dereference.183] line 610 dereference failure: deallocated dynamic object in ad->items: SUCCESS
[push_additional_data.pointer_dereference.184] line 610 dereference failure: dead object in ad->items: SUCCESS
[push_additional_data.pointer_dereference.185] line 610 dereference failure: pointer outside object bounds in ad->items: SUCCESS
[push_additional_data.pointer_dereference.186] line 610 dereference failure: invalid integer address in ad->items: SUCCESS
[push_additional_data.pointer_dereference.187] line 610 dereference failure: pointer NULL in ad->capacity: SUCCESS
[push_additional_data.pointer_dereference.188] line 610 dereference failure: pointer invalid in ad->capacity: SUCCESS
[push_additional_data.pointer_dereference.189] line 610 dereference failure: deallocated dynamic object in ad->capacity: SUCCESS
[push_additional_data.pointer_dereference.190] line 610 dereference failure: dead object in ad->capacity: SUCCESS
[push_additional_data.pointer_dereference.191] line 610 dereference failure: pointer outside object bounds in ad->capacity: SUCCESS
[push_additional_data.pointer_dereference.192] line 610 dereference failure: invalid integer address in ad->capacity: SUCCESS
[push_additional_data.pointer_dereference.193] line 610 dereference failure: pointer NULL in ad->items: SUCCESS
[push_additional_data.pointer_dereference.194] line 610 dereference failure: pointer invalid in ad->items: SUCCESS
[push_additional_data.pointer_dereference.195] line 610 dereference failure: deallocated dynamic object in ad->items: SUCCESS
[push_additional_data.pointer_dereference.196] line 610 dereference failure: dead object in ad->items: SUCCESS
[push_additional_data.pointer_dereference.197] line 610 dereference failure: pointer outside object bounds in ad->items: SUCCESS
[push_additional_data.pointer_dereference.198] line 610 dereference failure: invalid integer address in ad->items: SUCCESS
[push_additional_data.pointer_dereference.199] line 610 dereference failure: pointer NULL in ad->items: SUCCESS
[push_additional_data.pointer_dereference.200] line 610 dereference failure: pointer invalid in ad->items: SUCCESS
[push_additional_data.pointer_dereference.201] line 610 dereference failure: deallocated dynamic object in ad->items: SUCCESS
[push_additional_data.pointer_dereference.202] line 610 dereference failure: dead object in ad->items: SUCCESS
[push_additional_data.pointer_dereference.203] line 610 dereference failure: pointer outside object bounds in ad->items: SUCCESS
[push_additional_data.pointer_dereference.204] line 610 dereference failure: invalid integer address in ad->items: SUCCESS
[push_additional_data.pointer_dereference.205] line 610 dereference failure: pointer NULL in ad->size: SUCCESS
[push_additional_data.pointer_dereference.206] line 610 dereference failure: pointer invalid in ad->size: SUCCESS
[push_additional_data.pointer_dereference.207] line 610 dereference failure: deallocated dynamic object in ad->size: SUCCESS
[push_additional_data.pointer_dereference.208] line 610 dereference failure: dead object in ad->size: SUCCESS
[push_additional_data.pointer_dereference.209] line 610 dereference failure: pointer outside object bounds in ad->size: SUCCESS
[push_additional_data.pointer_dereference.210] line 610 dereference failure: invalid integer address in ad->size: SUCCESS
[push_additional_data.pointer_dereference.211] line 610 dereference failure: pointer NULL in ad->size: SUCCESS
[push_additional_data.pointer_dereference.212] line 610 dereference failure: pointer invalid in ad->size: SUCCESS
[push_additional_data.pointer_dereference.213] line 610 dereference failure: deallocated dynamic object in ad->size: SUCCESS
[push_additional_data.pointer_dereference.214] line 610 dereference failure: dead object in ad->size: SUCCESS
[push_additional_data.pointer_dereference.215] line 610 dereference failure: pointer outside object bounds in ad->size: SUCCESS
[push_additional_data.pointer_dereference.216] line 610 dereference failure: invalid integer address in ad->size: SUCCESS

neovim/src/nvim/msgpack_rpc/unpacker.c function unpack
[unpack.pointer_dereference.1] line 25 dereference failure: pointer NULL in *arena: SUCCESS
[unpack.pointer_dereference.2] line 25 dereference failure: pointer invalid in *arena: SUCCESS
[unpack.pointer_dereference.3] line 25 dereference failure: deallocated dynamic object in *arena: SUCCESS
[unpack.pointer_dereference.4] line 25 dereference failure: dead object in *arena: SUCCESS
[unpack.pointer_dereference.5] line 25 dereference failure: pointer outside object bounds in *arena: SUCCESS
[unpack.pointer_dereference.6] line 25 dereference failure: invalid integer address in *arena: SUCCESS
[unpack.pointer_dereference.7] line 30 dereference failure: pointer NULL in *arena: SUCCESS
[unpack.pointer_dereference.8] line 30 dereference failure: pointer invalid in *arena: SUCCESS
[unpack.pointer_dereference.9] line 30 dereference failure: deallocated dynamic object in *arena: SUCCESS
[unpack.pointer_dereference.10] line 30 dereference failure: dead object in *arena: SUCCESS
[unpack.pointer_dereference.11] line 30 dereference failure: pointer outside object bounds in *arena: SUCCESS
[unpack.pointer_dereference.12] line 30 dereference failure: invalid integer address in *arena: SUCCESS

neovim/src/nvim/msgpack_rpc/unpacker.c function unpack_keydict
[unpack_keydict.pointer_dereference.1] line 622 dereference failure: pointer NULL in *error: SUCCESS
[unpack_keydict.pointer_dereference.2] line 622 dereference failure: pointer invalid in *error: SUCCESS
[unpack_keydict.pointer_dereference.3] line 622 dereference failure: deallocated dynamic object in *error: SUCCESS
[unpack_keydict.pointer_dereference.4] line 622 dereference failure: dead object in *error: SUCCESS
[unpack_keydict.pointer_dereference.5] line 622 dereference failure: pointer outside object bounds in *error: SUCCESS
[unpack_keydict.pointer_dereference.6] line 622 dereference failure: invalid integer address in *error: SUCCESS
[unpack_keydict.overflow.10] line 628 arithmetic overflow on unsigned + in i + 1ul: SUCCESS
[unpack_keydict.pointer_dereference.7] line 629 dereference failure: pointer NULL in *data: SUCCESS
[unpack_keydict.pointer_dereference.8] line 629 dereference failure: pointer invalid in *data: SUCCESS
[unpack_keydict.pointer_dereference.9] line 629 dereference failure: deallocated dynamic object in *data: SUCCESS
[unpack_keydict.pointer_dereference.10] line 629 dereference failure: dead object in *data: SUCCESS
[unpack_keydict.pointer_dereference.11] line 629 dereference failure: pointer outside object bounds in *data: SUCCESS
[unpack_keydict.pointer_dereference.12] line 629 dereference failure: invalid integer address in *data: SUCCESS
[unpack_keydict.pointer_dereference.13] line 633 dereference failure: pointer NULL in *error: SUCCESS
[unpack_keydict.pointer_dereference.14] line 633 dereference failure: pointer invalid in *error: SUCCESS
[unpack_keydict.pointer_dereference.15] line 633 dereference failure: deallocated dynamic object in *error: SUCCESS
[unpack_keydict.pointer_dereference.16] line 633 dereference failure: dead object in *error: SUCCESS
[unpack_keydict.pointer_dereference.17] line 633 dereference failure: pointer outside object bounds in *error: SUCCESS
[unpack_keydict.pointer_dereference.18] line 633 dereference failure: invalid integer address in *error: SUCCESS
[unpack_keydict.pointer_dereference.19] line 636 dereference failure: pointer NULL in *error: SUCCESS
[unpack_keydict.pointer_dereference.20] line 636 dereference failure: pointer invalid in *error: SUCCESS
[unpack_keydict.pointer_dereference.21] line 636 dereference failure: deallocated dynamic object in *error: SUCCESS
[unpack_keydict.pointer_dereference.22] line 636 dereference failure: dead object in *error: SUCCESS
[unpack_keydict.pointer_dereference.23] line 636 dereference failure: pointer outside object bounds in *error: SUCCESS
[unpack_keydict.pointer_dereference.24] line 636 dereference failure: invalid integer address in *error: SUCCESS
[unpack_keydict.pointer_dereference.25] line 639 dereference failure: pointer NULL in hashy: SUCCESS
[unpack_keydict.pointer_dereference.26] line 639 dereference failure: pointer invalid in hashy: SUCCESS
[unpack_keydict.pointer_dereference.27] line 639 dereference failure: deallocated dynamic object in hashy: SUCCESS
[unpack_keydict.pointer_dereference.28] line 639 dereference failure: dead object in hashy: SUCCESS
[unpack_keydict.pointer_dereference.29] line 639 dereference failure: pointer outside object bounds in hashy: SUCCESS
[unpack_keydict.pointer_dereference.30] line 639 dereference failure: invalid integer address in hashy: SUCCESS
[unpack_keydict.pointer_dereference.31] line 639 no candidates for dereferenced function pointer: SUCCESS
[unpack_keydict.overflow.1] line 648 arithmetic overflow on signed - in *data - item_start: SUCCESS
[unpack_keydict.pointer.1] line 648 same object violation in *data - item_start: SUCCESS
[unpack_keydict.pointer_arithmetic.1] line 648 pointer relation: pointer NULL in *data: SUCCESS
[unpack_keydict.pointer_arithmetic.2] line 648 pointer relation: pointer invalid in *data: SUCCESS
[unpack_keydict.pointer_arithmetic.3] line 648 pointer relation: deallocated dynamic object in *data: SUCCESS
[unpack_keydict.pointer_arithmetic.4] line 648 pointer relation: dead object in *data: SUCCESS
[unpack_keydict.pointer_arithmetic.5] line 648 pointer relation: pointer outside object bounds in *data: SUCCESS
[unpack_keydict.pointer_arithmetic.6] line 648 pointer relation: invalid integer address in *data: SUCCESS
[unpack_keydict.pointer_arithmetic.7] line 648 pointer relation: pointer NULL in item_start: SUCCESS
[unpack_keydict.pointer_arithmetic.8] line 648 pointer relation: pointer invalid in item_start: SUCCESS
[unpack_keydict.pointer_arithmetic.9] line 648 pointer relation: deallocated dynamic object in item_start: SUCCESS
[unpack_keydict.pointer_arithmetic.10] line 648 pointer relation: dead object in item_start: SUCCESS
[unpack_keydict.pointer_arithmetic.11] line 648 pointer relation: pointer outside object bounds in item_start: SUCCESS
[unpack_keydict.pointer_arithmetic.12] line 648 pointer relation: invalid integer address in item_start: SUCCESS
[unpack_keydict.pointer_dereference.32] line 648 dereference failure: pointer NULL in *data: SUCCESS
[unpack_keydict.pointer_dereference.33] line 648 dereference failure: pointer invalid in *data: SUCCESS
[unpack_keydict.pointer_dereference.34] line 648 dereference failure: deallocated dynamic object in *data: SUCCESS
[unpack_keydict.pointer_dereference.35] line 648 dereference failure: dead object in *data: SUCCESS
[unpack_keydict.pointer_dereference.36] line 648 dereference failure: pointer outside object bounds in *data: SUCCESS
[unpack_keydict.pointer_dereference.37] line 648 dereference failure: invalid integer address in *data: SUCCESS
[unpack_keydict.assertion.1] line 653 assertion field->opt_index >= 0: SUCCESS
[unpack_keydict.pointer_dereference.38] line 653 dereference failure: pointer NULL in field->opt_index: SUCCESS
[unpack_keydict.pointer_dereference.39] line 653 dereference failure: pointer invalid in field->opt_index: SUCCESS
[unpack_keydict.pointer_dereference.40] line 653 dereference failure: deallocated dynamic object in field->opt_index: SUCCESS
[unpack_keydict.pointer_dereference.41] line 653 dereference failure: dead object in field->opt_index: SUCCESS
[unpack_keydict.pointer_dereference.42] line 653 dereference failure: pointer outside object bounds in field->opt_index: SUCCESS
[unpack_keydict.pointer_dereference.43] line 653 dereference failure: invalid integer address in field->opt_index: SUCCESS
[unpack_keydict.undefined-shift.1] line 654 shift distance is negative in 1ull << field->opt_index: SUCCESS
[unpack_keydict.undefined-shift.2] line 654 shift distance too large in 1ull << field->opt_index: SUCCESS
[unpack_keydict.pointer_dereference.44] line 655 dereference failure: pointer NULL in ks->is_set_: SUCCESS
[unpack_keydict.pointer_dereference.45] line 655 dereference failure: pointer invalid in ks->is_set_: SUCCESS
[unpack_keydict.pointer_dereference.46] line 655 dereference failure: deallocated dynamic object in ks->is_set_: SUCCESS
[unpack_keydict.pointer_dereference.47] line 655 dereference failure: dead object in ks->is_set_: SUCCESS
[unpack_keydict.pointer_dereference.48] line 655 dereference failure: pointer outside object bounds in ks->is_set_: SUCCESS
[unpack_keydict.pointer_dereference.49] line 655 dereference failure: invalid integer address in ks->is_set_: SUCCESS
[unpack_keydict.pointer_dereference.50] line 656 dereference failure: pointer NULL in *error: SUCCESS
[unpack_keydict.pointer_dereference.51] line 656 dereference failure: pointer invalid in *error: SUCCESS
[unpack_keydict.pointer_dereference.52] line 656 dereference failure: deallocated dynamic object in *error: SUCCESS
[unpack_keydict.pointer_dereference.53] line 656 dereference failure: dead object in *error: SUCCESS
[unpack_keydict.pointer_dereference.54] line 656 dereference failure: pointer outside object bounds in *error: SUCCESS
[unpack_keydict.pointer_dereference.55] line 656 dereference failure: invalid integer address in *error: SUCCESS
[unpack_keydict.pointer_dereference.56] line 659 dereference failure: pointer NULL in ks->is_set_: SUCCESS
[unpack_keydict.pointer_dereference.57] line 659 dereference failure: pointer invalid in ks->is_set_: SUCCESS
[unpack_keydict.pointer_dereference.58] line 659 dereference failure: deallocated dynamic object in ks->is_set_: SUCCESS
[unpack_keydict.pointer_dereference.59] line 659 dereference failure: dead object in ks->is_set_: SUCCESS
[unpack_keydict.pointer_dereference.60] line 659 dereference failure: pointer outside object bounds in ks->is_set_: SUCCESS
[unpack_keydict.pointer_dereference.61] line 659 dereference failure: invalid integer address in ks->is_set_: SUCCESS
[unpack_keydict.pointer_dereference.62] line 661 dereference failure: pointer NULL in field->ptr_off: SUCCESS
[unpack_keydict.pointer_dereference.63] line 661 dereference failure: pointer invalid in field->ptr_off: SUCCESS
[unpack_keydict.pointer_dereference.64] line 661 dereference failure: deallocated dynamic object in field->ptr_off: SUCCESS
[unpack_keydict.pointer_dereference.65] line 661 dereference failure: dead object in field->ptr_off: SUCCESS
[unpack_keydict.pointer_dereference.66] line 661 dereference failure: pointer outside object bounds in field->ptr_off: SUCCESS
[unpack_keydict.pointer_dereference.67] line 661 dereference failure: invalid integer address in field->ptr_off: SUCCESS
[unpack_keydict.pointer_dereference.68] line 662 dereference failure: pointer NULL in field->type: SUCCESS
[unpack_keydict.pointer_dereference.69] line 662 dereference failure: pointer invalid in field->type: SUCCESS
[unpack_keydict.pointer_dereference.70] line 662 dereference failure: deallocated dynamic object in field->type: SUCCESS
[unpack_keydict.pointer_dereference.71] line 662 dereference failure: dead object in field->type: SUCCESS
[unpack_keydict.pointer_dereference.72] line 662 dereference failure: pointer outside object bounds in field->type: SUCCESS
[unpack_keydict.pointer_dereference.73] line 662 dereference failure: invalid integer address in field->type: SUCCESS
[unpack_keydict.pointer_dereference.74] line 664 dereference failure: pointer NULL in *size: SUCCESS
[unpack_keydict.pointer_dereference.75] line 664 dereference failure: pointer invalid in *size: SUCCESS
[unpack_keydict.pointer_dereference.76] line 664 dereference failure: deallocated dynamic object in *size: SUCCESS
[unpack_keydict.pointer_dereference.77] line 664 dereference failure: dead object in *size: SUCCESS
[unpack_keydict.pointer_dereference.78] line 664 dereference failure: pointer outside object bounds in *size: SUCCESS
[unpack_keydict.pointer_dereference.79] line 664 dereference failure: invalid integer address in *size: SUCCESS
[unpack_keydict.pointer_dereference.80] line 664 dereference failure: pointer NULL in *data: SUCCESS
[unpack_keydict.pointer_dereference.81] line 664 dereference failure: pointer invalid in *data: SUCCESS
[unpack_keydict.pointer_dereference.82] line 664 dereference failure: deallocated dynamic object in *data: SUCCESS
[unpack_keydict.pointer_dereference.83] line 664 dereference failure: dead object in *data: SUCCESS
[unpack_keydict.pointer_dereference.84] line 664 dereference failure: pointer outside object bounds in *data: SUCCESS
[unpack_keydict.pointer_dereference.85] line 664 dereference failure: invalid integer address in *data: SUCCESS
[unpack_keydict.pointer_dereference.86] line 664 dereference failure: pointer NULL in *(*data): SUCCESS
[unpack_keydict.pointer_dereference.87] line 664 dereference failure: pointer invalid in *(*data): SUCCESS
[unpack_keydict.pointer_dereference.88] line 664 dereference failure: deallocated dynamic object in *(*data): SUCCESS
[unpack_keydict.pointer_dereference.89] line 664 dereference failure: dead object in *(*data): SUCCESS
[unpack_keydict.pointer_dereference.90] line 664 dereference failure: pointer outside object bounds in *(*data): SUCCESS
[unpack_keydict.pointer_dereference.91] line 664 dereference failure: invalid integer address in *(*data): SUCCESS
[unpack_keydict.pointer_dereference.92] line 665 dereference failure: pointer NULL in *error: SUCCESS
[unpack_keydict.pointer_dereference.93] line 665 dereference failure: pointer invalid in *error: SUCCESS
[unpack_keydict.pointer_dereference.94] line 665 dereference failure: deallocated dynamic object in *error: SUCCESS
[unpack_keydict.pointer_dereference.95] line 665 dereference failure: dead object in *error: SUCCESS
[unpack_keydict.pointer_dereference.96] line 665 dereference failure: pointer outside object bounds in *error: SUCCESS
[unpack_keydict.pointer_dereference.97] line 665 dereference failure: invalid integer address in *error: SUCCESS
[unpack_keydict.pointer_dereference.98] line 669 dereference failure: pointer NULL in *((Boolean *)mem): SUCCESS
[unpack_keydict.pointer_dereference.99] line 669 dereference failure: pointer invalid in *((Boolean *)mem): SUCCESS
[unpack_keydict.pointer_dereference.100] line 669 dereference failure: deallocated dynamic object in *((Boolean *)mem): SUCCESS
[unpack_keydict.pointer_dereference.101] line 669 dereference failure: dead object in *((Boolean *)mem): SUCCESS
[unpack_keydict.pointer_dereference.102] line 669 dereference failure: pointer outside object bounds in *((Boolean *)mem): SUCCESS
[unpack_keydict.pointer_dereference.103] line 669 dereference failure: invalid integer address in *((Boolean *)mem): SUCCESS
[unpack_keydict.pointer_dereference.104] line 669 dereference failure: pointer NULL in *data: SUCCESS
[unpack_keydict.pointer_dereference.105] line 669 dereference failure: pointer invalid in *data: SUCCESS
[unpack_keydict.pointer_dereference.106] line 669 dereference failure: deallocated dynamic object in *data: SUCCESS
[unpack_keydict.pointer_dereference.107] line 669 dereference failure: dead object in *data: SUCCESS
[unpack_keydict.pointer_dereference.108] line 669 dereference failure: pointer outside object bounds in *data: SUCCESS
[unpack_keydict.pointer_dereference.109] line 669 dereference failure: invalid integer address in *data: SUCCESS
[unpack_keydict.pointer_dereference.110] line 669 dereference failure: pointer NULL in *(*data): SUCCESS
[unpack_keydict.pointer_dereference.111] line 669 dereference failure: pointer invalid in *(*data): SUCCESS
[unpack_keydict.pointer_dereference.112] line 669 dereference failure: deallocated dynamic object in *(*data): SUCCESS
[unpack_keydict.pointer_dereference.113] line 669 dereference failure: dead object in *(*data): SUCCESS
[unpack_keydict.pointer_dereference.114] line 669 dereference failure: pointer outside object bounds in *(*data): SUCCESS
[unpack_keydict.pointer_dereference.115] line 669 dereference failure: invalid integer address in *(*data): SUCCESS
[unpack_keydict.overflow.2] line 670 arithmetic overflow on unsigned - in *size - 1ul: SUCCESS
[unpack_keydict.pointer_dereference.116] line 670 dereference failure: pointer NULL in *data: SUCCESS
[unpack_keydict.pointer_dereference.117] line 670 dereference failure: pointer invalid in *data: SUCCESS
[unpack_keydict.pointer_dereference.118] line 670 dereference failure: deallocated dynamic object in *data: SUCCESS
[unpack_keydict.pointer_dereference.119] line 670 dereference failure: dead object in *data: SUCCESS
[unpack_keydict.pointer_dereference.120] line 670 dereference failure: pointer outside object bounds in *data: SUCCESS
[unpack_keydict.pointer_dereference.121] line 670 dereference failure: invalid integer address in *data: SUCCESS
[unpack_keydict.pointer_dereference.122] line 670 dereference failure: pointer NULL in *size: SUCCESS
[unpack_keydict.pointer_dereference.123] line 670 dereference failure: pointer invalid in *size: SUCCESS
[unpack_keydict.pointer_dereference.124] line 670 dereference failure: deallocated dynamic object in *size: SUCCESS
[unpack_keydict.pointer_dereference.125] line 670 dereference failure: dead object in *size: SUCCESS
[unpack_keydict.pointer_dereference.126] line 670 dereference failure: pointer outside object bounds in *size: SUCCESS
[unpack_keydict.pointer_dereference.127] line 670 dereference failure: invalid integer address in *size: SUCCESS
[unpack_keydict.pointer_dereference.128] line 675 dereference failure: pointer NULL in *error: SUCCESS
[unpack_keydict.pointer_dereference.129] line 675 dereference failure: pointer invalid in *error: SUCCESS
[unpack_keydict.pointer_dereference.130] line 675 dereference failure: deallocated dynamic object in *error: SUCCESS
[unpack_keydict.pointer_dereference.131] line 675 dereference failure: dead object in *error: SUCCESS
[unpack_keydict.pointer_dereference.132] line 675 dereference failure: pointer outside object bounds in *error: SUCCESS
[unpack_keydict.pointer_dereference.133] line 675 dereference failure: invalid integer address in *error: SUCCESS
[unpack_keydict.pointer_dereference.134] line 684 dereference failure: pointer NULL in *error: SUCCESS
[unpack_keydict.pointer_dereference.135] line 684 dereference failure: pointer invalid in *error: SUCCESS
[unpack_keydict.pointer_dereference.136] line 684 dereference failure: deallocated dynamic object in *error: SUCCESS
[unpack_keydict.pointer_dereference.137] line 684 dereference failure: dead object in *error: SUCCESS
[unpack_keydict.pointer_dereference.138] line 684 dereference failure: pointer outside object bounds in *error: SUCCESS
[unpack_keydict.pointer_dereference.139] line 684 dereference failure: invalid integer address in *error: SUCCESS
[unpack_keydict.pointer_dereference.140] line 688 dereference failure: pointer NULL in *((String *)mem): SUCCESS
[unpack_keydict.pointer_dereference.141] line 688 dereference failure: pointer invalid in *((String *)mem): SUCCESS
[unpack_keydict.pointer_dereference.142] line 688 dereference failure: deallocated dynamic object in *((String *)mem): SUCCESS
[unpack_keydict.pointer_dereference.143] line 688 dereference failure: dead object in *((String *)mem): SUCCESS
[unpack_keydict.pointer_dereference.144] line 688 dereference failure: pointer outside object bounds in *((String *)mem): SUCCESS
[unpack_keydict.pointer_dereference.145] line 688 dereference failure: invalid integer address in *((String *)mem): SUCCESS
[unpack_keydict.pointer_dereference.146] line 695 dereference failure: pointer NULL in *error: SUCCESS
[unpack_keydict.pointer_dereference.147] line 695 dereference failure: pointer invalid in *error: SUCCESS
[unpack_keydict.pointer_dereference.148] line 695 dereference failure: deallocated dynamic object in *error: SUCCESS
[unpack_keydict.pointer_dereference.149] line 695 dereference failure: dead object in *error: SUCCESS
[unpack_keydict.pointer_dereference.150] line 695 dereference failure: pointer outside object bounds in *error: SUCCESS
[unpack_keydict.pointer_dereference.151] line 695 dereference failure: invalid integer address in *error: SUCCESS
[unpack_keydict.overflow.3] line 700 arithmetic overflow on unsigned + in a->size + (size_t)len: SUCCESS
[unpack_keydict.overflow.4] line 700 arithmetic overflow on unsigned - in a->capacity - 1ul: SUCCESS
[unpack_keydict.overflow.5] line 700 arithmetic overflow on unsigned + in a->capacity + 1ul: SUCCESS
[unpack_keydict.overflow.6] line 700 arithmetic overflow on unsigned * in sizeof(String) /*16ul*/  * a->capacity: SUCCESS
[unpack_keydict.pointer_dereference.152] line 700 dereference failure: pointer NULL in a->capacity: SUCCESS
[unpack_keydict.pointer_dereference.153] line 700 dereference failure: pointer invalid in a->capacity: SUCCESS
[unpack_keydict.pointer_dereference.154] line 700 dereference failure: deallocated dynamic object in a->capacity: SUCCESS
[unpack_keydict.pointer_dereference.155] line 700 dereference failure: dead object in a->capacity: SUCCESS
[unpack_keydict.pointer_dereference.156] line 700 dereference failure: pointer outside object bounds in a->capacity: SUCCESS
[unpack_keydict.pointer_dereference.157] line 700 dereference failure: invalid integer address in a->capacity: SUCCESS
[unpack_keydict.pointer_dereference.158] line 700 dereference failure: pointer NULL in a->size: SUCCESS
[unpack_keydict.pointer_dereference.159] line 700 dereference failure: pointer invalid in a->size: SUCCESS
[unpack_keydict.pointer_dereference.160] line 700 dereference failure: deallocated dynamic object in a->size: SUCCESS
[unpack_keydict.pointer_dereference.161] line 700 dereference failure: dead object in a->size: SUCCESS
[unpack_keydict.pointer_dereference.162] line 700 dereference failure: pointer outside object bounds in a->size: SUCCESS
[unpack_keydict.pointer_dereference.163] line 700 dereference failure: invalid integer address in a->size: SUCCESS
[unpack_keydict.pointer_dereference.164] line 700 dereference failure: pointer NULL in a->capacity: SUCCESS
[unpack_keydict.pointer_dereference.165] line 700 dereference failure: pointer invalid in a->capacity: SUCCESS
[unpack_keydict.pointer_dereference.166] line 700 dereference failure: deallocated dynamic object in a->capacity: SUCCESS
[unpack_keydict.pointer_dereference.167] line 700 dereference failure: dead object in a->capacity: SUCCESS
[unpack_keydict.pointer_dereference.168] line 700 dereference failure: pointer outside object bounds in a->capacity: SUCCESS
[unpack_keydict.pointer_dereference.169] line 700 dereference failure: invalid integer address in a->capacity: SUCCESS
[unpack_keydict.pointer_dereference.170] line 700 dereference failure: pointer NULL in a->capacity: SUCCESS
[unpack_keydict.pointer_dereference.171] line 700 dereference failure: pointer invalid in a->capacity: SUCCESS
[unpack_keydict.pointer_dereference.172] line 700 dereference failure: deallocated dynamic object in a->capacity: SUCCESS
[unpack_keydict.pointer_dereference.173] line 700 dereference failure: dead object in a->capacity: SUCCESS
[unpack_keydict.pointer_dereference.174] line 700 dereference failure: pointer outside object bounds in a->capacity: SUCCESS
[unpack_keydict.pointer_dereference.175] line 700 dereference failure: invalid integer address in a->capacity: SUCCESS
[unpack_keydict.pointer_dereference.176] line 700 dereference failure: pointer NULL in a->capacity: SUCCESS
[unpack_keydict.pointer_dereference.177] line 700 dereference failure: pointer invalid in a->capacity: SUCCESS
[unpack_keydict.pointer_dereference.178] line 700 dereference failure: deallocated dynamic object in a->capacity: SUCCESS
[unpack_keydict.pointer_dereference.179] line 700 dereference failure: dead object in a->capacity: SUCCESS
[unpack_keydict.pointer_dereference.180] line 700 dereference failure: pointer outside object bounds in a->capacity: SUCCESS
[unpack_keydict.pointer_dereference.181] line 700 dereference failure: invalid integer address in a->capacity: SUCCESS
[unpack_keydict.pointer_dereference.182] line 700 dereference failure: pointer NULL in a->capacity: SUCCESS
[unpack_keydict.pointer_dereference.183] line 700 dereference failure: pointer invalid in a->capacity: SUCCESS
[unpack_keydict.pointer_dereference.184] line 700 dereference failure: deallocated dynamic object in a->capacity: SUCCESS
[unpack_keydict.pointer_dereference.185] line 700 dereference failure: dead object in a->capacity: SUCCESS
[unpack_keydict.pointer_dereference.186] line 700 dereference failure: pointer outside object bounds in a->capacity: SUCCESS
[unpack_keydict.pointer_dereference.187] line 700 dereference failure: invalid integer address in a->capacity: SUCCESS
[unpack_keydict.pointer_dereference.188] line 700 dereference failure: pointer NULL in a->capacity: SUCCESS
[unpack_keydict.pointer_dereference.189] line 700 dereference failure: pointer invalid in a->capacity: SUCCESS
[unpack_keydict.pointer_dereference.190] line 700 dereference failure: deallocated dynamic object in a->capacity: SUCCESS
[unpack_keydict.pointer_dereference.191] line 700 dereference failure: dead object in a->capacity: SUCCESS
[unpack_keydict.pointer_dereference.192] line 700 dereference failure: pointer outside object bounds in a->capacity: SUCCESS
[unpack_keydict.pointer_dereference.193] line 700 dereference failure: invalid integer address in a->capacity: SUCCESS
[unpack_keydict.pointer_dereference.194] line 700 dereference failure: pointer NULL in a->capacity: SUCCESS
[unpack_keydict.pointer_dereference.195] line 700 dereference failure: pointer invalid in a->capacity: SUCCESS
[unpack_keydict.pointer_dereference.196] line 700 dereference failure: deallocated dynamic object in a->capacity: SUCCESS
[unpack_keydict.pointer_dereference.197] line 700 dereference failure: dead object in a->capacity: SUCCESS
[unpack_keydict.pointer_dereference.198] line 700 dereference failure: pointer outside object bounds in a->capacity: SUCCESS
[unpack_keydict.pointer_dereference.199] line 700 dereference failure: invalid integer address in a->capacity: SUCCESS
[unpack_keydict.pointer_dereference.200] line 700 dereference failure: pointer NULL in a->capacity: SUCCESS
[unpack_keydict.pointer_dereference.201] line 700 dereference failure: pointer invalid in a->capacity: SUCCESS
[unpack_keydict.pointer_dereference.202] line 700 dereference failure: deallocated dynamic object in a->capacity: SUCCESS
[unpack_keydict.pointer_dereference.203] line 700 dereference failure: dead object in a->capacity: SUCCESS
[unpack_keydict.pointer_dereference.204] line 700 dereference failure: pointer outside object bounds in a->capacity: SUCCESS
[unpack_keydict.pointer_dereference.205] line 700 dereference failure: invalid integer address in a->capacity: SUCCESS
[unpack_keydict.pointer_dereference.206] line 700 dereference failure: pointer NULL in a->capacity: SUCCESS
[unpack_keydict.pointer_dereference.207] line 700 dereference failure: pointer invalid in a->capacity: SUCCESS
[unpack_keydict.pointer_dereference.208] line 700 dereference failure: deallocated dynamic object in a->capacity: SUCCESS
[unpack_keydict.pointer_dereference.209] line 700 dereference failure: dead object in a->capacity: SUCCESS
[unpack_keydict.pointer_dereference.210] line 700 dereference failure: pointer outside object bounds in a->capacity: SUCCESS
[unpack_keydict.pointer_dereference.211] line 700 dereference failure: invalid integer address in a->capacity: SUCCESS
[unpack_keydict.pointer_dereference.212] line 700 dereference failure: pointer NULL in a->items: SUCCESS
[unpack_keydict.pointer_dereference.213] line 700 dereference failure: pointer invalid in a->items: SUCCESS
[unpack_keydict.pointer_dereference.214] line 700 dereference failure: deallocated dynamic object in a->items: SUCCESS
[unpack_keydict.pointer_dereference.215] line 700 dereference failure: dead object in a->items: SUCCESS
[unpack_keydict.pointer_dereference.216] line 700 dereference failure: pointer outside object bounds in a->items: SUCCESS
[unpack_keydict.pointer_dereference.217] line 700 dereference failure: invalid integer address in a->items: SUCCESS
[unpack_keydict.pointer_dereference.218] line 700 dereference failure: pointer NULL in a->capacity: SUCCESS
[unpack_keydict.pointer_dereference.219] line 700 dereference failure: pointer invalid in a->capacity: SUCCESS
[unpack_keydict.pointer_dereference.220] line 700 dereference failure: deallocated dynamic object in a->capacity: SUCCESS
[unpack_keydict.pointer_dereference.221] line 700 dereference failure: dead object in a->capacity: SUCCESS
[unpack_keydict.pointer_dereference.222] line 700 dereference failure: pointer outside object bounds in a->capacity: SUCCESS
[unpack_keydict.pointer_dereference.223] line 700 dereference failure: invalid integer address in a->capacity: SUCCESS
[unpack_keydict.pointer_dereference.224] line 700 dereference failure: pointer NULL in a->items: SUCCESS
[unpack_keydict.pointer_dereference.225] line 700 dereference failure: pointer invalid in a->items: SUCCESS
[unpack_keydict.pointer_dereference.226] line 700 dereference failure: deallocated dynamic object in a->items: SUCCESS
[unpack_keydict.pointer_dereference.227] line 700 dereference failure: dead object in a->items: SUCCESS
[unpack_keydict.pointer_dereference.228] line 700 dereference failure: pointer outside object bounds in a->items: SUCCESS
[unpack_keydict.pointer_dereference.229] line 700 dereference failure: invalid integer address in a->items: SUCCESS
[unpack_keydict.overflow.9] line 701 arithmetic overflow on unsigned + in j + 1ul: SUCCESS
[unpack_keydict.pointer_dereference.230] line 704 dereference failure: pointer NULL in *error: SUCCESS
[unpack_keydict.pointer_dereference.231] line 704 dereference failure: pointer invalid in *error: SUCCESS
[unpack_keydict.pointer_dereference.232] line 704 dereference failure: deallocated dynamic object in *error: SUCCESS
[unpack_keydict.pointer_dereference.233] line 704 dereference failure: dead object in *error: SUCCESS
[unpack_keydict.pointer_dereference.234] line 704 dereference failure: pointer outside object bounds in *error: SUCCESS
[unpack_keydict.pointer_dereference.235] line 704 dereference failure: invalid integer address in *error: SUCCESS
[unpack_keydict.overflow.7] line 708 arithmetic overflow on unsigned * in sizeof(String) /*16ul*/  * a->capacity: SUCCESS
[unpack_keydict.overflow.8] line 708 arithmetic overflow on unsigned + in a->size + 1ul: SUCCESS
[unpack_keydict.pointer_dereference.236] line 708 dereference failure: pointer NULL in a->size: SUCCESS
[unpack_keydict.pointer_dereference.237] line 708 dereference failure: pointer invalid in a->size: SUCCESS
[unpack_keydict.pointer_dereference.238] line 708 dereference failure: deallocated dynamic object in a->size: SUCCESS
[unpack_keydict.pointer_dereference.239] line 708 dereference failure: dead object in a->size: SUCCESS
[unpack_keydict.pointer_dereference.240] line 708 dereference failure: pointer outside object bounds in a->size: SUCCESS
[unpack_keydict.pointer_dereference.241] line 708 dereference failure: invalid integer address in a->size: SUCCESS
[unpack_keydict.pointer_dereference.242] line 708 dereference failure: pointer NULL in a->capacity: SUCCESS
[unpack_keydict.pointer_dereference.243] line 708 dereference failure: pointer invalid in a->capacity: SUCCESS
[unpack_keydict.pointer_dereference.244] line 708 dereference failure: deallocated dynamic object in a->capacity: SUCCESS
[unpack_keydict.pointer_dereference.245] line 708 dereference failure: dead object in a->capacity: SUCCESS
[unpack_keydict.pointer_dereference.246] line 708 dereference failure: pointer outside object bounds in a->capacity: SUCCESS
[unpack_keydict.pointer_dereference.247] line 708 dereference failure: invalid integer address in a->capacity: SUCCESS
[unpack_keydict.pointer_dereference.248] line 708 dereference failure: pointer NULL in a->capacity: SUCCESS
[unpack_keydict.pointer_dereference.249] line 708 dereference failure: pointer invalid in a->capacity: SUCCESS
[unpack_keydict.pointer_dereference.250] line 708 dereference failure: deallocated dynamic object in a->capacity: SUCCESS
[unpack_keydict.pointer_dereference.251] line 708 dereference failure: dead object in a->capacity: SUCCESS
[unpack_keydict.pointer_dereference.252] line 708 dereference failure: pointer outside object bounds in a->capacity: SUCCESS
[unpack_keydict.pointer_dereference.253] line 708 dereference failure: invalid integer address in a->capacity: SUCCESS
[unpack_keydict.pointer_dereference.254] line 708 dereference failure: pointer NULL in a->items: SUCCESS
[unpack_keydict.pointer_dereference.255] line 708 dereference failure: pointer invalid in a->items: SUCCESS
[unpack_keydict.pointer_dereference.256] line 708 dereference failure: deallocated dynamic object in a->items: SUCCESS
[unpack_keydict.pointer_dereference.257] line 708 dereference failure: dead object in a->items: SUCCESS
[unpack_keydict.pointer_dereference.258] line 708 dereference failure: pointer outside object bounds in a->items: SUCCESS
[unpack_keydict.pointer_dereference.259] line 708 dereference failure: invalid integer address in a->items: SUCCESS
[unpack_keydict.pointer_dereference.260] line 708 dereference failure: pointer NULL in a->capacity: SUCCESS
[unpack_keydict.pointer_dereference.261] line 708 dereference failure: pointer invalid in a->capacity: SUCCESS
[unpack_keydict.pointer_dereference.262] line 708 dereference failure: deallocated dynamic object in a->capacity: SUCCESS
[unpack_keydict.pointer_dereference.263] line 708 dereference failure: dead object in a->capacity: SUCCESS
[unpack_keydict.pointer_dereference.264] line 708 dereference failure: pointer outside object bounds in a->capacity: SUCCESS
[unpack_keydict.pointer_dereference.265] line 708 dereference failure: invalid integer address in a->capacity: SUCCESS
[unpack_keydict.pointer_dereference.266] line 708 dereference failure: pointer NULL in a->items: SUCCESS
[unpack_keydict.pointer_dereference.267] line 708 dereference failure: pointer invalid in a->items: SUCCESS
[unpack_keydict.pointer_dereference.268] line 708 dereference failure: deallocated dynamic object in a->items: SUCCESS
[unpack_keydict.pointer_dereference.269] line 708 dereference failure: dead object in a->items: SUCCESS
[unpack_keydict.pointer_dereference.270] line 708 dereference failure: pointer outside object bounds in a->items: SUCCESS
[unpack_keydict.pointer_dereference.271] line 708 dereference failure: invalid integer address in a->items: SUCCESS
[unpack_keydict.pointer_dereference.272] line 708 dereference failure: pointer NULL in a->size: SUCCESS
[unpack_keydict.pointer_dereference.273] line 708 dereference failure: pointer invalid in a->size: SUCCESS
[unpack_keydict.pointer_dereference.274] line 708 dereference failure: deallocated dynamic object in a->size: SUCCESS
[unpack_keydict.pointer_dereference.275] line 708 dereference failure: dead object in a->size: SUCCESS
[unpack_keydict.pointer_dereference.276] line 708 dereference failure: pointer outside object bounds in a->size: SUCCESS
[unpack_keydict.pointer_dereference.277] line 708 dereference failure: invalid integer address in a->size: SUCCESS
[unpack_keydict.pointer_dereference.278] line 708 dereference failure: pointer NULL in a->items: SUCCESS
[unpack_keydict.pointer_dereference.279] line 708 dereference failure: pointer invalid in a->items: SUCCESS
[unpack_keydict.pointer_dereference.280] line 708 dereference failure: deallocated dynamic object in a->items: SUCCESS
[unpack_keydict.pointer_dereference.281] line 708 dereference failure: dead object in a->items: SUCCESS
[unpack_keydict.pointer_dereference.282] line 708 dereference failure: pointer outside object bounds in a->items: SUCCESS
[unpack_keydict.pointer_dereference.283] line 708 dereference failure: invalid integer address in a->items: SUCCESS
[unpack_keydict.pointer_dereference.284] line 708 dereference failure: pointer NULL in a->items[(signed long int)tmp_post]: SUCCESS
[unpack_keydict.pointer_dereference.285] line 708 dereference failure: pointer invalid in a->items[(signed long int)tmp_post]: SUCCESS
[unpack_keydict.pointer_dereference.286] line 708 dereference failure: deallocated dynamic object in a->items[(signed long int)tmp_post]: SUCCESS
[unpack_keydict.pointer_dereference.287] line 708 dereference failure: dead object in a->items[(signed long int)tmp_post]: SUCCESS
[unpack_keydict.pointer_dereference.288] line 708 dereference failure: pointer outside object bounds in a->items[(signed long int)tmp_post]: SUCCESS
[unpack_keydict.pointer_dereference.289] line 708 dereference failure: invalid integer address in a->items[(signed long int)tmp_post]: SUCCESS

neovim/src/nvim/msgpack_rpc/unpacker.c function unpack_string
[unpack_string.pointer_dereference.1] line 536 dereference failure: pointer NULL in *data: SUCCESS
[unpack_string.pointer_dereference.2] line 536 dereference failure: pointer invalid in *data: SUCCESS
[unpack_string.pointer_dereference.3] line 536 dereference failure: deallocated dynamic object in *data: SUCCESS
[unpack_string.pointer_dereference.4] line 536 dereference failure: dead object in *data: SUCCESS
[unpack_string.pointer_dereference.5] line 536 dereference failure: pointer outside object bounds in *data: SUCCESS
[unpack_string.pointer_dereference.6] line 536 dereference failure: invalid integer address in *data: SUCCESS
[unpack_string.pointer_dereference.7] line 537 dereference failure: pointer NULL in *size: SUCCESS
[unpack_string.pointer_dereference.8] line 537 dereference failure: pointer invalid in *size: SUCCESS
[unpack_string.pointer_dereference.9] line 537 dereference failure: deallocated dynamic object in *size: SUCCESS
[unpack_string.pointer_dereference.10] line 537 dereference failure: dead object in *size: SUCCESS
[unpack_string.pointer_dereference.11] line 537 dereference failure: pointer outside object bounds in *size: SUCCESS
[unpack_string.pointer_dereference.12] line 537 dereference failure: invalid integer address in *size: SUCCESS
[unpack_string.pointer_dereference.13] line 545 dereference failure: pointer NULL in *size: SUCCESS
[unpack_string.pointer_dereference.14] line 545 dereference failure: pointer invalid in *size: SUCCESS
[unpack_string.pointer_dereference.15] line 545 dereference failure: deallocated dynamic object in *size: SUCCESS
[unpack_string.pointer_dereference.16] line 545 dereference failure: dead object in *size: SUCCESS
[unpack_string.pointer_dereference.17] line 545 dereference failure: pointer outside object bounds in *size: SUCCESS
[unpack_string.pointer_dereference.18] line 545 dereference failure: invalid integer address in *size: SUCCESS
[unpack_string.pointer_dereference.19] line 549 dereference failure: pointer NULL in *data: SUCCESS
[unpack_string.pointer_dereference.20] line 549 dereference failure: pointer invalid in *data: SUCCESS
[unpack_string.pointer_dereference.21] line 549 dereference failure: deallocated dynamic object in *data: SUCCESS
[unpack_string.pointer_dereference.22] line 549 dereference failure: dead object in *data: SUCCESS
[unpack_string.pointer_dereference.23] line 549 dereference failure: pointer outside object bounds in *data: SUCCESS
[unpack_string.pointer_dereference.24] line 549 dereference failure: invalid integer address in *data: SUCCESS
[unpack_string.overflow.1] line 550 arithmetic overflow on unsigned - in size2 - (unsigned long int)tok.length: FAILURE
[unpack_string.pointer_dereference.25] line 550 dereference failure: pointer NULL in *size: SUCCESS
[unpack_string.pointer_dereference.26] line 550 dereference failure: pointer invalid in *size: SUCCESS
[unpack_string.pointer_dereference.27] line 550 dereference failure: deallocated dynamic object in *size: SUCCESS
[unpack_string.pointer_dereference.28] line 550 dereference failure: dead object in *size: SUCCESS
[unpack_string.pointer_dereference.29] line 550 dereference failure: pointer outside object bounds in *size: SUCCESS
[unpack_string.pointer_dereference.30] line 550 dereference failure: invalid integer address in *size: SUCCESS

neovim/src/nvim/msgpack_rpc/unpacker.c function unpack_uint_or_sint
[unpack_uint_or_sint.pointer_dereference.1] line 580 dereference failure: pointer NULL in *res: SUCCESS
[unpack_uint_or_sint.pointer_dereference.2] line 580 dereference failure: pointer invalid in *res: SUCCESS
[unpack_uint_or_sint.pointer_dereference.3] line 580 dereference failure: deallocated dynamic object in *res: SUCCESS
[unpack_uint_or_sint.pointer_dereference.4] line 580 dereference failure: dead object in *res: SUCCESS
[unpack_uint_or_sint.pointer_dereference.5] line 580 dereference failure: pointer outside object bounds in *res: SUCCESS
[unpack_uint_or_sint.pointer_dereference.6] line 580 dereference failure: invalid integer address in *res: SUCCESS
[unpack_uint_or_sint.pointer_dereference.7] line 583 dereference failure: pointer NULL in *res: SUCCESS
[unpack_uint_or_sint.pointer_dereference.8] line 583 dereference failure: pointer invalid in *res: SUCCESS
[unpack_uint_or_sint.pointer_dereference.9] line 583 dereference failure: deallocated dynamic object in *res: SUCCESS
[unpack_uint_or_sint.pointer_dereference.10] line 583 dereference failure: dead object in *res: SUCCESS
[unpack_uint_or_sint.pointer_dereference.11] line 583 dereference failure: pointer outside object bounds in *res: SUCCESS
[unpack_uint_or_sint.pointer_dereference.12] line 583 dereference failure: invalid integer address in *res: SUCCESS

neovim/src/nvim/msgpack_rpc/unpacker.c function unpacker_advance
[unpacker_advance.assertion.1] line 308 assertion p->state >= 0: SUCCESS
[unpacker_advance.pointer_dereference.1] line 308 dereference failure: pointer NULL in p->state: SUCCESS
[unpacker_advance.pointer_dereference.2] line 308 dereference failure: pointer invalid in p->state: SUCCESS
[unpacker_advance.pointer_dereference.3] line 308 dereference failure: deallocated dynamic object in p->state: SUCCESS
[unpacker_advance.pointer_dereference.4] line 308 dereference failure: dead object in p->state: SUCCESS
[unpacker_advance.pointer_dereference.5] line 308 dereference failure: pointer outside object bounds in p->state: SUCCESS
[unpacker_advance.pointer_dereference.6] line 308 dereference failure: invalid integer address in p->state: SUCCESS
[unpacker_advance.pointer_dereference.7] line 309 dereference failure: pointer NULL in p->has_grid_line_event: SUCCESS
[unpacker_advance.pointer_dereference.8] line 309 dereference failure: pointer invalid in p->has_grid_line_event: SUCCESS
[unpacker_advance.pointer_dereference.9] line 309 dereference failure: deallocated dynamic object in p->has_grid_line_event: SUCCESS
[unpacker_advance.pointer_dereference.10] line 309 dereference failure: dead object in p->has_grid_line_event: SUCCESS
[unpacker_advance.pointer_dereference.11] line 309 dereference failure: pointer outside object bounds in p->has_grid_line_event: SUCCESS
[unpacker_advance.pointer_dereference.12] line 309 dereference failure: invalid integer address in p->has_grid_line_event: SUCCESS
[unpacker_advance.pointer_dereference.13] line 310 dereference failure: pointer NULL in p->state: SUCCESS
[unpacker_advance.pointer_dereference.14] line 310 dereference failure: pointer invalid in p->state: SUCCESS
[unpacker_advance.pointer_dereference.15] line 310 dereference failure: deallocated dynamic object in p->state: SUCCESS
[unpacker_advance.pointer_dereference.16] line 310 dereference failure: dead object in p->state: SUCCESS
[unpacker_advance.pointer_dereference.17] line 310 dereference failure: pointer outside object bounds in p->state: SUCCESS
[unpacker_advance.pointer_dereference.18] line 310 dereference failure: invalid integer address in p->state: SUCCESS
[unpacker_advance.pointer_dereference.19] line 314 dereference failure: pointer NULL in p->type: SUCCESS
[unpacker_advance.pointer_dereference.20] line 314 dereference failure: pointer invalid in p->type: SUCCESS
[unpacker_advance.pointer_dereference.21] line 314 dereference failure: deallocated dynamic object in p->type: SUCCESS
[unpacker_advance.pointer_dereference.22] line 314 dereference failure: dead object in p->type: SUCCESS
[unpacker_advance.pointer_dereference.23] line 314 dereference failure: pointer outside object bounds in p->type: SUCCESS
[unpacker_advance.pointer_dereference.24] line 314 dereference failure: invalid integer address in p->type: SUCCESS
[unpacker_advance.pointer_dereference.25] line 314 dereference failure: pointer NULL in p->handler: SUCCESS
[unpacker_advance.pointer_dereference.26] line 314 dereference failure: pointer invalid in p->handler: SUCCESS
[unpacker_advance.pointer_dereference.27] line 314 dereference failure: deallocated dynamic object in p->handler: SUCCESS
[unpacker_advance.pointer_dereference.28] line 314 dereference failure: dead object in p->handler: SUCCESS
[unpacker_advance.pointer_dereference.29] line 314 dereference failure: pointer outside object bounds in p->handler: SUCCESS
[unpacker_advance.pointer_dereference.30] line 314 dereference failure: invalid integer address in p->handler: SUCCESS
[unpacker_advance.pointer_dereference.31] line 315 dereference failure: pointer NULL in p->type: SUCCESS
[unpacker_advance.pointer_dereference.32] line 315 dereference failure: pointer invalid in p->type: SUCCESS
[unpacker_advance.pointer_dereference.33] line 315 dereference failure: deallocated dynamic object in p->type: SUCCESS
[unpacker_advance.pointer_dereference.34] line 315 dereference failure: dead object in p->type: SUCCESS
[unpacker_advance.pointer_dereference.35] line 315 dereference failure: pointer outside object bounds in p->type: SUCCESS
[unpacker_advance.pointer_dereference.36] line 315 dereference failure: invalid integer address in p->type: SUCCESS
[unpacker_advance.pointer_dereference.37] line 316 dereference failure: pointer NULL in p->state: SUCCESS
[unpacker_advance.pointer_dereference.38] line 316 dereference failure: pointer invalid in p->state: SUCCESS
[unpacker_advance.pointer_dereference.39] line 316 dereference failure: deallocated dynamic object in p->state: SUCCESS
[unpacker_advance.pointer_dereference.40] line 316 dereference failure: dead object in p->state: SUCCESS
[unpacker_advance.pointer_dereference.41] line 316 dereference failure: pointer outside object bounds in p->state: SUCCESS
[unpacker_advance.pointer_dereference.42] line 316 dereference failure: invalid integer address in p->state: SUCCESS
[unpacker_advance.pointer_dereference.43] line 318 dereference failure: pointer NULL in p->state: SUCCESS
[unpacker_advance.pointer_dereference.44] line 318 dereference failure: pointer invalid in p->state: SUCCESS
[unpacker_advance.pointer_dereference.45] line 318 dereference failure: deallocated dynamic object in p->state: SUCCESS
[unpacker_advance.pointer_dereference.46] line 318 dereference failure: dead object in p->state: SUCCESS
[unpacker_advance.pointer_dereference.47] line 318 dereference failure: pointer outside object bounds in p->state: SUCCESS
[unpacker_advance.pointer_dereference.48] line 318 dereference failure: invalid integer address in p->state: SUCCESS
[unpacker_advance.pointer_dereference.49] line 318 dereference failure: pointer NULL in p->type: SUCCESS
[unpacker_advance.pointer_dereference.50] line 318 dereference failure: pointer invalid in p->type: SUCCESS
[unpacker_advance.pointer_dereference.51] line 318 dereference failure: deallocated dynamic object in p->type: SUCCESS
[unpacker_advance.pointer_dereference.52] line 318 dereference failure: dead object in p->type: SUCCESS
[unpacker_advance.pointer_dereference.53] line 318 dereference failure: pointer outside object bounds in p->type: SUCCESS
[unpacker_advance.pointer_dereference.54] line 318 dereference failure: invalid integer address in p->type: SUCCESS
[unpacker_advance.pointer_dereference.55] line 319 dereference failure: pointer NULL in p->arena: SUCCESS
[unpacker_advance.pointer_dereference.56] line 319 dereference failure: pointer invalid in p->arena: SUCCESS
[unpacker_advance.pointer_dereference.57] line 319 dereference failure: deallocated dynamic object in p->arena: SUCCESS
[unpacker_advance.pointer_dereference.58] line 319 dereference failure: dead object in p->arena: SUCCESS
[unpacker_advance.pointer_dereference.59] line 319 dereference failure: pointer outside object bounds in p->arena: SUCCESS
[unpacker_advance.pointer_dereference.60] line 319 dereference failure: invalid integer address in p->arena: SUCCESS
[unpacker_advance.pointer_dereference.61] line 323 dereference failure: pointer NULL in p->state: SUCCESS
[unpacker_advance.pointer_dereference.62] line 323 dereference failure: pointer invalid in p->state: SUCCESS
[unpacker_advance.pointer_dereference.63] line 323 dereference failure: deallocated dynamic object in p->state: SUCCESS
[unpacker_advance.pointer_dereference.64] line 323 dereference failure: dead object in p->state: SUCCESS
[unpacker_advance.pointer_dereference.65] line 323 dereference failure: pointer outside object bounds in p->state: SUCCESS
[unpacker_advance.pointer_dereference.66] line 323 dereference failure: invalid integer address in p->state: SUCCESS
[unpacker_advance.pointer_dereference.67] line 323 dereference failure: pointer NULL in p->state: SUCCESS
[unpacker_advance.pointer_dereference.68] line 323 dereference failure: pointer invalid in p->state: SUCCESS
[unpacker_advance.pointer_dereference.69] line 323 dereference failure: deallocated dynamic object in p->state: SUCCESS
[unpacker_advance.pointer_dereference.70] line 323 dereference failure: dead object in p->state: SUCCESS
[unpacker_advance.pointer_dereference.71] line 323 dereference failure: pointer outside object bounds in p->state: SUCCESS
[unpacker_advance.pointer_dereference.72] line 323 dereference failure: invalid integer address in p->state: SUCCESS
[unpacker_advance.pointer_dereference.73] line 328 dereference failure: pointer NULL in p->state: SUCCESS
[unpacker_advance.pointer_dereference.74] line 328 dereference failure: pointer invalid in p->state: SUCCESS
[unpacker_advance.pointer_dereference.75] line 328 dereference failure: deallocated dynamic object in p->state: SUCCESS
[unpacker_advance.pointer_dereference.76] line 328 dereference failure: dead object in p->state: SUCCESS
[unpacker_advance.pointer_dereference.77] line 328 dereference failure: pointer outside object bounds in p->state: SUCCESS
[unpacker_advance.pointer_dereference.78] line 328 dereference failure: invalid integer address in p->state: SUCCESS
[unpacker_advance.pointer_dereference.79] line 330 dereference failure: pointer NULL in p->has_grid_line_event: SUCCESS
[unpacker_advance.pointer_dereference.80] line 330 dereference failure: pointer invalid in p->has_grid_line_event: SUCCESS
[unpacker_advance.pointer_dereference.81] line 330 dereference failure: deallocated dynamic object in p->has_grid_line_event: SUCCESS
[unpacker_advance.pointer_dereference.82] line 330 dereference failure: dead object in p->has_grid_line_event: SUCCESS
[unpacker_advance.pointer_dereference.83] line 330 dereference failure: pointer outside object bounds in p->has_grid_line_event: SUCCESS
[unpacker_advance.pointer_dereference.84] line 330 dereference failure: invalid integer address in p->has_grid_line_event: SUCCESS
[unpacker_advance.assertion.2] line 333 assertion p->state == 12: SUCCESS
[unpacker_advance.pointer_dereference.85] line 333 dereference failure: pointer NULL in p->state: SUCCESS
[unpacker_advance.pointer_dereference.86] line 333 dereference failure: pointer invalid in p->state: SUCCESS
[unpacker_advance.pointer_dereference.87] line 333 dereference failure: deallocated dynamic object in p->state: SUCCESS
[unpacker_advance.pointer_dereference.88] line 333 dereference failure: dead object in p->state: SUCCESS
[unpacker_advance.pointer_dereference.89] line 333 dereference failure: pointer outside object bounds in p->state: SUCCESS
[unpacker_advance.pointer_dereference.90] line 333 dereference failure: invalid integer address in p->state: SUCCESS
[unpacker_advance.pointer_dereference.91] line 335 dereference failure: pointer NULL in p->arena: SUCCESS
[unpacker_advance.pointer_dereference.92] line 335 dereference failure: pointer invalid in p->arena: SUCCESS
[unpacker_advance.pointer_dereference.93] line 335 dereference failure: deallocated dynamic object in p->arena: SUCCESS
[unpacker_advance.pointer_dereference.94] line 335 dereference failure: dead object in p->arena: SUCCESS
[unpacker_advance.pointer_dereference.95] line 335 dereference failure: pointer outside object bounds in p->arena: SUCCESS
[unpacker_advance.pointer_dereference.96] line 335 dereference failure: invalid integer address in p->arena: SUCCESS
[unpacker_advance.pointer_dereference.97] line 336 dereference failure: pointer NULL in p->state: SUCCESS
[unpacker_advance.pointer_dereference.98] line 336 dereference failure: pointer invalid in p->state: SUCCESS
[unpacker_advance.pointer_dereference.99] line 336 dereference failure: deallocated dynamic object in p->state: SUCCESS
[unpacker_advance.pointer_dereference.100] line 336 dereference failure: dead object in p->state: SUCCESS
[unpacker_advance.pointer_dereference.101] line 336 dereference failure: pointer outside object bounds in p->state: SUCCESS
[unpacker_advance.pointer_dereference.102] line 336 dereference failure: invalid integer address in p->state: SUCCESS
[unpacker_advance.pointer_dereference.103] line 350 dereference failure: pointer NULL in p->state: SUCCESS
[unpacker_advance.pointer_dereference.104] line 350 dereference failure: pointer invalid in p->state: SUCCESS
[unpacker_advance.pointer_dereference.105] line 350 dereference failure: deallocated dynamic object in p->state: SUCCESS
[unpacker_advance.pointer_dereference.106] line 350 dereference failure: dead object in p->state: SUCCESS
[unpacker_advance.pointer_dereference.107] line 350 dereference failure: pointer outside object bounds in p->state: SUCCESS
[unpacker_advance.pointer_dereference.108] line 350 dereference failure: invalid integer address in p->state: SUCCESS
[unpacker_advance.pointer_dereference.109] line 355 dereference failure: pointer NULL in p->state: SUCCESS
[unpacker_advance.pointer_dereference.110] line 355 dereference failure: pointer invalid in p->state: SUCCESS
[unpacker_advance.pointer_dereference.111] line 355 dereference failure: deallocated dynamic object in p->state: SUCCESS
[unpacker_advance.pointer_dereference.112] line 355 dereference failure: dead object in p->state: SUCCESS
[unpacker_advance.pointer_dereference.113] line 355 dereference failure: pointer outside object bounds in p->state: SUCCESS
[unpacker_advance.pointer_dereference.114] line 355 dereference failure: invalid integer address in p->state: SUCCESS
[unpacker_advance.pointer_dereference.115] line 355 dereference failure: pointer NULL in p->state: SUCCESS
[unpacker_advance.pointer_dereference.116] line 355 dereference failure: pointer invalid in p->state: SUCCESS
[unpacker_advance.pointer_dereference.117] line 355 dereference failure: deallocated dynamic object in p->state: SUCCESS
[unpacker_advance.pointer_dereference.118] line 355 dereference failure: dead object in p->state: SUCCESS
[unpacker_advance.pointer_dereference.119] line 355 dereference failure: pointer outside object bounds in p->state: SUCCESS
[unpacker_advance.pointer_dereference.120] line 355 dereference failure: invalid integer address in p->state: SUCCESS
[unpacker_advance.pointer_dereference.121] line 355 dereference failure: pointer NULL in p->state: SUCCESS
[unpacker_advance.pointer_dereference.122] line 355 dereference failure: pointer invalid in p->state: SUCCESS
[unpacker_advance.pointer_dereference.123] line 355 dereference failure: deallocated dynamic object in p->state: SUCCESS
[unpacker_advance.pointer_dereference.124] line 355 dereference failure: dead object in p->state: SUCCESS
[unpacker_advance.pointer_dereference.125] line 355 dereference failure: pointer outside object bounds in p->state: SUCCESS
[unpacker_advance.pointer_dereference.126] line 355 dereference failure: invalid integer address in p->state: SUCCESS
[unpacker_advance.pointer_dereference.127] line 357 dereference failure: pointer NULL in p->error: SUCCESS
[unpacker_advance.pointer_dereference.128] line 357 dereference failure: pointer invalid in p->error: SUCCESS
[unpacker_advance.pointer_dereference.129] line 357 dereference failure: deallocated dynamic object in p->error: SUCCESS
[unpacker_advance.pointer_dereference.130] line 357 dereference failure: dead object in p->error: SUCCESS
[unpacker_advance.pointer_dereference.131] line 357 dereference failure: pointer outside object bounds in p->error: SUCCESS
[unpacker_advance.pointer_dereference.132] line 357 dereference failure: invalid integer address in p->error: SUCCESS
[unpacker_advance.pointer_dereference.133] line 357 dereference failure: pointer NULL in p->result: SUCCESS
[unpacker_advance.pointer_dereference.134] line 357 dereference failure: pointer invalid in p->result: SUCCESS
[unpacker_advance.pointer_dereference.135] line 357 dereference failure: deallocated dynamic object in p->result: SUCCESS
[unpacker_advance.pointer_dereference.136] line 357 dereference failure: dead object in p->result: SUCCESS
[unpacker_advance.pointer_dereference.137] line 357 dereference failure: pointer outside object bounds in p->result: SUCCESS
[unpacker_advance.pointer_dereference.138] line 357 dereference failure: invalid integer address in p->result: SUCCESS
[unpacker_advance.pointer_dereference.139] line 358 dereference failure: pointer NULL in p->state: SUCCESS
[unpacker_advance.pointer_dereference.140] line 358 dereference failure: pointer invalid in p->state: SUCCESS
[unpacker_advance.pointer_dereference.141] line 358 dereference failure: deallocated dynamic object in p->state: SUCCESS
[unpacker_advance.pointer_dereference.142] line 358 dereference failure: dead object in p->state: SUCCESS
[unpacker_advance.pointer_dereference.143] line 358 dereference failure: pointer outside object bounds in p->state: SUCCESS
[unpacker_advance.pointer_dereference.144] line 358 dereference failure: invalid integer address in p->state: SUCCESS
[unpacker_advance.pointer_dereference.145] line 361 dereference failure: pointer NULL in p->state: SUCCESS
[unpacker_advance.pointer_dereference.146] line 361 dereference failure: pointer invalid in p->state: SUCCESS
[unpacker_advance.pointer_dereference.147] line 361 dereference failure: deallocated dynamic object in p->state: SUCCESS
[unpacker_advance.pointer_dereference.148] line 361 dereference failure: dead object in p->state: SUCCESS
[unpacker_advance.pointer_dereference.149] line 361 dereference failure: pointer outside object bounds in p->state: SUCCESS
[unpacker_advance.pointer_dereference.150] line 361 dereference failure: invalid integer address in p->state: SUCCESS
[unpacker_advance.overflow.1] line 365 arithmetic overflow on signed - in p->ncalls - 1: SUCCESS
[unpacker_advance.pointer_dereference.151] line 365 dereference failure: pointer NULL in p->ncalls: SUCCESS
[unpacker_advance.pointer_dereference.152] line 365 dereference failure: pointer invalid in p->ncalls: SUCCESS
[unpacker_advance.pointer_dereference.153] line 365 dereference failure: deallocated dynamic object in p->ncalls: SUCCESS
[unpacker_advance.pointer_dereference.154] line 365 dereference failure: dead object in p->ncalls: SUCCESS
[unpacker_advance.pointer_dereference.155] line 365 dereference failure: pointer outside object bounds in p->ncalls: SUCCESS
[unpacker_advance.pointer_dereference.156] line 365 dereference failure: invalid integer address in p->ncalls: SUCCESS
[unpacker_advance.pointer_dereference.157] line 366 dereference failure: pointer NULL in p->ncalls: SUCCESS
[unpacker_advance.pointer_dereference.158] line 366 dereference failure: pointer invalid in p->ncalls: SUCCESS
[unpacker_advance.pointer_dereference.159] line 366 dereference failure: deallocated dynamic object in p->ncalls: SUCCESS
[unpacker_advance.pointer_dereference.160] line 366 dereference failure: dead object in p->ncalls: SUCCESS
[unpacker_advance.pointer_dereference.161] line 366 dereference failure: pointer outside object bounds in p->ncalls: SUCCESS
[unpacker_advance.pointer_dereference.162] line 366 dereference failure: invalid integer address in p->ncalls: SUCCESS
[unpacker_advance.pointer_dereference.163] line 367 dereference failure: pointer NULL in p->state: SUCCESS
[unpacker_advance.pointer_dereference.164] line 367 dereference failure: pointer invalid in p->state: SUCCESS
[unpacker_advance.pointer_dereference.165] line 367 dereference failure: deallocated dynamic object in p->state: SUCCESS
[unpacker_advance.pointer_dereference.166] line 367 dereference failure: dead object in p->state: SUCCESS
[unpacker_advance.pointer_dereference.167] line 367 dereference failure: pointer outside object bounds in p->state: SUCCESS
[unpacker_advance.pointer_dereference.168] line 367 dereference failure: invalid integer address in p->state: SUCCESS
[unpacker_advance.pointer_dereference.169] line 368 dereference failure: pointer NULL in p->nevents: SUCCESS
[unpacker_advance.pointer_dereference.170] line 368 dereference failure: pointer invalid in p->nevents: SUCCESS
[unpacker_advance.pointer_dereference.171] line 368 dereference failure: deallocated dynamic object in p->nevents: SUCCESS
[unpacker_advance.pointer_dereference.172] line 368 dereference failure: dead object in p->nevents: SUCCESS
[unpacker_advance.pointer_dereference.173] line 368 dereference failure: pointer outside object bounds in p->nevents: SUCCESS
[unpacker_advance.pointer_dereference.174] line 368 dereference failure: invalid integer address in p->nevents: SUCCESS
[unpacker_advance.pointer_dereference.175] line 369 dereference failure: pointer NULL in p->state: SUCCESS
[unpacker_advance.pointer_dereference.176] line 369 dereference failure: pointer invalid in p->state: SUCCESS
[unpacker_advance.pointer_dereference.177] line 369 dereference failure: deallocated dynamic object in p->state: SUCCESS
[unpacker_advance.pointer_dereference.178] line 369 dereference failure: dead object in p->state: SUCCESS
[unpacker_advance.pointer_dereference.179] line 369 dereference failure: pointer outside object bounds in p->state: SUCCESS
[unpacker_advance.pointer_dereference.180] line 369 dereference failure: invalid integer address in p->state: SUCCESS
[unpacker_advance.pointer_dereference.181] line 371 dereference failure: pointer NULL in p->state: SUCCESS
[unpacker_advance.pointer_dereference.182] line 371 dereference failure: pointer invalid in p->state: SUCCESS
[unpacker_advance.pointer_dereference.183] line 371 dereference failure: deallocated dynamic object in p->state: SUCCESS
[unpacker_advance.pointer_dereference.184] line 371 dereference failure: dead object in p->state: SUCCESS
[unpacker_advance.pointer_dereference.185] line 371 dereference failure: pointer outside object bounds in p->state: SUCCESS
[unpacker_advance.pointer_dereference.186] line 371 dereference failure: invalid integer address in p->state: SUCCESS

neovim/src/nvim/msgpack_rpc/unpacker.c function unpacker_init
[unpacker_init.pointer_dereference.1] line 185 dereference failure: pointer NULL in p->parser: SUCCESS
[unpacker_init.pointer_dereference.2] line 185 dereference failure: pointer invalid in p->parser: SUCCESS
[unpacker_init.pointer_dereference.3] line 185 dereference failure: deallocated dynamic object in p->parser: SUCCESS
[unpacker_init.pointer_dereference.4] line 185 dereference failure: dead object in p->parser: SUCCESS
[unpacker_init.pointer_dereference.5] line 185 dereference failure: pointer outside object bounds in p->parser: SUCCESS
[unpacker_init.pointer_dereference.6] line 185 dereference failure: invalid integer address in p->parser: SUCCESS
[unpacker_init.pointer_dereference.7] line 187 dereference failure: pointer NULL in p->unpack_error: SUCCESS
[unpacker_init.pointer_dereference.8] line 187 dereference failure: pointer invalid in p->unpack_error: SUCCESS
[unpacker_init.pointer_dereference.9] line 187 dereference failure: deallocated dynamic object in p->unpack_error: SUCCESS
[unpacker_init.pointer_dereference.10] line 187 dereference failure: dead object in p->unpack_error: SUCCESS
[unpacker_init.pointer_dereference.11] line 187 dereference failure: pointer outside object bounds in p->unpack_error: SUCCESS
[unpacker_init.pointer_dereference.12] line 187 dereference failure: invalid integer address in p->unpack_error: SUCCESS
[unpacker_init.pointer_dereference.13] line 189 dereference failure: pointer NULL in p->arena: SUCCESS
[unpacker_init.pointer_dereference.14] line 189 dereference failure: pointer invalid in p->arena: SUCCESS
[unpacker_init.pointer_dereference.15] line 189 dereference failure: deallocated dynamic object in p->arena: SUCCESS
[unpacker_init.pointer_dereference.16] line 189 dereference failure: dead object in p->arena: SUCCESS
[unpacker_init.pointer_dereference.17] line 189 dereference failure: pointer outside object bounds in p->arena: SUCCESS
[unpacker_init.pointer_dereference.18] line 189 dereference failure: invalid integer address in p->arena: SUCCESS
[unpacker_init.pointer_dereference.19] line 191 dereference failure: pointer NULL in p->has_grid_line_event: SUCCESS
[unpacker_init.pointer_dereference.20] line 191 dereference failure: pointer invalid in p->has_grid_line_event: SUCCESS
[unpacker_init.pointer_dereference.21] line 191 dereference failure: deallocated dynamic object in p->has_grid_line_event: SUCCESS
[unpacker_init.pointer_dereference.22] line 191 dereference failure: dead object in p->has_grid_line_event: SUCCESS
[unpacker_init.pointer_dereference.23] line 191 dereference failure: pointer outside object bounds in p->has_grid_line_event: SUCCESS
[unpacker_init.pointer_dereference.24] line 191 dereference failure: invalid integer address in p->has_grid_line_event: SUCCESS

neovim/src/nvim/msgpack_rpc/unpacker.c function unpacker_parse_header
[unpacker_parse_header.pointer_dereference.1] line 204 dereference failure: pointer NULL in p->read_ptr: SUCCESS
[unpacker_parse_header.pointer_dereference.2] line 204 dereference failure: pointer invalid in p->read_ptr: SUCCESS
[unpacker_parse_header.pointer_dereference.3] line 204 dereference failure: deallocated dynamic object in p->read_ptr: SUCCESS
[unpacker_parse_header.pointer_dereference.4] line 204 dereference failure: dead object in p->read_ptr: SUCCESS
[unpacker_parse_header.pointer_dereference.5] line 204 dereference failure: pointer outside object bounds in p->read_ptr: SUCCESS
[unpacker_parse_header.pointer_dereference.6] line 204 dereference failure: invalid integer address in p->read_ptr: SUCCESS
[unpacker_parse_header.pointer_dereference.7] line 205 dereference failure: pointer NULL in p->read_size: SUCCESS
[unpacker_parse_header.pointer_dereference.8] line 205 dereference failure: pointer invalid in p->read_size: SUCCESS
[unpacker_parse_header.pointer_dereference.9] line 205 dereference failure: deallocated dynamic object in p->read_size: SUCCESS
[unpacker_parse_header.pointer_dereference.10] line 205 dereference failure: dead object in p->read_size: SUCCESS
[unpacker_parse_header.pointer_dereference.11] line 205 dereference failure: pointer outside object bounds in p->read_size: SUCCESS
[unpacker_parse_header.pointer_dereference.12] line 205 dereference failure: invalid integer address in p->read_size: SUCCESS
[unpacker_parse_header.assertion.1] line 207 assertion !ERROR_SET(&p->unpack_error): SUCCESS
[unpacker_parse_header.pointer_dereference.13] line 207 dereference failure: pointer NULL in (&p->unpack_error)->type: SUCCESS
[unpacker_parse_header.pointer_dereference.14] line 207 dereference failure: deallocated dynamic object in (&p->unpack_error)->type: SUCCESS
[unpacker_parse_header.pointer_dereference.15] line 207 dereference failure: dead object in (&p->unpack_error)->type: SUCCESS
[unpacker_parse_header.pointer_dereference.16] line 207 dereference failure: pointer outside object bounds in (&p->unpack_error)->type: SUCCESS
[unpacker_parse_header.pointer_dereference.17] line 228 dereference failure: pointer NULL in p->type: SUCCESS
[unpacker_parse_header.pointer_dereference.18] line 228 dereference failure: pointer invalid in p->type: SUCCESS
[unpacker_parse_header.pointer_dereference.19] line 228 dereference failure: deallocated dynamic object in p->type: SUCCESS
[unpacker_parse_header.pointer_dereference.20] line 228 dereference failure: dead object in p->type: SUCCESS
[unpacker_parse_header.pointer_dereference.21] line 228 dereference failure: pointer outside object bounds in p->type: SUCCESS
[unpacker_parse_header.pointer_dereference.22] line 228 dereference failure: invalid integer address in p->type: SUCCESS
[unpacker_parse_header.pointer_dereference.23] line 229 dereference failure: pointer NULL in p->request_id: SUCCESS
[unpacker_parse_header.pointer_dereference.24] line 229 dereference failure: pointer invalid in p->request_id: SUCCESS
[unpacker_parse_header.pointer_dereference.25] line 229 dereference failure: deallocated dynamic object in p->request_id: SUCCESS
[unpacker_parse_header.pointer_dereference.26] line 229 dereference failure: dead object in p->request_id: SUCCESS
[unpacker_parse_header.pointer_dereference.27] line 229 dereference failure: pointer outside object bounds in p->request_id: SUCCESS
[unpacker_parse_header.pointer_dereference.28] line 229 dereference failure: invalid integer address in p->request_id: SUCCESS
[unpacker_parse_header.pointer_dereference.29] line 231 dereference failure: pointer NULL in p->type: SUCCESS
[unpacker_parse_header.pointer_dereference.30] line 231 dereference failure: pointer invalid in p->type: SUCCESS
[unpacker_parse_header.pointer_dereference.31] line 231 dereference failure: deallocated dynamic object in p->type: SUCCESS
[unpacker_parse_header.pointer_dereference.32] line 231 dereference failure: dead object in p->type: SUCCESS
[unpacker_parse_header.pointer_dereference.33] line 231 dereference failure: pointer outside object bounds in p->type: SUCCESS
[unpacker_parse_header.pointer_dereference.34] line 231 dereference failure: invalid integer address in p->type: SUCCESS
[unpacker_parse_header.pointer_dereference.35] line 236 dereference failure: pointer NULL in p->request_id: SUCCESS
[unpacker_parse_header.pointer_dereference.36] line 236 dereference failure: pointer invalid in p->request_id: SUCCESS
[unpacker_parse_header.pointer_dereference.37] line 236 dereference failure: deallocated dynamic object in p->request_id: SUCCESS
[unpacker_parse_header.pointer_dereference.38] line 236 dereference failure: dead object in p->request_id: SUCCESS
[unpacker_parse_header.pointer_dereference.39] line 236 dereference failure: pointer outside object bounds in p->request_id: SUCCESS
[unpacker_parse_header.pointer_dereference.40] line 236 dereference failure: invalid integer address in p->request_id: SUCCESS
[unpacker_parse_header.pointer_dereference.41] line 239 dereference failure: pointer NULL in p->type: SUCCESS
[unpacker_parse_header.pointer_dereference.42] line 239 dereference failure: pointer invalid in p->type: SUCCESS
[unpacker_parse_header.pointer_dereference.43] line 239 dereference failure: deallocated dynamic object in p->type: SUCCESS
[unpacker_parse_header.pointer_dereference.44] line 239 dereference failure: dead object in p->type: SUCCESS
[unpacker_parse_header.pointer_dereference.45] line 239 dereference failure: pointer outside object bounds in p->type: SUCCESS
[unpacker_parse_header.pointer_dereference.46] line 239 dereference failure: invalid integer address in p->type: SUCCESS
[unpacker_parse_header.pointer_dereference.47] line 245 dereference failure: pointer NULL in p->method_name_len: SUCCESS
[unpacker_parse_header.pointer_dereference.48] line 245 dereference failure: pointer invalid in p->method_name_len: SUCCESS
[unpacker_parse_header.pointer_dereference.49] line 245 dereference failure: deallocated dynamic object in p->method_name_len: SUCCESS
[unpacker_parse_header.pointer_dereference.50] line 245 dereference failure: dead object in p->method_name_len: SUCCESS
[unpacker_parse_header.pointer_dereference.51] line 245 dereference failure: pointer outside object bounds in p->method_name_len: SUCCESS
[unpacker_parse_header.pointer_dereference.52] line 245 dereference failure: invalid integer address in p->method_name_len: SUCCESS
[unpacker_parse_header.pointer_dereference.53] line 247 dereference failure: pointer NULL in p->method_name_len: SUCCESS
[unpacker_parse_header.pointer_dereference.54] line 247 dereference failure: pointer invalid in p->method_name_len: SUCCESS
[unpacker_parse_header.pointer_dereference.55] line 247 dereference failure: deallocated dynamic object in p->method_name_len: SUCCESS
[unpacker_parse_header.pointer_dereference.56] line 247 dereference failure: dead object in p->method_name_len: SUCCESS
[unpacker_parse_header.pointer_dereference.57] line 247 dereference failure: pointer outside object bounds in p->method_name_len: SUCCESS
[unpacker_parse_header.pointer_dereference.58] line 247 dereference failure: invalid integer address in p->method_name_len: SUCCESS
[unpacker_parse_header.assertion.2] line 249 assertion tok.type == MPACK_TOKEN_CHUNK: SUCCESS
[unpacker_parse_header.pointer_dereference.59] line 251 dereference failure: pointer NULL in p->method_name_len: SUCCESS
[unpacker_parse_header.pointer_dereference.60] line 251 dereference failure: pointer invalid in p->method_name_len: SUCCESS
[unpacker_parse_header.pointer_dereference.61] line 251 dereference failure: deallocated dynamic object in p->method_name_len: SUCCESS
[unpacker_parse_header.pointer_dereference.62] line 251 dereference failure: dead object in p->method_name_len: SUCCESS
[unpacker_parse_header.pointer_dereference.63] line 251 dereference failure: pointer outside object bounds in p->method_name_len: SUCCESS
[unpacker_parse_header.pointer_dereference.64] line 251 dereference failure: invalid integer address in p->method_name_len: SUCCESS
[unpacker_parse_header.pointer_dereference.65] line 256 dereference failure: pointer NULL in p->handler: SUCCESS
[unpacker_parse_header.pointer_dereference.66] line 256 dereference failure: pointer invalid in p->handler: SUCCESS
[unpacker_parse_header.pointer_dereference.67] line 256 dereference failure: deallocated dynamic object in p->handler: SUCCESS
[unpacker_parse_header.pointer_dereference.68] line 256 dereference failure: dead object in p->handler: SUCCESS
[unpacker_parse_header.pointer_dereference.69] line 256 dereference failure: pointer outside object bounds in p->handler: SUCCESS
[unpacker_parse_header.pointer_dereference.70] line 256 dereference failure: invalid integer address in p->handler: SUCCESS
[unpacker_parse_header.pointer_dereference.71] line 260 dereference failure: pointer NULL in p->read_ptr: SUCCESS
[unpacker_parse_header.pointer_dereference.72] line 260 dereference failure: pointer invalid in p->read_ptr: SUCCESS
[unpacker_parse_header.pointer_dereference.73] line 260 dereference failure: deallocated dynamic object in p->read_ptr: SUCCESS
[unpacker_parse_header.pointer_dereference.74] line 260 dereference failure: dead object in p->read_ptr: SUCCESS
[unpacker_parse_header.pointer_dereference.75] line 260 dereference failure: pointer outside object bounds in p->read_ptr: SUCCESS
[unpacker_parse_header.pointer_dereference.76] line 260 dereference failure: invalid integer address in p->read_ptr: SUCCESS
[unpacker_parse_header.pointer_dereference.77] line 261 dereference failure: pointer NULL in p->read_size: SUCCESS
[unpacker_parse_header.pointer_dereference.78] line 261 dereference failure: pointer invalid in p->read_size: SUCCESS
[unpacker_parse_header.pointer_dereference.79] line 261 dereference failure: deallocated dynamic object in p->read_size: SUCCESS
[unpacker_parse_header.pointer_dereference.80] line 261 dereference failure: dead object in p->read_size: SUCCESS
[unpacker_parse_header.pointer_dereference.81] line 261 dereference failure: pointer outside object bounds in p->read_size: SUCCESS
[unpacker_parse_header.pointer_dereference.82] line 261 dereference failure: invalid integer address in p->read_size: SUCCESS
[unpacker_parse_header.pointer_dereference.83] line 272 dereference failure: pointer NULL in p->state: SUCCESS
[unpacker_parse_header.pointer_dereference.84] line 272 dereference failure: pointer invalid in p->state: SUCCESS
[unpacker_parse_header.pointer_dereference.85] line 272 dereference failure: deallocated dynamic object in p->state: SUCCESS
[unpacker_parse_header.pointer_dereference.86] line 272 dereference failure: dead object in p->state: SUCCESS
[unpacker_parse_header.pointer_dereference.87] line 272 dereference failure: pointer outside object bounds in p->state: SUCCESS
[unpacker_parse_header.pointer_dereference.88] line 272 dereference failure: invalid integer address in p->state: SUCCESS

neovim/src/nvim/msgpack_rpc/unpacker.c function unpacker_parse_redraw
[unpacker_parse_redraw.pointer_dereference.1] line 384 dereference failure: pointer NULL in p->read_ptr: SUCCESS
[unpacker_parse_redraw.pointer_dereference.2] line 384 dereference failure: pointer invalid in p->read_ptr: SUCCESS
[unpacker_parse_redraw.pointer_dereference.3] line 384 dereference failure: deallocated dynamic object in p->read_ptr: SUCCESS
[unpacker_parse_redraw.pointer_dereference.4] line 384 dereference failure: dead object in p->read_ptr: SUCCESS
[unpacker_parse_redraw.pointer_dereference.5] line 384 dereference failure: pointer outside object bounds in p->read_ptr: SUCCESS
[unpacker_parse_redraw.pointer_dereference.6] line 384 dereference failure: invalid integer address in p->read_ptr: SUCCESS
[unpacker_parse_redraw.pointer_dereference.7] line 385 dereference failure: pointer NULL in p->read_size: SUCCESS
[unpacker_parse_redraw.pointer_dereference.8] line 385 dereference failure: pointer invalid in p->read_size: SUCCESS
[unpacker_parse_redraw.pointer_dereference.9] line 385 dereference failure: deallocated dynamic object in p->read_size: SUCCESS
[unpacker_parse_redraw.pointer_dereference.10] line 385 dereference failure: dead object in p->read_size: SUCCESS
[unpacker_parse_redraw.pointer_dereference.11] line 385 dereference failure: pointer outside object bounds in p->read_size: SUCCESS
[unpacker_parse_redraw.pointer_dereference.12] line 385 dereference failure: invalid integer address in p->read_size: SUCCESS
[unpacker_parse_redraw.pointer_dereference.13] line 399 dereference failure: pointer NULL in p->state: SUCCESS
[unpacker_parse_redraw.pointer_dereference.14] line 399 dereference failure: pointer invalid in p->state: SUCCESS
[unpacker_parse_redraw.pointer_dereference.15] line 399 dereference failure: deallocated dynamic object in p->state: SUCCESS
[unpacker_parse_redraw.pointer_dereference.16] line 399 dereference failure: dead object in p->state: SUCCESS
[unpacker_parse_redraw.pointer_dereference.17] line 399 dereference failure: pointer outside object bounds in p->state: SUCCESS
[unpacker_parse_redraw.pointer_dereference.18] line 399 dereference failure: invalid integer address in p->state: SUCCESS
[unpacker_parse_redraw.pointer_dereference.19] line 401 dereference failure: pointer NULL in p->state: SUCCESS
[unpacker_parse_redraw.pointer_dereference.20] line 401 dereference failure: pointer invalid in p->state: SUCCESS
[unpacker_parse_redraw.pointer_dereference.21] line 401 dereference failure: deallocated dynamic object in p->state: SUCCESS
[unpacker_parse_redraw.pointer_dereference.22] line 401 dereference failure: dead object in p->state: SUCCESS
[unpacker_parse_redraw.pointer_dereference.23] line 401 dereference failure: pointer outside object bounds in p->state: SUCCESS
[unpacker_parse_redraw.pointer_dereference.24] line 401 dereference failure: invalid integer address in p->state: SUCCESS
[unpacker_parse_redraw.pointer_dereference.25] line 402 dereference failure: pointer NULL in p->nevents: SUCCESS
[unpacker_parse_redraw.pointer_dereference.26] line 402 dereference failure: pointer invalid in p->nevents: SUCCESS
[unpacker_parse_redraw.pointer_dereference.27] line 402 dereference failure: deallocated dynamic object in p->nevents: SUCCESS
[unpacker_parse_redraw.pointer_dereference.28] line 402 dereference failure: dead object in p->nevents: SUCCESS
[unpacker_parse_redraw.pointer_dereference.29] line 402 dereference failure: pointer outside object bounds in p->nevents: SUCCESS
[unpacker_parse_redraw.pointer_dereference.30] line 402 dereference failure: invalid integer address in p->nevents: SUCCESS
[unpacker_parse_redraw.pointer_dereference.31] line 406 dereference failure: pointer NULL in p->state: SUCCESS
[unpacker_parse_redraw.pointer_dereference.32] line 406 dereference failure: pointer invalid in p->state: SUCCESS
[unpacker_parse_redraw.pointer_dereference.33] line 406 dereference failure: deallocated dynamic object in p->state: SUCCESS
[unpacker_parse_redraw.pointer_dereference.34] line 406 dereference failure: dead object in p->state: SUCCESS
[unpacker_parse_redraw.pointer_dereference.35] line 406 dereference failure: pointer outside object bounds in p->state: SUCCESS
[unpacker_parse_redraw.pointer_dereference.36] line 406 dereference failure: invalid integer address in p->state: SUCCESS
[unpacker_parse_redraw.pointer_dereference.37] line 407 dereference failure: pointer NULL in p->ncalls: SUCCESS
[unpacker_parse_redraw.pointer_dereference.38] line 407 dereference failure: pointer invalid in p->ncalls: SUCCESS
[unpacker_parse_redraw.pointer_dereference.39] line 407 dereference failure: deallocated dynamic object in p->ncalls: SUCCESS
[unpacker_parse_redraw.pointer_dereference.40] line 407 dereference failure: dead object in p->ncalls: SUCCESS
[unpacker_parse_redraw.pointer_dereference.41] line 407 dereference failure: pointer outside object bounds in p->ncalls: SUCCESS
[unpacker_parse_redraw.pointer_dereference.42] line 407 dereference failure: invalid integer address in p->ncalls: SUCCESS
[unpacker_parse_redraw.overflow.1] line 409 arithmetic overflow on signed - in p->ncalls - 1: SUCCESS
[unpacker_parse_redraw.pointer_dereference.43] line 409 dereference failure: pointer NULL in p->ncalls: SUCCESS
[unpacker_parse_redraw.pointer_dereference.44] line 409 dereference failure: pointer invalid in p->ncalls: SUCCESS
[unpacker_parse_redraw.pointer_dereference.45] line 409 dereference failure: deallocated dynamic object in p->ncalls: SUCCESS
[unpacker_parse_redraw.pointer_dereference.46] line 409 dereference failure: dead object in p->ncalls: SUCCESS
[unpacker_parse_redraw.pointer_dereference.47] line 409 dereference failure: pointer outside object bounds in p->ncalls: SUCCESS
[unpacker_parse_redraw.pointer_dereference.48] line 409 dereference failure: invalid integer address in p->ncalls: SUCCESS
[unpacker_parse_redraw.pointer_dereference.49] line 410 dereference failure: pointer NULL in p->state: SUCCESS
[unpacker_parse_redraw.pointer_dereference.50] line 410 dereference failure: pointer invalid in p->state: SUCCESS
[unpacker_parse_redraw.pointer_dereference.51] line 410 dereference failure: deallocated dynamic object in p->state: SUCCESS
[unpacker_parse_redraw.pointer_dereference.52] line 410 dereference failure: dead object in p->state: SUCCESS
[unpacker_parse_redraw.pointer_dereference.53] line 410 dereference failure: pointer outside object bounds in p->state: SUCCESS
[unpacker_parse_redraw.pointer_dereference.54] line 410 dereference failure: invalid integer address in p->state: SUCCESS
[unpacker_parse_redraw.pointer_dereference.55] line 414 dereference failure: pointer NULL in p->state: SUCCESS
[unpacker_parse_redraw.pointer_dereference.56] line 414 dereference failure: pointer invalid in p->state: SUCCESS
[unpacker_parse_redraw.pointer_dereference.57] line 414 dereference failure: deallocated dynamic object in p->state: SUCCESS
[unpacker_parse_redraw.pointer_dereference.58] line 414 dereference failure: dead object in p->state: SUCCESS
[unpacker_parse_redraw.pointer_dereference.59] line 414 dereference failure: pointer outside object bounds in p->state: SUCCESS
[unpacker_parse_redraw.pointer_dereference.60] line 414 dereference failure: invalid integer address in p->state: SUCCESS
[unpacker_parse_redraw.pointer_dereference.61] line 419 dereference failure: pointer NULL in p->ui_handler: SUCCESS
[unpacker_parse_redraw.pointer_dereference.62] line 419 dereference failure: pointer invalid in p->ui_handler: SUCCESS
[unpacker_parse_redraw.pointer_dereference.63] line 419 dereference failure: deallocated dynamic object in p->ui_handler: SUCCESS
[unpacker_parse_redraw.pointer_dereference.64] line 419 dereference failure: dead object in p->ui_handler: SUCCESS
[unpacker_parse_redraw.pointer_dereference.65] line 419 dereference failure: pointer outside object bounds in p->ui_handler: SUCCESS
[unpacker_parse_redraw.pointer_dereference.66] line 419 dereference failure: invalid integer address in p->ui_handler: SUCCESS
[unpacker_parse_redraw.overflow.2] line 421 arithmetic overflow on unsigned - in size - (unsigned long int)tok.length: SUCCESS
[unpacker_parse_redraw.overflow.3] line 423 arithmetic overflow on signed - in p->nevents - 1: SUCCESS
[unpacker_parse_redraw.pointer_dereference.67] line 423 dereference failure: pointer NULL in p->nevents: SUCCESS
[unpacker_parse_redraw.pointer_dereference.68] line 423 dereference failure: pointer invalid in p->nevents: SUCCESS
[unpacker_parse_redraw.pointer_dereference.69] line 423 dereference failure: deallocated dynamic object in p->nevents: SUCCESS
[unpacker_parse_redraw.pointer_dereference.70] line 423 dereference failure: dead object in p->nevents: SUCCESS
[unpacker_parse_redraw.pointer_dereference.71] line 423 dereference failure: pointer outside object bounds in p->nevents: SUCCESS
[unpacker_parse_redraw.pointer_dereference.72] line 423 dereference failure: invalid integer address in p->nevents: SUCCESS
[unpacker_parse_redraw.pointer_dereference.73] line 424 dereference failure: pointer NULL in p->read_ptr: SUCCESS
[unpacker_parse_redraw.pointer_dereference.74] line 424 dereference failure: pointer invalid in p->read_ptr: SUCCESS
[unpacker_parse_redraw.pointer_dereference.75] line 424 dereference failure: deallocated dynamic object in p->read_ptr: SUCCESS
[unpacker_parse_redraw.pointer_dereference.76] line 424 dereference failure: dead object in p->read_ptr: SUCCESS
[unpacker_parse_redraw.pointer_dereference.77] line 424 dereference failure: pointer outside object bounds in p->read_ptr: SUCCESS
[unpacker_parse_redraw.pointer_dereference.78] line 424 dereference failure: invalid integer address in p->read_ptr: SUCCESS
[unpacker_parse_redraw.pointer_dereference.79] line 425 dereference failure: pointer NULL in p->read_size: SUCCESS
[unpacker_parse_redraw.pointer_dereference.80] line 425 dereference failure: pointer invalid in p->read_size: SUCCESS
[unpacker_parse_redraw.pointer_dereference.81] line 425 dereference failure: deallocated dynamic object in p->read_size: SUCCESS
[unpacker_parse_redraw.pointer_dereference.82] line 425 dereference failure: dead object in p->read_size: SUCCESS
[unpacker_parse_redraw.pointer_dereference.83] line 425 dereference failure: pointer outside object bounds in p->read_size: SUCCESS
[unpacker_parse_redraw.pointer_dereference.84] line 425 dereference failure: invalid integer address in p->read_size: SUCCESS
[unpacker_parse_redraw.pointer_dereference.85] line 426 dereference failure: pointer NULL in p->ui_handler: SUCCESS
[unpacker_parse_redraw.pointer_dereference.86] line 426 dereference failure: pointer invalid in p->ui_handler: SUCCESS
[unpacker_parse_redraw.pointer_dereference.87] line 426 dereference failure: deallocated dynamic object in p->ui_handler: SUCCESS
[unpacker_parse_redraw.pointer_dereference.88] line 426 dereference failure: dead object in p->ui_handler: SUCCESS
[unpacker_parse_redraw.pointer_dereference.89] line 426 dereference failure: pointer outside object bounds in p->ui_handler: SUCCESS
[unpacker_parse_redraw.pointer_dereference.90] line 426 dereference failure: invalid integer address in p->ui_handler: SUCCESS
[unpacker_parse_redraw.pointer_dereference.91] line 427 dereference failure: pointer NULL in p->state: SUCCESS
[unpacker_parse_redraw.pointer_dereference.92] line 427 dereference failure: pointer invalid in p->state: SUCCESS
[unpacker_parse_redraw.pointer_dereference.93] line 427 dereference failure: deallocated dynamic object in p->state: SUCCESS
[unpacker_parse_redraw.pointer_dereference.94] line 427 dereference failure: dead object in p->state: SUCCESS
[unpacker_parse_redraw.pointer_dereference.95] line 427 dereference failure: pointer outside object bounds in p->state: SUCCESS
[unpacker_parse_redraw.pointer_dereference.96] line 427 dereference failure: invalid integer address in p->state: SUCCESS
[unpacker_parse_redraw.pointer_dereference.97] line 430 dereference failure: pointer NULL in p->state: SUCCESS
[unpacker_parse_redraw.pointer_dereference.98] line 430 dereference failure: pointer invalid in p->state: SUCCESS
[unpacker_parse_redraw.pointer_dereference.99] line 430 dereference failure: deallocated dynamic object in p->state: SUCCESS
[unpacker_parse_redraw.pointer_dereference.100] line 430 dereference failure: dead object in p->state: SUCCESS
[unpacker_parse_redraw.pointer_dereference.101] line 430 dereference failure: pointer outside object bounds in p->state: SUCCESS
[unpacker_parse_redraw.pointer_dereference.102] line 430 dereference failure: invalid integer address in p->state: SUCCESS
[unpacker_parse_redraw.pointer_dereference.103] line 431 dereference failure: pointer NULL in p->arena: SUCCESS
[unpacker_parse_redraw.pointer_dereference.104] line 431 dereference failure: pointer invalid in p->arena: SUCCESS
[unpacker_parse_redraw.pointer_dereference.105] line 431 dereference failure: deallocated dynamic object in p->arena: SUCCESS
[unpacker_parse_redraw.pointer_dereference.106] line 431 dereference failure: dead object in p->arena: SUCCESS
[unpacker_parse_redraw.pointer_dereference.107] line 431 dereference failure: pointer outside object bounds in p->arena: SUCCESS
[unpacker_parse_redraw.pointer_dereference.108] line 431 dereference failure: invalid integer address in p->arena: SUCCESS
[unpacker_parse_redraw.pointer_dereference.109] line 436 dereference failure: pointer NULL in p->state: SUCCESS
[unpacker_parse_redraw.pointer_dereference.110] line 436 dereference failure: pointer invalid in p->state: SUCCESS
[unpacker_parse_redraw.pointer_dereference.111] line 436 dereference failure: deallocated dynamic object in p->state: SUCCESS
[unpacker_parse_redraw.pointer_dereference.112] line 436 dereference failure: dead object in p->state: SUCCESS
[unpacker_parse_redraw.pointer_dereference.113] line 436 dereference failure: pointer outside object bounds in p->state: SUCCESS
[unpacker_parse_redraw.pointer_dereference.114] line 436 dereference failure: invalid integer address in p->state: SUCCESS
[unpacker_parse_redraw.pointer_dereference.115] line 439 dereference failure: pointer NULL in p->state: SUCCESS
[unpacker_parse_redraw.pointer_dereference.116] line 439 dereference failure: pointer invalid in p->state: SUCCESS
[unpacker_parse_redraw.pointer_dereference.117] line 439 dereference failure: deallocated dynamic object in p->state: SUCCESS
[unpacker_parse_redraw.pointer_dereference.118] line 439 dereference failure: dead object in p->state: SUCCESS
[unpacker_parse_redraw.pointer_dereference.119] line 439 dereference failure: pointer outside object bounds in p->state: SUCCESS
[unpacker_parse_redraw.pointer_dereference.120] line 439 dereference failure: invalid integer address in p->state: SUCCESS
[unpacker_parse_redraw.overflow.4] line 443 arithmetic overflow on signed + in i + 1: SUCCESS
[unpacker_parse_redraw.pointer_dereference.121] line 444 dereference failure: pointer NULL in p->state: SUCCESS
[unpacker_parse_redraw.pointer_dereference.122] line 444 dereference failure: pointer invalid in p->state: SUCCESS
[unpacker_parse_redraw.pointer_dereference.123] line 444 dereference failure: deallocated dynamic object in p->state: SUCCESS
[unpacker_parse_redraw.pointer_dereference.124] line 444 dereference failure: dead object in p->state: SUCCESS
[unpacker_parse_redraw.pointer_dereference.125] line 444 dereference failure: pointer outside object bounds in p->state: SUCCESS
[unpacker_parse_redraw.pointer_dereference.126] line 444 dereference failure: invalid integer address in p->state: SUCCESS
[unpacker_parse_redraw.array_bounds.1] line 445 array.args dynamic object upper bound in g->args[(signed long int)i]: SUCCESS
[unpacker_parse_redraw.pointer_dereference.127] line 445 dereference failure: pointer NULL in g->args: SUCCESS
[unpacker_parse_redraw.pointer_dereference.128] line 445 dereference failure: pointer invalid in g->args: SUCCESS
[unpacker_parse_redraw.pointer_dereference.129] line 445 dereference failure: deallocated dynamic object in g->args: SUCCESS
[unpacker_parse_redraw.pointer_dereference.130] line 445 dereference failure: dead object in g->args: SUCCESS
[unpacker_parse_redraw.pointer_dereference.131] line 445 dereference failure: pointer outside object bounds in g->args: SUCCESS
[unpacker_parse_redraw.pointer_dereference.132] line 445 dereference failure: invalid integer address in g->args: SUCCESS
[unpacker_parse_redraw.pointer_dereference.133] line 448 dereference failure: pointer NULL in p->state: SUCCESS
[unpacker_parse_redraw.pointer_dereference.134] line 448 dereference failure: pointer invalid in p->state: SUCCESS
[unpacker_parse_redraw.pointer_dereference.135] line 448 dereference failure: deallocated dynamic object in p->state: SUCCESS
[unpacker_parse_redraw.pointer_dereference.136] line 448 dereference failure: dead object in p->state: SUCCESS
[unpacker_parse_redraw.pointer_dereference.137] line 448 dereference failure: pointer outside object bounds in p->state: SUCCESS
[unpacker_parse_redraw.pointer_dereference.138] line 448 dereference failure: invalid integer address in p->state: SUCCESS
[unpacker_parse_redraw.pointer_dereference.139] line 449 dereference failure: pointer NULL in g->ncells: SUCCESS
[unpacker_parse_redraw.pointer_dereference.140] line 449 dereference failure: pointer invalid in g->ncells: SUCCESS
[unpacker_parse_redraw.pointer_dereference.141] line 449 dereference failure: deallocated dynamic object in g->ncells: SUCCESS
[unpacker_parse_redraw.pointer_dereference.142] line 449 dereference failure: dead object in g->ncells: SUCCESS
[unpacker_parse_redraw.pointer_dereference.143] line 449 dereference failure: pointer outside object bounds in g->ncells: SUCCESS
[unpacker_parse_redraw.pointer_dereference.144] line 449 dereference failure: invalid integer address in g->ncells: SUCCESS
[unpacker_parse_redraw.pointer_dereference.145] line 450 dereference failure: pointer NULL in g->icell: SUCCESS
[unpacker_parse_redraw.pointer_dereference.146] line 450 dereference failure: pointer invalid in g->icell: SUCCESS
[unpacker_parse_redraw.pointer_dereference.147] line 450 dereference failure: deallocated dynamic object in g->icell: SUCCESS
[unpacker_parse_redraw.pointer_dereference.148] line 450 dereference failure: dead object in g->icell: SUCCESS
[unpacker_parse_redraw.pointer_dereference.149] line 450 dereference failure: pointer outside object bounds in g->icell: SUCCESS
[unpacker_parse_redraw.pointer_dereference.150] line 450 dereference failure: invalid integer address in g->icell: SUCCESS
[unpacker_parse_redraw.pointer_dereference.151] line 451 dereference failure: pointer NULL in g->coloff: SUCCESS
[unpacker_parse_redraw.pointer_dereference.152] line 451 dereference failure: pointer invalid in g->coloff: SUCCESS
[unpacker_parse_redraw.pointer_dereference.153] line 451 dereference failure: deallocated dynamic object in g->coloff: SUCCESS
[unpacker_parse_redraw.pointer_dereference.154] line 451 dereference failure: dead object in g->coloff: SUCCESS
[unpacker_parse_redraw.pointer_dereference.155] line 451 dereference failure: pointer outside object bounds in g->coloff: SUCCESS
[unpacker_parse_redraw.pointer_dereference.156] line 451 dereference failure: invalid integer address in g->coloff: SUCCESS
[unpacker_parse_redraw.pointer_dereference.157] line 452 dereference failure: pointer NULL in g->cur_attr: SUCCESS
[unpacker_parse_redraw.pointer_dereference.158] line 452 dereference failure: pointer invalid in g->cur_attr: SUCCESS
[unpacker_parse_redraw.pointer_dereference.159] line 452 dereference failure: deallocated dynamic object in g->cur_attr: SUCCESS
[unpacker_parse_redraw.pointer_dereference.160] line 452 dereference failure: dead object in g->cur_attr: SUCCESS
[unpacker_parse_redraw.pointer_dereference.161] line 452 dereference failure: pointer outside object bounds in g->cur_attr: SUCCESS
[unpacker_parse_redraw.pointer_dereference.162] line 452 dereference failure: invalid integer address in g->cur_attr: SUCCESS
[unpacker_parse_redraw.pointer_dereference.163] line 454 dereference failure: pointer NULL in p->read_ptr: SUCCESS
[unpacker_parse_redraw.pointer_dereference.164] line 454 dereference failure: pointer invalid in p->read_ptr: SUCCESS
[unpacker_parse_redraw.pointer_dereference.165] line 454 dereference failure: deallocated dynamic object in p->read_ptr: SUCCESS
[unpacker_parse_redraw.pointer_dereference.166] line 454 dereference failure: dead object in p->read_ptr: SUCCESS
[unpacker_parse_redraw.pointer_dereference.167] line 454 dereference failure: pointer outside object bounds in p->read_ptr: SUCCESS
[unpacker_parse_redraw.pointer_dereference.168] line 454 dereference failure: invalid integer address in p->read_ptr: SUCCESS
[unpacker_parse_redraw.pointer_dereference.169] line 455 dereference failure: pointer NULL in p->read_size: SUCCESS
[unpacker_parse_redraw.pointer_dereference.170] line 455 dereference failure: pointer invalid in p->read_size: SUCCESS
[unpacker_parse_redraw.pointer_dereference.171] line 455 dereference failure: deallocated dynamic object in p->read_size: SUCCESS
[unpacker_parse_redraw.pointer_dereference.172] line 455 dereference failure: dead object in p->read_size: SUCCESS
[unpacker_parse_redraw.pointer_dereference.173] line 455 dereference failure: pointer outside object bounds in p->read_size: SUCCESS
[unpacker_parse_redraw.pointer_dereference.174] line 455 dereference failure: invalid integer address in p->read_size: SUCCESS
[unpacker_parse_redraw.pointer_dereference.175] line 456 dereference failure: pointer NULL in p->state: SUCCESS
[unpacker_parse_redraw.pointer_dereference.176] line 456 dereference failure: pointer invalid in p->state: SUCCESS
[unpacker_parse_redraw.pointer_dereference.177] line 456 dereference failure: deallocated dynamic object in p->state: SUCCESS
[unpacker_parse_redraw.pointer_dereference.178] line 456 dereference failure: dead object in p->state: SUCCESS
[unpacker_parse_redraw.pointer_dereference.179] line 456 dereference failure: pointer outside object bounds in p->state: SUCCESS
[unpacker_parse_redraw.pointer_dereference.180] line 456 dereference failure: invalid integer address in p->state: SUCCESS
[unpacker_parse_redraw.overflow.9] line 460 arithmetic overflow on signed + in g->icell + 1: SUCCESS
[unpacker_parse_redraw.pointer_dereference.181] line 460 dereference failure: pointer NULL in g->icell: SUCCESS
[unpacker_parse_redraw.pointer_dereference.182] line 460 dereference failure: pointer invalid in g->icell: SUCCESS
[unpacker_parse_redraw.pointer_dereference.183] line 460 dereference failure: deallocated dynamic object in g->icell: SUCCESS
[unpacker_parse_redraw.pointer_dereference.184] line 460 dereference failure: dead object in g->icell: SUCCESS
[unpacker_parse_redraw.pointer_dereference.185] line 460 dereference failure: pointer outside object bounds in g->icell: SUCCESS
[unpacker_parse_redraw.pointer_dereference.186] line 460 dereference failure: invalid integer address in g->icell: SUCCESS
[unpacker_parse_redraw.pointer_dereference.187] line 460 dereference failure: pointer NULL in g->ncells: SUCCESS
[unpacker_parse_redraw.pointer_dereference.188] line 460 dereference failure: pointer invalid in g->ncells: SUCCESS
[unpacker_parse_redraw.pointer_dereference.189] line 460 dereference failure: deallocated dynamic object in g->ncells: SUCCESS
[unpacker_parse_redraw.pointer_dereference.190] line 460 dereference failure: dead object in g->ncells: SUCCESS
[unpacker_parse_redraw.pointer_dereference.191] line 460 dereference failure: pointer outside object bounds in g->ncells: SUCCESS
[unpacker_parse_redraw.pointer_dereference.192] line 460 dereference failure: invalid integer address in g->ncells: SUCCESS
[unpacker_parse_redraw.pointer_dereference.313] line 460 dereference failure: pointer NULL in g->icell: SUCCESS
[unpacker_parse_redraw.pointer_dereference.314] line 460 dereference failure: pointer invalid in g->icell: SUCCESS
[unpacker_parse_redraw.pointer_dereference.315] line 460 dereference failure: deallocated dynamic object in g->icell: SUCCESS
[unpacker_parse_redraw.pointer_dereference.316] line 460 dereference failure: dead object in g->icell: SUCCESS
[unpacker_parse_redraw.pointer_dereference.317] line 460 dereference failure: pointer outside object bounds in g->icell: SUCCESS
[unpacker_parse_redraw.pointer_dereference.318] line 460 dereference failure: invalid integer address in g->icell: SUCCESS
[unpacker_parse_redraw.assertion.1] line 461 assertion g->icell < g->ncells: SUCCESS
[unpacker_parse_redraw.pointer_dereference.193] line 463 dereference failure: pointer NULL in p->state: SUCCESS
[unpacker_parse_redraw.pointer_dereference.194] line 463 dereference failure: pointer invalid in p->state: SUCCESS
[unpacker_parse_redraw.pointer_dereference.195] line 463 dereference failure: deallocated dynamic object in p->state: SUCCESS
[unpacker_parse_redraw.pointer_dereference.196] line 463 dereference failure: dead object in p->state: SUCCESS
[unpacker_parse_redraw.pointer_dereference.197] line 463 dereference failure: pointer outside object bounds in p->state: SUCCESS
[unpacker_parse_redraw.pointer_dereference.198] line 463 dereference failure: invalid integer address in p->state: SUCCESS
[unpacker_parse_redraw.pointer_dereference.199] line 466 dereference failure: pointer NULL in p->state: SUCCESS
[unpacker_parse_redraw.pointer_dereference.200] line 466 dereference failure: pointer invalid in p->state: SUCCESS
[unpacker_parse_redraw.pointer_dereference.201] line 466 dereference failure: deallocated dynamic object in p->state: SUCCESS
[unpacker_parse_redraw.pointer_dereference.202] line 466 dereference failure: dead object in p->state: SUCCESS
[unpacker_parse_redraw.pointer_dereference.203] line 466 dereference failure: pointer outside object bounds in p->state: SUCCESS
[unpacker_parse_redraw.pointer_dereference.204] line 466 dereference failure: invalid integer address in p->state: SUCCESS
[unpacker_parse_redraw.pointer_dereference.205] line 470 dereference failure: pointer NULL in p->state: SUCCESS
[unpacker_parse_redraw.pointer_dereference.206] line 470 dereference failure: pointer invalid in p->state: SUCCESS
[unpacker_parse_redraw.pointer_dereference.207] line 470 dereference failure: deallocated dynamic object in p->state: SUCCESS
[unpacker_parse_redraw.pointer_dereference.208] line 470 dereference failure: dead object in p->state: SUCCESS
[unpacker_parse_redraw.pointer_dereference.209] line 470 dereference failure: pointer outside object bounds in p->state: SUCCESS
[unpacker_parse_redraw.pointer_dereference.210] line 470 dereference failure: invalid integer address in p->state: SUCCESS
[unpacker_parse_redraw.overflow.5] line 478 arithmetic overflow on unsigned - in size - cellsize: SUCCESS
[unpacker_parse_redraw.pointer_dereference.211] line 481 dereference failure: pointer NULL in p->state: SUCCESS
[unpacker_parse_redraw.pointer_dereference.212] line 481 dereference failure: pointer invalid in p->state: SUCCESS
[unpacker_parse_redraw.pointer_dereference.213] line 481 dereference failure: deallocated dynamic object in p->state: SUCCESS
[unpacker_parse_redraw.pointer_dereference.214] line 481 dereference failure: dead object in p->state: SUCCESS
[unpacker_parse_redraw.pointer_dereference.215] line 481 dereference failure: pointer outside object bounds in p->state: SUCCESS
[unpacker_parse_redraw.pointer_dereference.216] line 481 dereference failure: invalid integer address in p->state: SUCCESS
[unpacker_parse_redraw.pointer_dereference.217] line 482 dereference failure: pointer NULL in g->cur_attr: SUCCESS
[unpacker_parse_redraw.pointer_dereference.218] line 482 dereference failure: pointer invalid in g->cur_attr: SUCCESS
[unpacker_parse_redraw.pointer_dereference.219] line 482 dereference failure: deallocated dynamic object in g->cur_attr: SUCCESS
[unpacker_parse_redraw.pointer_dereference.220] line 482 dereference failure: dead object in g->cur_attr: SUCCESS
[unpacker_parse_redraw.pointer_dereference.221] line 482 dereference failure: pointer outside object bounds in g->cur_attr: SUCCESS
[unpacker_parse_redraw.pointer_dereference.222] line 482 dereference failure: invalid integer address in g->cur_attr: SUCCESS
[unpacker_parse_redraw.pointer_dereference.223] line 487 dereference failure: pointer NULL in p->state: SUCCESS
[unpacker_parse_redraw.pointer_dereference.224] line 487 dereference failure: pointer invalid in p->state: SUCCESS
[unpacker_parse_redraw.pointer_dereference.225] line 487 dereference failure: deallocated dynamic object in p->state: SUCCESS
[unpacker_parse_redraw.pointer_dereference.226] line 487 dereference failure: dead object in p->state: SUCCESS
[unpacker_parse_redraw.pointer_dereference.227] line 487 dereference failure: pointer outside object bounds in p->state: SUCCESS
[unpacker_parse_redraw.pointer_dereference.228] line 487 dereference failure: invalid integer address in p->state: SUCCESS
[unpacker_parse_redraw.pointer_dereference.229] line 491 dereference failure: pointer NULL in g->clear_width: SUCCESS
[unpacker_parse_redraw.pointer_dereference.230] line 491 dereference failure: pointer invalid in g->clear_width: SUCCESS
[unpacker_parse_redraw.pointer_dereference.231] line 491 dereference failure: deallocated dynamic object in g->clear_width: SUCCESS
[unpacker_parse_redraw.pointer_dereference.232] line 491 dereference failure: dead object in g->clear_width: SUCCESS
[unpacker_parse_redraw.pointer_dereference.233] line 491 dereference failure: pointer outside object bounds in g->clear_width: SUCCESS
[unpacker_parse_redraw.pointer_dereference.234] line 491 dereference failure: invalid integer address in g->clear_width: SUCCESS
[unpacker_parse_redraw.overflow.6] line 492 arithmetic overflow on signed - in g->ncells - 1: SUCCESS
[unpacker_parse_redraw.pointer_dereference.235] line 492 dereference failure: pointer NULL in g->icell: SUCCESS
[unpacker_parse_redraw.pointer_dereference.236] line 492 dereference failure: pointer invalid in g->icell: SUCCESS
[unpacker_parse_redraw.pointer_dereference.237] line 492 dereference failure: deallocated dynamic object in g->icell: SUCCESS
[unpacker_parse_redraw.pointer_dereference.238] line 492 dereference failure: dead object in g->icell: SUCCESS
[unpacker_parse_redraw.pointer_dereference.239] line 492 dereference failure: pointer outside object bounds in g->icell: SUCCESS
[unpacker_parse_redraw.pointer_dereference.240] line 492 dereference failure: invalid integer address in g->icell: SUCCESS
[unpacker_parse_redraw.pointer_dereference.241] line 492 dereference failure: pointer NULL in g->ncells: SUCCESS
[unpacker_parse_redraw.pointer_dereference.242] line 492 dereference failure: pointer invalid in g->ncells: SUCCESS
[unpacker_parse_redraw.pointer_dereference.243] line 492 dereference failure: deallocated dynamic object in g->ncells: SUCCESS
[unpacker_parse_redraw.pointer_dereference.244] line 492 dereference failure: dead object in g->ncells: SUCCESS
[unpacker_parse_redraw.pointer_dereference.245] line 492 dereference failure: pointer outside object bounds in g->ncells: SUCCESS
[unpacker_parse_redraw.pointer_dereference.246] line 492 dereference failure: invalid integer address in g->ncells: SUCCESS
[unpacker_parse_redraw.pointer_dereference.247] line 492 dereference failure: pointer NULL in cellbuf[(signed long int)0]: SUCCESS
[unpacker_parse_redraw.pointer_dereference.248] line 492 dereference failure: pointer invalid in cellbuf[(signed long int)0]: SUCCESS
[unpacker_parse_redraw.pointer_dereference.249] line 492 dereference failure: deallocated dynamic object in cellbuf[(signed long int)0]: SUCCESS
[unpacker_parse_redraw.pointer_dereference.250] line 492 dereference failure: dead object in cellbuf[(signed long int)0]: SUCCESS
[unpacker_parse_redraw.pointer_dereference.251] line 492 dereference failure: pointer outside object bounds in cellbuf[(signed long int)0]: SUCCESS
[unpacker_parse_redraw.pointer_dereference.252] line 492 dereference failure: invalid integer address in cellbuf[(signed long int)0]: SUCCESS
[unpacker_parse_redraw.pointer_dereference.253] line 493 dereference failure: pointer NULL in g->clear_width: SUCCESS
[unpacker_parse_redraw.pointer_dereference.254] line 493 dereference failure: pointer invalid in g->clear_width: SUCCESS
[unpacker_parse_redraw.pointer_dereference.255] line 493 dereference failure: deallocated dynamic object in g->clear_width: SUCCESS
[unpacker_parse_redraw.pointer_dereference.256] line 493 dereference failure: dead object in g->clear_width: SUCCESS
[unpacker_parse_redraw.pointer_dereference.257] line 493 dereference failure: pointer outside object bounds in g->clear_width: SUCCESS
[unpacker_parse_redraw.pointer_dereference.258] line 493 dereference failure: invalid integer address in g->clear_width: SUCCESS
[unpacker_parse_redraw.overflow.8] line 496 arithmetic overflow on signed + in r + 1: SUCCESS
[unpacker_parse_redraw.pointer_dereference.259] line 497 dereference failure: pointer NULL in g->coloff: SUCCESS
[unpacker_parse_redraw.pointer_dereference.260] line 497 dereference failure: pointer invalid in g->coloff: SUCCESS
[unpacker_parse_redraw.pointer_dereference.261] line 497 dereference failure: deallocated dynamic object in g->coloff: SUCCESS
[unpacker_parse_redraw.pointer_dereference.262] line 497 dereference failure: dead object in g->coloff: SUCCESS
[unpacker_parse_redraw.pointer_dereference.263] line 497 dereference failure: pointer outside object bounds in g->coloff: SUCCESS
[unpacker_parse_redraw.pointer_dereference.264] line 497 dereference failure: invalid integer address in g->coloff: SUCCESS
[unpacker_parse_redraw.pointer_dereference.265] line 498 dereference failure: pointer NULL in p->state: SUCCESS
[unpacker_parse_redraw.pointer_dereference.266] line 498 dereference failure: pointer invalid in p->state: SUCCESS
[unpacker_parse_redraw.pointer_dereference.267] line 498 dereference failure: deallocated dynamic object in p->state: SUCCESS
[unpacker_parse_redraw.pointer_dereference.268] line 498 dereference failure: dead object in p->state: SUCCESS
[unpacker_parse_redraw.pointer_dereference.269] line 498 dereference failure: pointer outside object bounds in p->state: SUCCESS
[unpacker_parse_redraw.pointer_dereference.270] line 498 dereference failure: invalid integer address in p->state: SUCCESS
[unpacker_parse_redraw.pointer_dereference.271] line 501 dereference failure: pointer NULL in g->coloff: SUCCESS
[unpacker_parse_redraw.pointer_dereference.272] line 501 dereference failure: pointer invalid in g->coloff: SUCCESS
[unpacker_parse_redraw.pointer_dereference.273] line 501 dereference failure: deallocated dynamic object in g->coloff: SUCCESS
[unpacker_parse_redraw.pointer_dereference.274] line 501 dereference failure: dead object in g->coloff: SUCCESS
[unpacker_parse_redraw.pointer_dereference.275] line 501 dereference failure: pointer outside object bounds in g->coloff: SUCCESS
[unpacker_parse_redraw.pointer_dereference.276] line 501 dereference failure: invalid integer address in g->coloff: SUCCESS
[unpacker_parse_redraw.pointer_dereference.277] line 501 dereference failure: pointer NULL in grid_line_buf_char[(signed long int)g->coloff]: SUCCESS
[unpacker_parse_redraw.pointer_dereference.278] line 501 dereference failure: pointer invalid in grid_line_buf_char[(signed long int)g->coloff]: SUCCESS
[unpacker_parse_redraw.pointer_dereference.279] line 501 dereference failure: deallocated dynamic object in grid_line_buf_char[(signed long int)g->coloff]: SUCCESS
[unpacker_parse_redraw.pointer_dereference.280] line 501 dereference failure: dead object in grid_line_buf_char[(signed long int)g->coloff]: SUCCESS
[unpacker_parse_redraw.pointer_dereference.281] line 501 dereference failure: pointer outside object bounds in grid_line_buf_char[(signed long int)g->coloff]: SUCCESS
[unpacker_parse_redraw.pointer_dereference.282] line 501 dereference failure: invalid integer address in grid_line_buf_char[(signed long int)g->coloff]: SUCCESS
[unpacker_parse_redraw.overflow.7] line 502 arithmetic overflow on signed + in g->coloff + 1: SUCCESS
[unpacker_parse_redraw.pointer_dereference.283] line 502 dereference failure: pointer NULL in g->coloff: SUCCESS
[unpacker_parse_redraw.pointer_dereference.284] line 502 dereference failure: pointer invalid in g->coloff: SUCCESS
[unpacker_parse_redraw.pointer_dereference.285] line 502 dereference failure: deallocated dynamic object in g->coloff: SUCCESS
[unpacker_parse_redraw.pointer_dereference.286] line 502 dereference failure: dead object in g->coloff: SUCCESS
[unpacker_parse_redraw.pointer_dereference.287] line 502 dereference failure: pointer outside object bounds in g->coloff: SUCCESS
[unpacker_parse_redraw.pointer_dereference.288] line 502 dereference failure: invalid integer address in g->coloff: SUCCESS
[unpacker_parse_redraw.pointer_dereference.289] line 502 dereference failure: pointer NULL in grid_line_buf_attr[(signed long int)tmp_post$0]: SUCCESS
[unpacker_parse_redraw.pointer_dereference.290] line 502 dereference failure: pointer invalid in grid_line_buf_attr[(signed long int)tmp_post$0]: SUCCESS
[unpacker_parse_redraw.pointer_dereference.291] line 502 dereference failure: deallocated dynamic object in grid_line_buf_attr[(signed long int)tmp_post$0]: SUCCESS
[unpacker_parse_redraw.pointer_dereference.292] line 502 dereference failure: dead object in grid_line_buf_attr[(signed long int)tmp_post$0]: SUCCESS
[unpacker_parse_redraw.pointer_dereference.293] line 502 dereference failure: pointer outside object bounds in grid_line_buf_attr[(signed long int)tmp_post$0]: SUCCESS
[unpacker_parse_redraw.pointer_dereference.294] line 502 dereference failure: invalid integer address in grid_line_buf_attr[(signed long int)tmp_post$0]: SUCCESS
[unpacker_parse_redraw.pointer_dereference.295] line 502 dereference failure: pointer NULL in g->cur_attr: SUCCESS
[unpacker_parse_redraw.pointer_dereference.296] line 502 dereference failure: pointer invalid in g->cur_attr: SUCCESS
[unpacker_parse_redraw.pointer_dereference.297] line 502 dereference failure: deallocated dynamic object in g->cur_attr: SUCCESS
[unpacker_parse_redraw.pointer_dereference.298] line 502 dereference failure: dead object in g->cur_attr: SUCCESS
[unpacker_parse_redraw.pointer_dereference.299] line 502 dereference failure: pointer outside object bounds in g->cur_attr: SUCCESS
[unpacker_parse_redraw.pointer_dereference.300] line 502 dereference failure: invalid integer address in g->cur_attr: SUCCESS
[unpacker_parse_redraw.pointer_dereference.301] line 506 dereference failure: pointer NULL in p->read_ptr: SUCCESS
[unpacker_parse_redraw.pointer_dereference.302] line 506 dereference failure: pointer invalid in p->read_ptr: SUCCESS
[unpacker_parse_redraw.pointer_dereference.303] line 506 dereference failure: deallocated dynamic object in p->read_ptr: SUCCESS
[unpacker_parse_redraw.pointer_dereference.304] line 506 dereference failure: dead object in p->read_ptr: SUCCESS
[unpacker_parse_redraw.pointer_dereference.305] line 506 dereference failure: pointer outside object bounds in p->read_ptr: SUCCESS
[unpacker_parse_redraw.pointer_dereference.306] line 506 dereference failure: invalid integer address in p->read_ptr: SUCCESS
[unpacker_parse_redraw.pointer_dereference.307] line 507 dereference failure: pointer NULL in p->read_size: SUCCESS
[unpacker_parse_redraw.pointer_dereference.308] line 507 dereference failure: pointer invalid in p->read_size: SUCCESS
[unpacker_parse_redraw.pointer_dereference.309] line 507 dereference failure: deallocated dynamic object in p->read_size: SUCCESS
[unpacker_parse_redraw.pointer_dereference.310] line 507 dereference failure: dead object in p->read_size: SUCCESS
[unpacker_parse_redraw.pointer_dereference.311] line 507 dereference failure: pointer outside object bounds in p->read_size: SUCCESS
[unpacker_parse_redraw.pointer_dereference.312] line 507 dereference failure: invalid integer address in p->read_size: SUCCESS
[unpacker_parse_redraw.pointer_dereference.319] line 509 dereference failure: pointer NULL in p->state: SUCCESS
[unpacker_parse_redraw.pointer_dereference.320] line 509 dereference failure: pointer invalid in p->state: SUCCESS
[unpacker_parse_redraw.pointer_dereference.321] line 509 dereference failure: deallocated dynamic object in p->state: SUCCESS
[unpacker_parse_redraw.pointer_dereference.322] line 509 dereference failure: dead object in p->state: SUCCESS
[unpacker_parse_redraw.pointer_dereference.323] line 509 dereference failure: pointer outside object bounds in p->state: SUCCESS
[unpacker_parse_redraw.pointer_dereference.324] line 509 dereference failure: invalid integer address in p->state: SUCCESS
[unpacker_parse_redraw.pointer_dereference.325] line 513 dereference failure: pointer NULL in p->state: SUCCESS
[unpacker_parse_redraw.pointer_dereference.326] line 513 dereference failure: pointer invalid in p->state: SUCCESS
[unpacker_parse_redraw.pointer_dereference.327] line 513 dereference failure: deallocated dynamic object in p->state: SUCCESS
[unpacker_parse_redraw.pointer_dereference.328] line 513 dereference failure: dead object in p->state: SUCCESS
[unpacker_parse_redraw.pointer_dereference.329] line 513 dereference failure: pointer outside object bounds in p->state: SUCCESS
[unpacker_parse_redraw.pointer_dereference.330] line 513 dereference failure: invalid integer address in p->state: SUCCESS
[unpacker_parse_redraw.pointer_dereference.331] line 514 dereference failure: pointer NULL in g->wrap: SUCCESS
[unpacker_parse_redraw.pointer_dereference.332] line 514 dereference failure: pointer invalid in g->wrap: SUCCESS
[unpacker_parse_redraw.pointer_dereference.333] line 514 dereference failure: deallocated dynamic object in g->wrap: SUCCESS
[unpacker_parse_redraw.pointer_dereference.334] line 514 dereference failure: dead object in g->wrap: SUCCESS
[unpacker_parse_redraw.pointer_dereference.335] line 514 dereference failure: pointer outside object bounds in g->wrap: SUCCESS
[unpacker_parse_redraw.pointer_dereference.336] line 514 dereference failure: invalid integer address in g->wrap: SUCCESS
[unpacker_parse_redraw.pointer_dereference.337] line 515 dereference failure: pointer NULL in p->read_ptr: SUCCESS
[unpacker_parse_redraw.pointer_dereference.338] line 515 dereference failure: pointer invalid in p->read_ptr: SUCCESS
[unpacker_parse_redraw.pointer_dereference.339] line 515 dereference failure: deallocated dynamic object in p->read_ptr: SUCCESS
[unpacker_parse_redraw.pointer_dereference.340] line 515 dereference failure: dead object in p->read_ptr: SUCCESS
[unpacker_parse_redraw.pointer_dereference.341] line 515 dereference failure: pointer outside object bounds in p->read_ptr: SUCCESS
[unpacker_parse_redraw.pointer_dereference.342] line 515 dereference failure: invalid integer address in p->read_ptr: SUCCESS
[unpacker_parse_redraw.pointer_dereference.343] line 516 dereference failure: pointer NULL in p->read_size: SUCCESS
[unpacker_parse_redraw.pointer_dereference.344] line 516 dereference failure: pointer invalid in p->read_size: SUCCESS
[unpacker_parse_redraw.pointer_dereference.345] line 516 dereference failure: deallocated dynamic object in p->read_size: SUCCESS
[unpacker_parse_redraw.pointer_dereference.346] line 516 dereference failure: dead object in p->read_size: SUCCESS
[unpacker_parse_redraw.pointer_dereference.347] line 516 dereference failure: pointer outside object bounds in p->read_size: SUCCESS
[unpacker_parse_redraw.pointer_dereference.348] line 516 dereference failure: invalid integer address in p->read_size: SUCCESS

Trace for unpack_string.overflow.1:

State 9 file /Library/Developer/CommandLineTools/SDKs/MacOSX.sdk/usr/include/runetype.h function __CPROVER_initialize line 114 thread 0
----------------------------------------------------
  _DefaultRuneLocale.__magic[0l]=0 (00000000)

State 10 file /Library/Developer/CommandLineTools/SDKs/MacOSX.sdk/usr/include/runetype.h function __CPROVER_initialize line 114 thread 0
----------------------------------------------------
  _DefaultRuneLocale.__magic[1l]=0 (00000000)

State 11 file /Library/Developer/CommandLineTools/SDKs/MacOSX.sdk/usr/include/runetype.h function __CPROVER_initialize line 114 thread 0
----------------------------------------------------
  _DefaultRuneLocale.__magic[2l]=0 (00000000)

State 12 file /Library/Developer/CommandLineTools/SDKs/MacOSX.sdk/usr/include/runetype.h function __CPROVER_initialize line 114 thread 0
----------------------------------------------------
  _DefaultRuneLocale.__magic[3l]=0 (00000000)

State 13 file /Library/Developer/CommandLineTools/SDKs/MacOSX.sdk/usr/include/runetype.h function __CPROVER_initialize line 114 thread 0
----------------------------------------------------
  _DefaultRuneLocale.__magic[4l]=0 (00000000)

State 14 file /Library/Developer/CommandLineTools/SDKs/MacOSX.sdk/usr/include/runetype.h function __CPROVER_initialize line 114 thread 0
----------------------------------------------------
  _DefaultRuneLocale.__magic[5l]=0 (00000000)

State 15 file /Library/Developer/CommandLineTools/SDKs/MacOSX.sdk/usr/include/runetype.h function __CPROVER_initialize line 114 thread 0
----------------------------------------------------
  _DefaultRuneLocale.__magic[6l]=0 (00000000)

State 16 file /Library/Developer/CommandLineTools/SDKs/MacOSX.sdk/usr/include/runetype.h function __CPROVER_initialize line 114 thread 0
----------------------------------------------------
  _DefaultRuneLocale.__magic[7l]=0 (00000000)

State 18 file /Library/Developer/CommandLineTools/SDKs/MacOSX.sdk/usr/include/runetype.h function __CPROVER_initialize line 114 thread 0
----------------------------------------------------
  _DefaultRuneLocale.__encoding[0l]=0 (00000000)

State 19 file /Library/Developer/CommandLineTools/SDKs/MacOSX.sdk/usr/include/runetype.h function __CPROVER_initialize line 114 thread 0
----------------------------------------------------
  _DefaultRuneLocale.__encoding[1l]=0 (00000000)

State 20 file /Library/Developer/CommandLineTools/SDKs/MacOSX.sdk/usr/include/runetype.h function __CPROVER_initialize line 114 thread 0
----------------------------------------------------
  _DefaultRuneLocale.__encoding[2l]=0 (00000000)

State 21 file /Library/Developer/CommandLineTools/SDKs/MacOSX.sdk/usr/include/runetype.h function __CPROVER_initialize line 114 thread 0
----------------------------------------------------
  _DefaultRuneLocale.__encoding[3l]=0 (00000000)

State 22 file /Library/Developer/CommandLineTools/SDKs/MacOSX.sdk/usr/include/runetype.h function __CPROVER_initialize line 114 thread 0
----------------------------------------------------
  _DefaultRuneLocale.__encoding[4l]=0 (00000000)

State 23 file /Library/Developer/CommandLineTools/SDKs/MacOSX.sdk/usr/include/runetype.h function __CPROVER_initialize line 114 thread 0
----------------------------------------------------
  _DefaultRuneLocale.__encoding[5l]=0 (00000000)

State 24 file /Library/Developer/CommandLineTools/SDKs/MacOSX.sdk/usr/include/runetype.h function __CPROVER_initialize line 114 thread 0
----------------------------------------------------
  _DefaultRuneLocale.__encoding[6l]=0 (00000000)

State 25 file /Library/Developer/CommandLineTools/SDKs/MacOSX.sdk/usr/include/runetype.h function __CPROVER_initialize line 114 thread 0
----------------------------------------------------
  _DefaultRuneLocale.__encoding[7l]=0 (00000000)

State 26 file /Library/Developer/CommandLineTools/SDKs/MacOSX.sdk/usr/include/runetype.h function __CPROVER_initialize line 114 thread 0
----------------------------------------------------
  _DefaultRuneLocale.__encoding[8l]=0 (00000000)

State 27 file /Library/Developer/CommandLineTools/SDKs/MacOSX.sdk/usr/include/runetype.h function __CPROVER_initialize line 114 thread 0
----------------------------------------------------
  _DefaultRuneLocale.__encoding[9l]=0 (00000000)

State 28 file /Library/Developer/CommandLineTools/SDKs/MacOSX.sdk/usr/include/runetype.h function __CPROVER_initialize line 114 thread 0
----------------------------------------------------
  _DefaultRuneLocale.__encoding[10l]=0 (00000000)

State 29 file /Library/Developer/CommandLineTools/SDKs/MacOSX.sdk/usr/include/runetype.h function __CPROVER_initialize line 114 thread 0
----------------------------------------------------
  _DefaultRuneLocale.__encoding[11l]=0 (00000000)

State 30 file /Library/Developer/CommandLineTools/SDKs/MacOSX.sdk/usr/include/runetype.h function __CPROVER_initialize line 114 thread 0
----------------------------------------------------
  _DefaultRuneLocale.__encoding[12l]=0 (00000000)

State 31 file /Library/Developer/CommandLineTools/SDKs/MacOSX.sdk/usr/include/runetype.h function __CPROVER_initialize line 114 thread 0
----------------------------------------------------
  _DefaultRuneLocale.__encoding[13l]=0 (00000000)

State 32 file /Library/Developer/CommandLineTools/SDKs/MacOSX.sdk/usr/include/runetype.h function __CPROVER_initialize line 114 thread 0
----------------------------------------------------
  _DefaultRuneLocale.__encoding[14l]=0 (00000000)

State 33 file /Library/Developer/CommandLineTools/SDKs/MacOSX.sdk/usr/include/runetype.h function __CPROVER_initialize line 114 thread 0
----------------------------------------------------
  _DefaultRuneLocale.__encoding[15l]=0 (00000000)

State 34 file /Library/Developer/CommandLineTools/SDKs/MacOSX.sdk/usr/include/runetype.h function __CPROVER_initialize line 114 thread 0
----------------------------------------------------
  _DefaultRuneLocale.__encoding[16l]=0 (00000000)

State 35 file /Library/Developer/CommandLineTools/SDKs/MacOSX.sdk/usr/include/runetype.h function __CPROVER_initialize line 114 thread 0
----------------------------------------------------
  _DefaultRuneLocale.__encoding[17l]=0 (00000000)

State 36 file /Library/Developer/CommandLineTools/SDKs/MacOSX.sdk/usr/include/runetype.h function __CPROVER_initialize line 114 thread 0
----------------------------------------------------
  _DefaultRuneLocale.__encoding[18l]=0 (00000000)

State 37 file /Library/Developer/CommandLineTools/SDKs/MacOSX.sdk/usr/include/runetype.h function __CPROVER_initialize line 114 thread 0
----------------------------------------------------
  _DefaultRuneLocale.__encoding[19l]=0 (00000000)

State 38 file /Library/Developer/CommandLineTools/SDKs/MacOSX.sdk/usr/include/runetype.h function __CPROVER_initialize line 114 thread 0
----------------------------------------------------
  _DefaultRuneLocale.__encoding[20l]=0 (00000000)

State 39 file /Library/Developer/CommandLineTools/SDKs/MacOSX.sdk/usr/include/runetype.h function __CPROVER_initialize line 114 thread 0
----------------------------------------------------
  _DefaultRuneLocale.__encoding[21l]=0 (00000000)

State 40 file /Library/Developer/CommandLineTools/SDKs/MacOSX.sdk/usr/include/runetype.h function __CPROVER_initialize line 114 thread 0
----------------------------------------------------
  _DefaultRuneLocale.__encoding[22l]=0 (00000000)

State 41 file /Library/Developer/CommandLineTools/SDKs/MacOSX.sdk/usr/include/runetype.h function __CPROVER_initialize line 114 thread 0
----------------------------------------------------
  _DefaultRuneLocale.__encoding[23l]=0 (00000000)

State 42 file /Library/Developer/CommandLineTools/SDKs/MacOSX.sdk/usr/include/runetype.h function __CPROVER_initialize line 114 thread 0
----------------------------------------------------
  _DefaultRuneLocale.__encoding[24l]=0 (00000000)

State 43 file /Library/Developer/CommandLineTools/SDKs/MacOSX.sdk/usr/include/runetype.h function __CPROVER_initialize line 114 thread 0
----------------------------------------------------
  _DefaultRuneLocale.__encoding[25l]=0 (00000000)

State 44 file /Library/Developer/CommandLineTools/SDKs/MacOSX.sdk/usr/include/runetype.h function __CPROVER_initialize line 114 thread 0
----------------------------------------------------
  _DefaultRuneLocale.__encoding[26l]=0 (00000000)

State 45 file /Library/Developer/CommandLineTools/SDKs/MacOSX.sdk/usr/include/runetype.h function __CPROVER_initialize line 114 thread 0
----------------------------------------------------
  _DefaultRuneLocale.__encoding[27l]=0 (00000000)

State 46 file /Library/Developer/CommandLineTools/SDKs/MacOSX.sdk/usr/include/runetype.h function __CPROVER_initialize line 114 thread 0
----------------------------------------------------
  _DefaultRuneLocale.__encoding[28l]=0 (00000000)

State 47 file /Library/Developer/CommandLineTools/SDKs/MacOSX.sdk/usr/include/runetype.h function __CPROVER_initialize line 114 thread 0
----------------------------------------------------
  _DefaultRuneLocale.__encoding[29l]=0 (00000000)

State 48 file /Library/Developer/CommandLineTools/SDKs/MacOSX.sdk/usr/include/runetype.h function __CPROVER_initialize line 114 thread 0
----------------------------------------------------
  _DefaultRuneLocale.__encoding[30l]=0 (00000000)

State 49 file /Library/Developer/CommandLineTools/SDKs/MacOSX.sdk/usr/include/runetype.h function __CPROVER_initialize line 114 thread 0
----------------------------------------------------
  _DefaultRuneLocale.__encoding[31l]=0 (00000000)

State 76 file cbmc/harness_msgpack_cbmc.c function main line 90 thread 0
----------------------------------------------------
  src={ 0, 0, 0, 0, 0, 0, 0, 0, 0, 0, 0, 0 } ({ 00000000, 00000000, 00000000, 00000000, 00000000, 00000000, 00000000, 00000000, 00000000, 00000000, 00000000, 00000000 })

State 77 file cbmc/harness_msgpack_cbmc.c function main line 91 thread 0
----------------------------------------------------
  src_len=12ul (00000000 00000000 00000000 00000000 00000000 00000000 00000000 00001100)

Assumption:
  file cbmc/harness_msgpack_cbmc.c line 92 function main
  src_len <= (unsigned long int)12

State 80 file cbmc/harness_msgpack_cbmc.c function main line 93 thread 0
----------------------------------------------------
  i=0ul (00000000 00000000 00000000 00000000 00000000 00000000 00000000 00000000)

State 83 file cbmc/harness_msgpack_cbmc.c function main line 94 thread 0
----------------------------------------------------
  return_value_nondet_char=-84 (10101100)

State 84 file cbmc/harness_msgpack_cbmc.c function main line 94 thread 0
----------------------------------------------------
  src[0l]=-84 (10101100)

State 85 file cbmc/harness_msgpack_cbmc.c function main line 93 thread 0
----------------------------------------------------
  i=1ul (00000000 00000000 00000000 00000000 00000000 00000000 00000000 00000001)

State 89 file cbmc/harness_msgpack_cbmc.c function main line 94 thread 0
----------------------------------------------------
  return_value_nondet_char=0 (00000000)

State 90 file cbmc/harness_msgpack_cbmc.c function main line 94 thread 0
----------------------------------------------------
  src[1l]=0 (00000000)

State 91 file cbmc/harness_msgpack_cbmc.c function main line 93 thread 0
----------------------------------------------------
  i=2ul (00000000 00000000 00000000 00000000 00000000 00000000 00000000 00000010)

State 95 file cbmc/harness_msgpack_cbmc.c function main line 94 thread 0
----------------------------------------------------
  return_value_nondet_char=0 (00000000)

State 96 file cbmc/harness_msgpack_cbmc.c function main line 94 thread 0
----------------------------------------------------
  src[2l]=0 (00000000)

State 97 file cbmc/harness_msgpack_cbmc.c function main line 93 thread 0
----------------------------------------------------
  i=3ul (00000000 00000000 00000000 00000000 00000000 00000000 00000000 00000011)

State 101 file cbmc/harness_msgpack_cbmc.c function main line 94 thread 0
----------------------------------------------------
  return_value_nondet_char=0 (00000000)

State 102 file cbmc/harness_msgpack_cbmc.c function main line 94 thread 0
----------------------------------------------------
  src[3l]=0 (00000000)

State 103 file cbmc/harness_msgpack_cbmc.c function main line 93 thread 0
----------------------------------------------------
  i=4ul (00000000 00000000 00000000 00000000 00000000 00000000 00000000 00000100)

State 107 file cbmc/harness_msgpack_cbmc.c function main line 94 thread 0
----------------------------------------------------
  return_value_nondet_char=0 (00000000)

State 108 file cbmc/harness_msgpack_cbmc.c function main line 94 thread 0
----------------------------------------------------
  src[4l]=0 (00000000)

State 109 file cbmc/harness_msgpack_cbmc.c function main line 93 thread 0
----------------------------------------------------
  i=5ul (00000000 00000000 00000000 00000000 00000000 00000000 00000000 00000101)

State 113 file cbmc/harness_msgpack_cbmc.c function main line 94 thread 0
----------------------------------------------------
  return_value_nondet_char=0 (00000000)

State 114 file cbmc/harness_msgpack_cbmc.c function main line 94 thread 0
----------------------------------------------------
  src[5l]=0 (00000000)

State 115 file cbmc/harness_msgpack_cbmc.c function main line 93 thread 0
----------------------------------------------------
  i=6ul (00000000 00000000 00000000 00000000 00000000 00000000 00000000 00000110)

State 119 file cbmc/harness_msgpack_cbmc.c function main line 94 thread 0
----------------------------------------------------
  return_value_nondet_char=0 (00000000)

State 120 file cbmc/harness_msgpack_cbmc.c function main line 94 thread 0
----------------------------------------------------
  src[6l]=0 (00000000)

State 121 file cbmc/harness_msgpack_cbmc.c function main line 93 thread 0
----------------------------------------------------
  i=7ul (00000000 00000000 00000000 00000000 00000000 00000000 00000000 00000111)

State 125 file cbmc/harness_msgpack_cbmc.c function main line 94 thread 0
----------------------------------------------------
  return_value_nondet_char=0 (00000000)

State 126 file cbmc/harness_msgpack_cbmc.c function main line 94 thread 0
----------------------------------------------------
  src[7l]=0 (00000000)

State 127 file cbmc/harness_msgpack_cbmc.c function main line 93 thread 0
----------------------------------------------------
  i=8ul (00000000 00000000 00000000 00000000 00000000 00000000 00000000 00001000)

State 131 file cbmc/harness_msgpack_cbmc.c function main line 94 thread 0
----------------------------------------------------
  return_value_nondet_char=0 (00000000)

State 132 file cbmc/harness_msgpack_cbmc.c function main line 94 thread 0
----------------------------------------------------
  src[8l]=0 (00000000)

State 133 file cbmc/harness_msgpack_cbmc.c function main line 93 thread 0
----------------------------------------------------
  i=9ul (00000000 00000000 00000000 00000000 00000000 00000000 00000000 00001001)

State 137 file cbmc/harness_msgpack_cbmc.c function main line 94 thread 0
----------------------------------------------------
  return_value_nondet_char=0 (00000000)

State 138 file cbmc/harness_msgpack_cbmc.c function main line 94 thread 0
----------------------------------------------------
  src[9l]=0 (00000000)

State 139 file cbmc/harness_msgpack_cbmc.c function main line 93 thread 0
----------------------------------------------------
  i=10ul (00000000 00000000 00000000 00000000 00000000 00000000 00000000 00001010)

State 143 file cbmc/harness_msgpack_cbmc.c function main line 94 thread 0
----------------------------------------------------
  return_value_nondet_char=0 (00000000)

State 144 file cbmc/harness_msgpack_cbmc.c function main line 94 thread 0
----------------------------------------------------
  src[10l]=0 (00000000)

State 145 file cbmc/harness_msgpack_cbmc.c function main line 93 thread 0
----------------------------------------------------
  i=11ul (00000000 00000000 00000000 00000000 00000000 00000000 00000000 00001011)

State 149 file cbmc/harness_msgpack_cbmc.c function main line 94 thread 0
----------------------------------------------------
  return_value_nondet_char=0 (00000000)

State 150 file cbmc/harness_msgpack_cbmc.c function main line 94 thread 0
----------------------------------------------------
  src[11l]=0 (00000000)

State 151 file cbmc/harness_msgpack_cbmc.c function main line 93 thread 0
----------------------------------------------------
  i=12ul (00000000 00000000 00000000 00000000 00000000 00000000 00000000 00001100)

State 155 file cbmc/harness_msgpack_cbmc.c function main line 98 thread 0
----------------------------------------------------
  data=src!0@1 (00000010 00000000 00000000 00000000 00000000 00000000 00000000 00000000)

State 157 file cbmc/harness_msgpack_cbmc.c function main line 99 thread 0
----------------------------------------------------
  size=12ul (00000000 00000000 00000000 00000000 00000000 00000000 00000000 00001100)

State 158 file cbmc/harness_msgpack_cbmc.c function main line 100 thread 0
----------------------------------------------------
  result=0l (00000000 00000000 00000000 00000000 00000000 00000000 00000000 00000000)

State 161 file cbmc/harness_msgpack_cbmc.c function main line 101 thread 0
----------------------------------------------------
  data=&data!0@1 (00000011 00000000 00000000 00000000 00000000 00000000 00000000 00000000)

State 162 file cbmc/harness_msgpack_cbmc.c function main line 101 thread 0
----------------------------------------------------
  size=&size!0@1 (00000100 00000000 00000000 00000000 00000000 00000000 00000000 00000000)

State 163 file cbmc/harness_msgpack_cbmc.c function main line 101 thread 0
----------------------------------------------------
  res=&result!0@1 (00000101 00000000 00000000 00000000 00000000 00000000 00000000 00000000)

State 164 file neovim/src/nvim/msgpack_rpc/unpacker.c function unpack_integer line 569 thread 0
----------------------------------------------------
  tok={ .type=/*enum*/0, .length=5u, .data={ .value={ .lo=0u, .hi=0u } } } ({ 00000000 00000000 00000000 00000000, 00000000 00000000 00000000 00000101, { 00000000 00000000 00000000 00000000, 00000000 00000000 00000000 00000000 } })

State 169 file neovim/src/nvim/msgpack_rpc/unpacker.c function unpack_integer line 570 thread 0
----------------------------------------------------
  buf=&data!0@1 (00000011 00000000 00000000 00000000 00000000 00000000 00000000 00000000)

State 170 file neovim/src/nvim/msgpack_rpc/unpacker.c function unpack_integer line 570 thread 0
----------------------------------------------------
  buflen=&size!0@1 (00000100 00000000 00000000 00000000 00000000 00000000 00000000 00000000)

State 171 file neovim/src/nvim/msgpack_rpc/unpacker.c function unpack_integer line 570 thread 0
----------------------------------------------------
  tok=&tok!0@1 (00000110 00000000 00000000 00000000 00000000 00000000 00000000 00000000)

State 175 file neovim/src/mpack/mpack_core.c function mpack_rtoken line 176 thread 0
----------------------------------------------------
  size=11ul (00000000 00000000 00000000 00000000 00000000 00000000 00000000 00001011)

State 177 file neovim/src/mpack/mpack_core.c function mpack_rtoken line 176 thread 0
----------------------------------------------------
  tmp_post=src!0@1 (00000010 00000000 00000000 00000000 00000000 00000000 00000000 00000000)

State 178 file neovim/src/mpack/mpack_core.c function mpack_rtoken line 176 thread 0
----------------------------------------------------
  data=src!0@1 + 1l (00000010 00000000 00000000 00000000 00000000 00000000 00000000 00000001)

State 179 file neovim/src/mpack/mpack_core.c function mpack_rtoken line 176 thread 0
----------------------------------------------------
  t=172 (10101100)

State 187 file neovim/src/mpack/mpack_core.c function mpack_rtoken line 188 thread 0
----------------------------------------------------
  type=/*enum*/MPACK_TOKEN_STR (00000000 00000000 00000000 00001010)

State 188 file neovim/src/mpack/mpack_core.c function mpack_rtoken line 188 thread 0
----------------------------------------------------
  length=12u (00000000 00000000 00000000 00001100)

State 189 file neovim/src/mpack/mpack_core.c function mpack_rtoken line 188 thread 0
----------------------------------------------------
  ext_type=0 (00000000 00000000 00000000 00000000)

State 190 file neovim/src/mpack/mpack_core.c function mpack_rtoken line 188 thread 0
----------------------------------------------------
  tok=&tok!0@1 (00000110 00000000 00000000 00000000 00000000 00000000 00000000 00000000)

State 191 file neovim/src/mpack/mpack_core.c function mpack_blob line 566 thread 0
----------------------------------------------------
  tok.type=/*enum*/MPACK_TOKEN_STR (00000000 00000000 00000000 00001010)

State 192 file neovim/src/mpack/mpack_core.c function mpack_blob line 567 thread 0
----------------------------------------------------
  tok.length=12u (00000000 00000000 00000000 00001100)

State 193 file neovim/src/mpack/mpack_core.c function mpack_blob line 568 thread 0
----------------------------------------------------
  byte_extract_little_endian(tok.data.value.lo, 0l, signed int)=0 (00000000 00000000 00000000 00000000)

State 194 file neovim/src/mpack/mpack_core.c function mpack_blob line 568 thread 0
----------------------------------------------------
  tok.data.value={ .lo=0u, .hi=0u } ({ 00000000 00000000 00000000 00000000, 00000000 00000000 00000000 00000000 })

State 195 file neovim/src/mpack/mpack_core.c function mpack_blob line 568 thread 0
----------------------------------------------------
  tok.data.value.lo=0u (00000000 00000000 00000000 00000000)

State 196 file neovim/src/mpack/mpack_core.c function mpack_blob line 568 thread 0
----------------------------------------------------
  tok.data.value.hi=0u (00000000 00000000 00000000 00000000)

State 197 file neovim/src/mpack/mpack_core.c function mpack_blob line 568 thread 0
----------------------------------------------------
  tok.data.chunk_ptr=((char *)NULL) (00000000 00000000 00000000 00000000 00000000 00000000 00000000 00000000)

State 198 file neovim/src/mpack/mpack_core.c function mpack_blob line 568 thread 0
----------------------------------------------------
  tok.data.ext_type=0 (00000000 00000000 00000000 00000000)

State 199 file neovim/src/mpack/mpack_core.c function mpack_blob line 569 thread 0
----------------------------------------------------
  goto_symex$$return_value$$mpack_blob=0 (00000000 00000000 00000000 00000000)

State 201 file neovim/src/mpack/mpack_core.c function mpack_rtoken line 188 thread 0
----------------------------------------------------
  return_value_mpack_blob$1=0 (00000000 00000000 00000000 00000000)

State 202 file neovim/src/mpack/mpack_core.c function mpack_rtoken line 188 thread 0
----------------------------------------------------
  goto_symex$$return_value$$mpack_rtoken=0 (00000000 00000000 00000000 00000000)

State 205 file neovim/src/nvim/msgpack_rpc/unpacker.c function unpack_integer line 570 thread 0
----------------------------------------------------
  return_value_mpack_rtoken=0 (00000000 00000000 00000000 00000000)

State 206 file neovim/src/nvim/msgpack_rpc/unpacker.c function unpack_integer line 570 thread 0
----------------------------------------------------
  result=0 (00000000 00000000 00000000 00000000)

State 211 file neovim/src/nvim/msgpack_rpc/unpacker.c function unpack_integer line 574 thread 0
----------------------------------------------------
  tok.type=/*enum*/MPACK_TOKEN_STR (00000000 00000000 00000000 00001010)

State 212 file neovim/src/nvim/msgpack_rpc/unpacker.c function unpack_integer line 574 thread 0
----------------------------------------------------
  tok.length=12u (00000000 00000000 00000000 00001100)

State 213 file neovim/src/nvim/msgpack_rpc/unpacker.c function unpack_integer line 574 thread 0
----------------------------------------------------
  tok.data={ .value={ .lo=0u, .hi=0u } } ({ 00000000 00000000 00000000 00000000, 00000000 00000000 00000000 00000000 })

State 214 file neovim/src/nvim/msgpack_rpc/unpacker.c function unpack_integer line 574 thread 0
----------------------------------------------------
  tok.data.value={ .lo=0u, .hi=0u } ({ 00000000 00000000 00000000 00000000, 00000000 00000000 00000000 00000000 })

State 215 file neovim/src/nvim/msgpack_rpc/unpacker.c function unpack_integer line 574 thread 0
----------------------------------------------------
  tok.data.value.lo=0u (00000000 00000000 00000000 00000000)

State 216 file neovim/src/nvim/msgpack_rpc/unpacker.c function unpack_integer line 574 thread 0
----------------------------------------------------
  tok.data.value.hi=0u (00000000 00000000 00000000 00000000)

State 217 file neovim/src/nvim/msgpack_rpc/unpacker.c function unpack_integer line 574 thread 0
----------------------------------------------------
  tok.data.chunk_ptr=((char *)NULL) (00000000 00000000 00000000 00000000 00000000 00000000 00000000 00000000)

State 218 file neovim/src/nvim/msgpack_rpc/unpacker.c function unpack_integer line 574 thread 0
----------------------------------------------------
  tok.data.ext_type=0 (00000000 00000000 00000000 00000000)

State 219 file neovim/src/nvim/msgpack_rpc/unpacker.c function unpack_integer line 574 thread 0
----------------------------------------------------
  res=&result!0@1 (00000101 00000000 00000000 00000000 00000000 00000000 00000000 00000000)

State 222 file neovim/src/nvim/msgpack_rpc/unpacker.c function unpack_uint_or_sint line 586 thread 0
----------------------------------------------------
  goto_symex$$return_value$$unpack_uint_or_sint=FALSE (00000000)

State 224 file neovim/src/nvim/msgpack_rpc/unpacker.c function unpack_integer line 574 thread 0
----------------------------------------------------
  return_value_unpack_uint_or_sint=FALSE (00000000)

State 225 file neovim/src/nvim/msgpack_rpc/unpacker.c function unpack_integer line 574 thread 0
----------------------------------------------------
  __CPROVER_dead_object=(const void *)&tok!0@1.type (00000110 00000000 00000000 00000000 00000000 00000000 00000000 00000000)

State 227 file cbmc/harness_msgpack_cbmc.c function main line 102 thread 0
----------------------------------------------------
  __CPROVER_dead_object=(const void *)&result!0@1 (00000101 00000000 00000000 00000000 00000000 00000000 00000000 00000000)

State 228 file cbmc/harness_msgpack_cbmc.c function main line 102 thread 0
----------------------------------------------------
  __CPROVER_dead_object=(const void *)&result!0@1 (00000101 00000000 00000000 00000000 00000000 00000000 00000000 00000000)

State 229 file cbmc/harness_msgpack_cbmc.c function main line 102 thread 0
----------------------------------------------------
  __CPROVER_dead_object=(const void *)&data!0@1 (00000011 00000000 00000000 00000000 00000000 00000000 00000000 00000000)

State 231 file cbmc/harness_msgpack_cbmc.c function main line 104 thread 0
----------------------------------------------------
  data=src!0@1 (00000010 00000000 00000000 00000000 00000000 00000000 00000000 00000000)

State 233 file cbmc/harness_msgpack_cbmc.c function main line 105 thread 0
----------------------------------------------------
  size=12ul (00000000 00000000 00000000 00000000 00000000 00000000 00000000 00001100)

State 236 file cbmc/harness_msgpack_cbmc.c function main line 106 thread 0
----------------------------------------------------
  data=&data!0@1 (00001100 00000000 00000000 00000000 00000000 00000000 00000000 00000000)

State 237 file cbmc/harness_msgpack_cbmc.c function main line 106 thread 0
----------------------------------------------------
  size=&size!0@1 (00001101 00000000 00000000 00000000 00000000 00000000 00000000 00000000)

State 239 file neovim/src/nvim/msgpack_rpc/unpacker.c function unpack_string line 536 thread 0
----------------------------------------------------
  data2=src!0@1 (00000010 00000000 00000000 00000000 00000000 00000000 00000000 00000000)

State 241 file neovim/src/nvim/msgpack_rpc/unpacker.c function unpack_string line 537 thread 0
----------------------------------------------------
  size2=12ul (00000000 00000000 00000000 00000000 00000000 00000000 00000000 00001100)

State 242 file neovim/src/nvim/msgpack_rpc/unpacker.c function unpack_string line 538 thread 0
----------------------------------------------------
  tok={ .type=/*enum*/MPACK_TOKEN_NIL, .length=0u, .data={ .value={ .lo=0u, .hi=0u } } } ({ 00000000 00000000 00000000 00000001, 00000000 00000000 00000000 00000000, { 00000000 00000000 00000000 00000000, 00000000 00000000 00000000 00000000 } })

State 247 file neovim/src/nvim/msgpack_rpc/unpacker.c function unpack_string line 541 thread 0
----------------------------------------------------
  buf=&data2!0@1 (00001110 00000000 00000000 00000000 00000000 00000000 00000000 00000000)

State 248 file neovim/src/nvim/msgpack_rpc/unpacker.c function unpack_string line 541 thread 0
----------------------------------------------------
  buflen=&size2!0@1 (00001111 00000000 00000000 00000000 00000000 00000000 00000000 00000000)

State 249 file neovim/src/nvim/msgpack_rpc/unpacker.c function unpack_string line 541 thread 0
----------------------------------------------------
  tok=&tok!0@1 (00010000 00000000 00000000 00000000 00000000 00000000 00000000 00000000)

State 253 file neovim/src/mpack/mpack_core.c function mpack_rtoken line 176 thread 0
----------------------------------------------------
  size2=11ul (00000000 00000000 00000000 00000000 00000000 00000000 00000000 00001011)

State 255 file neovim/src/mpack/mpack_core.c function mpack_rtoken line 176 thread 0
----------------------------------------------------
  tmp_post=src!0@1 (00000010 00000000 00000000 00000000 00000000 00000000 00000000 00000000)

State 256 file neovim/src/mpack/mpack_core.c function mpack_rtoken line 176 thread 0
----------------------------------------------------
  data2=src!0@1 + 1l (00000010 00000000 00000000 00000000 00000000 00000000 00000000 00000001)

State 257 file neovim/src/mpack/mpack_core.c function mpack_rtoken line 176 thread 0
----------------------------------------------------
  t=172 (10101100)

State 265 file neovim/src/mpack/mpack_core.c function mpack_rtoken line 188 thread 0
----------------------------------------------------
  type=/*enum*/MPACK_TOKEN_STR (00000000 00000000 00000000 00001010)

State 266 file neovim/src/mpack/mpack_core.c function mpack_rtoken line 188 thread 0
----------------------------------------------------
  length=12u (00000000 00000000 00000000 00001100)

State 267 file neovim/src/mpack/mpack_core.c function mpack_rtoken line 188 thread 0
----------------------------------------------------
  ext_type=0 (00000000 00000000 00000000 00000000)

State 268 file neovim/src/mpack/mpack_core.c function mpack_rtoken line 188 thread 0
----------------------------------------------------
  tok=&tok!0@1 (00010000 00000000 00000000 00000000 00000000 00000000 00000000 00000000)

State 269 file neovim/src/mpack/mpack_core.c function mpack_blob line 566 thread 0
----------------------------------------------------
  tok.type=/*enum*/MPACK_TOKEN_STR (00000000 00000000 00000000 00001010)

State 270 file neovim/src/mpack/mpack_core.c function mpack_blob line 567 thread 0
----------------------------------------------------
  tok.length=12u (00000000 00000000 00000000 00001100)

State 271 file neovim/src/mpack/mpack_core.c function mpack_blob line 568 thread 0
----------------------------------------------------
  byte_extract_little_endian(tok.data.value.lo, 0l, signed int)=0 (00000000 00000000 00000000 00000000)

State 272 file neovim/src/mpack/mpack_core.c function mpack_blob line 568 thread 0
----------------------------------------------------
  tok.data.value={ .lo=0u, .hi=0u } ({ 00000000 00000000 00000000 00000000, 00000000 00000000 00000000 00000000 })

State 273 file neovim/src/mpack/mpack_core.c function mpack_blob line 568 thread 0
----------------------------------------------------
  tok.data.value.lo=0u (00000000 00000000 00000000 00000000)

State 274 file neovim/src/mpack/mpack_core.c function mpack_blob line 568 thread 0
----------------------------------------------------
  tok.data.value.hi=0u (00000000 00000000 00000000 00000000)

State 275 file neovim/src/mpack/mpack_core.c function mpack_blob line 568 thread 0
----------------------------------------------------
  tok.data.chunk_ptr=((char *)NULL) (00000000 00000000 00000000 00000000 00000000 00000000 00000000 00000000)

State 276 file neovim/src/mpack/mpack_core.c function mpack_blob line 568 thread 0
----------------------------------------------------
  tok.data.ext_type=0 (00000000 00000000 00000000 00000000)

State 277 file neovim/src/mpack/mpack_core.c function mpack_blob line 569 thread 0
----------------------------------------------------
  goto_symex$$return_value$$mpack_blob=0 (00000000 00000000 00000000 00000000)

State 279 file neovim/src/mpack/mpack_core.c function mpack_rtoken line 188 thread 0
----------------------------------------------------
  return_value_mpack_blob$1=0 (00000000 00000000 00000000 00000000)

State 280 file neovim/src/mpack/mpack_core.c function mpack_rtoken line 188 thread 0
----------------------------------------------------
  goto_symex$$return_value$$mpack_rtoken=0 (00000000 00000000 00000000 00000000)

State 283 file neovim/src/nvim/msgpack_rpc/unpacker.c function unpack_string line 541 thread 0
----------------------------------------------------
  return_value_mpack_rtoken=0 (00000000 00000000 00000000 00000000)

State 284 file neovim/src/nvim/msgpack_rpc/unpacker.c function unpack_string line 541 thread 0
----------------------------------------------------
  result=0 (00000000 00000000 00000000 00000000)

State 287 file neovim/src/nvim/msgpack_rpc/unpacker.c function unpack_string line 549 thread 0
----------------------------------------------------
  data=src!0@1 + 13l (00000010 00000000 00000000 00000000 00000000 00000000 00000000 00001101)

Violated property:
  file neovim/src/nvim/msgpack_rpc/unpacker.c function unpack_string line 550 thread 0
  arithmetic overflow on unsigned - in size2 - (unsigned long int)tok.length
  !overflow("-", size_t, size2, (unsigned long int)tok.length)



** 1 of 4377 failed (2 iterations)
VERIFICATION FAILED
