desc: --massif-out-file=massif.out
cmd: /work/neovim/build/bin/nvim --headless -u NONE -l /work/workload.lua
time_unit: i
#-----------
snapshot=0
#-----------
time=0
mem_heap_B=0
mem_heap_extra_B=0
mem_stacks_B=0
heap_tree=empty
#-----------
snapshot=1
#-----------
time=56055696
mem_heap_B=1563233
mem_heap_extra_B=47263
mem_stacks_B=0
heap_tree=empty
#-----------
snapshot=2
#-----------
time=118715725
mem_heap_B=9877123
mem_heap_extra_B=73773
mem_stacks_B=0
heap_tree=detailed
n3: 9877123 (heap allocation functions) malloc/new/new[], --alloc-fns, etc.
 n2: 9663474 0x403BD7: try_malloc (memory.c:113)
  n4: 9663474 0x403C5B: xmalloc (memory.c:147)
   n1: 5197824 0x404BCB: alloc_block (memory.c:717)
    n2: 5197824 0x404BEF: arena_alloc_block (memory.c:724)
     n1: 5189632 0x404D93: arena_alloc (memory.c:768)
      n1: 5189632 0x404F13: arena_allocz (memory.c:810)
       n3: 5189632 0x404F53: arena_memdupz (memory.c:818)
        n1: 2588672 0x1B5D8F: nvim_buf_set_lines (buffer.c:366)
         n1: 2588672 0x38FB47: nlua_api_nvim_buf_set_lines (lua_api_c_bindings.generated.h:612)
          n1: 2588672 0x667DD3: lj_BC_FUNCC (in /work/neovim/build/bin/nvim)
           n1: 2588672 0x65401F: lua_pcall (lj_api.c:1135)
            n1: 2588672 0x3B111F: nlua_pcall (executor.c:183)
             n1: 2588672 0x3B5DF3: nlua_exec_file (executor.c:1954)
              n0: 2588672 0x3C28C7: main (main.c:679)
        n1: 2588672 0x1E7757: arena_string (helpers.c:525)
         n1: 2588672 0x3AFED3: nlua_pop_Object (converter.c:1125)
          n1: 2588672 0x3AF2FB: nlua_pop_Array_unchecked (converter.c:947)
           n1: 2588672 0x3AF47F: nlua_pop_Array (converter.c:972)
            n1: 2588672 0x38F9E3: nlua_api_nvim_buf_set_lines (lua_api_c_bindings.generated.h:581)
             n1: 2588672 0x667DD3: lj_BC_FUNCC (in /work/neovim/build/bin/nvim)
              n1: 2588672 0x65401F: lua_pcall (lj_api.c:1135)
               n1: 2588672 0x3B111F: nlua_pcall (executor.c:183)
                n1: 2588672 0x3B5DF3: nlua_exec_file (executor.c:1954)
                 n0: 2588672 0x3C28C7: main (main.c:679)
        n0: 12288 in 1 place, below massif's threshold (1.00%)
     n0: 8192 in 1 place, below massif's threshold (1.00%)
   n1: 2789376 0x3F888B: mf_alloc_bhdr (memfile.c:496)
    n2: 2789376 0x3F80CB: mf_new (memfile.c:260)
     n2: 2764800 0x4004F7: ml_new_data (memline.c:2982)
      n1: 2760704 0x3FE26F: ml_append_int (memline.c:2186)
       n1: 2760704 0x3FEFC3: ml_append_flush (memline.c:2454)
        n1: 2760704 0x3FF0CB: ml_append_buf (memline.c:2507)
         n1: 2760704 0x1B6083: nvim_buf_set_lines (buffer.c:370)
          n1: 2760704 0x38FB47: nlua_api_nvim_buf_set_lines (lua_api_c_bindings.generated.h:612)
           n1: 2760704 0x667DD3: lj_BC_FUNCC (in /work/neovim/build/bin/nvim)
            n1: 2760704 0x65401F: lua_pcall (lj_api.c:1135)
             n1: 2760704 0x3B111F: nlua_pcall (executor.c:183)
              n1: 2760704 0x3B5DF3: nlua_exec_file (executor.c:1954)
               n0: 2760704 0x3C28C7: main (main.c:679)
      n0: 4096 in 1 place, below massif's threshold (1.00%)
     n0: 24576 in 2 places, all below massif's threshold (1.00%)
   n2: 1600016 0x404D47: arena_alloc (memory.c:758)
    n1: 1280008 0x1E767F: arena_array (helpers.c:511)
     n1: 1280008 0x3AF28B: nlua_pop_Array_unchecked (converter.c:935)
      n1: 1280008 0x3AF47F: nlua_pop_Array (converter.c:972)
       n1: 1280008 0x38F9E3: nlua_api_nvim_buf_set_lines (lua_api_c_bindings.generated.h:581)
        n1: 1280008 0x667DD3: lj_BC_FUNCC (in /work/neovim/build/bin/nvim)
         n1: 1280008 0x65401F: lua_pcall (lj_api.c:1135)
          n1: 1280008 0x3B111F: nlua_pcall (executor.c:183)
           n1: 1280008 0x3B5DF3: nlua_exec_file (executor.c:1954)
            n0: 1280008 0x3C28C7: main (main.c:679)
    n1: 320008 0x1B5D3F: nvim_buf_set_lines (buffer.c:359)
     n1: 320008 0x38FB47: nlua_api_nvim_buf_set_lines (lua_api_c_bindings.generated.h:612)
      n1: 320008 0x667DD3: lj_BC_FUNCC (in /work/neovim/build/bin/nvim)
       n1: 320008 0x65401F: lua_pcall (lj_api.c:1135)
        n1: 320008 0x3B111F: nlua_pcall (executor.c:183)
         n1: 320008 0x3B5DF3: nlua_exec_file (executor.c:1954)
          n0: 320008 0x3C28C7: main (main.c:679)
   n0: 76258 in 38 places, all below massif's threshold (1.00%)
  n0: 0 in 1 place, below massif's threshold (1.00%)
 n0: 113292 in 25 places, all below massif's threshold (1.00%)
 n1: 100357 0x403DBF: xrealloc (memory.c:193)
  n0: 100357 in 25 places, all below massif's threshold (1.00%)
#-----------
snapshot=3
#-----------
time=212762688
mem_heap_B=4056732
mem_heap_extra_B=82820
mem_stacks_B=0
heap_tree=empty
#-----------
snapshot=4
#-----------
time=263013782
mem_heap_B=4255738
mem_heap_extra_B=125494
mem_stacks_B=0
heap_tree=empty
#-----------
snapshot=5
#-----------
time=346213052
mem_heap_B=4543475
mem_heap_extra_B=189413
mem_stacks_B=0
heap_tree=empty
#-----------
snapshot=6
#-----------
time=407397163
mem_heap_B=4662578
mem_heap_extra_B=233406
mem_stacks_B=0
heap_tree=empty
#-----------
snapshot=7
#-----------
time=499307185
mem_heap_B=5069554
mem_heap_extra_B=299006
mem_stacks_B=0
heap_tree=empty
#-----------
snapshot=8
#-----------
time=566069710
mem_heap_B=5196649
mem_heap_extra_B=345951
mem_stacks_B=0
heap_tree=empty
#-----------
snapshot=9
#-----------
time=612117149
mem_heap_B=5282008
mem_heap_extra_B=377480
mem_stacks_B=0
heap_tree=empty
#-----------
snapshot=10
#-----------
time=698911096
mem_heap_B=5890499
mem_heap_extra_B=432789
mem_stacks_B=0
heap_tree=empty
#-----------
snapshot=11
#-----------
time=792974030
mem_heap_B=6054544
mem_heap_extra_B=492944
mem_stacks_B=0
heap_tree=detailed
n4: 6054544 (heap allocation functions) malloc/new/new[], --alloc-fns, etc.
 n2: 4031090 0x403BD7: try_malloc (memory.c:113)
  n5: 4031090 0x403C5B: xmalloc (memory.c:147)
   n1: 2789376 0x3F888B: mf_alloc_bhdr (memfile.c:496)
    n2: 2789376 0x3F80CB: mf_new (memfile.c:260)
     n2: 2764800 0x4004F7: ml_new_data (memline.c:2982)
      n1: 2760704 0x3FE26F: ml_append_int (memline.c:2186)
       n1: 2760704 0x3FEFC3: ml_append_flush (memline.c:2454)
        n1: 2760704 0x3FF0CB: ml_append_buf (memline.c:2507)
         n1: 2760704 0x1B6083: nvim_buf_set_lines (buffer.c:370)
          n1: 2760704 0x38FB47: nlua_api_nvim_buf_set_lines (lua_api_c_bindings.generated.h:612)
           n1: 2760704 0x667DD3: lj_BC_FUNCC (in /work/neovim/build/bin/nvim)
            n1: 2760704 0x65401F: lua_pcall (lj_api.c:1135)
             n1: 2760704 0x3B111F: nlua_pcall (executor.c:183)
              n1: 2760704 0x3B5DF3: nlua_exec_file (executor.c:1954)
               n0: 2760704 0x3C28C7: main (main.c:679)
      n0: 4096 in 1 place, below massif's threshold (1.00%)
     n0: 24576 in 2 places, all below massif's threshold (1.00%)
   n2: 656837 0x403E53: xmallocz (memory.c:219)
    n2: 656783 0x403E8B: xmemdupz (memory.c:237)
     n2: 654836 0x40444F: xstrdup (memory.c:484)
      n2: 649184 0x593F33: u_save_line_buf (undo.c:3099)
       n2: 649183 0x58D52F: u_savecommon (undo.c:601)
        n1: 649122 0x58CAD3: u_savesub (undo.c:278)
         n1: 649122 0x2F4373: do_sub (ex_cmds.c:4361)
          n1: 649122 0x2F5FF3: ex_substitute (ex_cmds.c:4978)
           n1: 649122 0x2FDF9B: execute_cmd0 (ex_docmd.c:1795)
            n1: 649122 0x2FF90F: do_one_cmd (ex_docmd.c:2424)
             n1: 649122 0x2FB04F: do_cmdline (ex_docmd.c:690)
              n1: 649122 0x4EA963: do_source_ext (runtime.c:2403)
               n1: 649122 0x4E9CDB: do_source_str (runtime.c:2148)
                n1: 649122 0x1F67A3: exec_impl (vimscript.c:83)
                 n1: 649122 0x1F6577: nvim_exec2 (vimscript.c:59)
                  n1: 649122 0x3A44E3: nlua_api_nvim_exec2 (lua_api_c_bindings.generated.h:7735)
                   n1: 649122 0x667DD3: lj_BC_FUNCC (in /work/neovim/build/bin/nvim)
                    n1: 649122 0x65401F: lua_pcall (lj_api.c:1135)
                     n1: 649122 0x3B111F: nlua_pcall (executor.c:183)
                      n1: 649122 0x3B5DF3: nlua_exec_file (executor.c:1954)
                       n0: 649122 0x3C28C7: main (main.c:679)
        n0: 61 in 1 place, below massif's threshold (1.00%)
       n0: 1 in 1 place, below massif's threshold (1.00%)
      n0: 5652 in 23 places, all below massif's threshold (1.00%)
     n0: 1947 in 12 places, all below massif's threshold (1.00%)
    n0: 54 in 2 places, all below massif's threshold (1.00%)
   n2: 412720 0x58D413: u_savecommon (undo.c:572)
    n1: 412640 0x58CAD3: u_savesub (undo.c:278)
     n1: 412640 0x2F4373: do_sub (ex_cmds.c:4361)
      n1: 412640 0x2F5FF3: ex_substitute (ex_cmds.c:4978)
       n1: 412640 0x2FDF9B: execute_cmd0 (ex_docmd.c:1795)
        n1: 412640 0x2FF90F: do_one_cmd (ex_docmd.c:2424)
         n1: 412640 0x2FB04F: do_cmdline (ex_docmd.c:690)
          n1: 412640 0x4EA963: do_source_ext (runtime.c:2403)
           n1: 412640 0x4E9CDB: do_source_str (runtime.c:2148)
            n1: 412640 0x1F67A3: exec_impl (vimscript.c:83)
             n1: 412640 0x1F6577: nvim_exec2 (vimscript.c:59)
              n1: 412640 0x3A44E3: nlua_api_nvim_exec2 (lua_api_c_bindings.generated.h:7735)
               n1: 412640 0x667DD3: lj_BC_FUNCC (in /work/neovim/build/bin/nvim)
                n1: 412640 0x65401F: lua_pcall (lj_api.c:1135)
                 n1: 412640 0x3B111F: nlua_pcall (executor.c:183)
                  n1: 412640 0x3B5DF3: nlua_exec_file (executor.c:1954)
                   n0: 412640 0x3C28C7: main (main.c:679)
    n0: 80 in 1 place, below massif's threshold (1.00%)
   n0: 89613 in 38 places, all below massif's threshold (1.00%)
   n2: 82544 0x58D4B3: u_savecommon (undo.c:592)
    n1: 82528 0x58CAD3: u_savesub (undo.c:278)
     n1: 82528 0x2F4373: do_sub (ex_cmds.c:4361)
      n1: 82528 0x2F5FF3: ex_substitute (ex_cmds.c:4978)
       n1: 82528 0x2FDF9B: execute_cmd0 (ex_docmd.c:1795)
        n1: 82528 0x2FF90F: do_one_cmd (ex_docmd.c:2424)
         n1: 82528 0x2FB04F: do_cmdline (ex_docmd.c:690)
          n1: 82528 0x4EA963: do_source_ext (runtime.c:2403)
           n1: 82528 0x4E9CDB: do_source_str (runtime.c:2148)
            n1: 82528 0x1F67A3: exec_impl (vimscript.c:83)
             n1: 82528 0x1F6577: nvim_exec2 (vimscript.c:59)
              n1: 82528 0x3A44E3: nlua_api_nvim_exec2 (lua_api_c_bindings.generated.h:7735)
               n1: 82528 0x667DD3: lj_BC_FUNCC (in /work/neovim/build/bin/nvim)
                n1: 82528 0x65401F: lua_pcall (lj_api.c:1135)
                 n1: 82528 0x3B111F: nlua_pcall (executor.c:183)
                  n1: 82528 0x3B5DF3: nlua_exec_file (executor.c:1954)
                   n0: 82528 0x3C28C7: main (main.c:679)
    n0: 16 in 1 place, below massif's threshold (1.00%)
  n0: 0 in 1 place, below massif's threshold (1.00%)
 n5: 1281119 0x403DBF: xrealloc (memory.c:193)
  n1: 917504 0x32E2F7: extmark_splice_impl (extmark.c:638)
   n2: 917504 0x32DDC7: extmark_splice (extmark.c:546)
    n1: 917504 0x2F4437: do_sub (ex_cmds.c:4370)
     n1: 917504 0x2F5FF3: ex_substitute (ex_cmds.c:4978)
      n1: 917504 0x2FDF9B: execute_cmd0 (ex_docmd.c:1795)
       n1: 917504 0x2FF90F: do_one_cmd (ex_docmd.c:2424)
        n1: 917504 0x2FB04F: do_cmdline (ex_docmd.c:690)
         n1: 917504 0x4EA963: do_source_ext (runtime.c:2403)
          n1: 917504 0x4E9CDB: do_source_str (runtime.c:2148)
           n1: 917504 0x1F67A3: exec_impl (vimscript.c:83)
            n1: 917504 0x1F6577: nvim_exec2 (vimscript.c:59)
             n1: 917504 0x3A44E3: nlua_api_nvim_exec2 (lua_api_c_bindings.generated.h:7735)
              n1: 917504 0x667DD3: lj_BC_FUNCC (in /work/neovim/build/bin/nvim)
               n1: 917504 0x65401F: lua_pcall (lj_api.c:1135)
                n1: 917504 0x3B111F: nlua_pcall (executor.c:183)
                 n1: 917504 0x3B5DF3: nlua_exec_file (executor.c:1954)
                  n0: 917504 0x3C28C7: main (main.c:679)
    n0: 0 in 1 place, below massif's threshold (1.00%)
  n1: 131136 0x3CB85B: mh_put_uint64_t (map_key_impl.c.h:112)
   n2: 131136 0x3CBB8F: map_put_ref_uint64_t_ptr_t (map_value_impl.c.h:33)
    n1: 131072 0x3E0E1F: map_put_uint64_t_ptr_t (map_defs.h:162)
     n1: 131072 0x3E16EF: refkey (marktree.c:167)
      n2: 131072 0x3E224F: marktree_putp_aux (marktree.c:278)
       n2: 131072 0x3E239F: marktree_putp_aux (marktree.c:290)
        n2: 131072 0x3E239F: marktree_putp_aux (marktree.c:290)
         n1: 131072 0x3E239F: marktree_putp_aux (marktree.c:290)
          n1: 131072 0x3E346B: marktree_put_key (marktree.c:508)
           n1: 131072 0x3E24DB: marktree_put (marktree.c:304)
            n1: 131072 0x32BA87: extmark_set (extmark.c:95)
             n1: 131072 0x1C3BDF: nvim_buf_set_extmark (extmark.c:936)
              n1: 131072 0x397D4F: nlua_api_nvim_buf_set_extmark (lua_api_c_bindings.generated.h:3479)
               n1: 131072 0x667DD3: lj_BC_FUNCC (in /work/neovim/build/bin/nvim)
                n1: 131072 0x65401F: lua_pcall (lj_api.c:1135)
                 n1: 131072 0x3B111F: nlua_pcall (executor.c:183)
                  n1: 131072 0x3B5DF3: nlua_exec_file (executor.c:1954)
                   n0: 131072 0x3C28C7: main (main.c:679)
         n0: 0 in 1 place, below massif's threshold (1.00%)
        n0: 0 in 1 place, below massif's threshold (1.00%)
       n0: 0 in 1 place, below massif's threshold (1.00%)
    n0: 64 in 1 place, below massif's threshold (1.00%)
  n2: 131136 0x3CBBCF: map_put_ref_uint64_t_ptr_t (map_value_impl.c.h:36)
   n1: 131072 0x3E0E1F: map_put_uint64_t_ptr_t (map_defs.h:162)
    n1: 131072 0x3E16EF: refkey (marktree.c:167)
     n2: 131072 0x3E224F: marktree_putp_aux (marktree.c:278)
      n2: 131072 0x3E239F: marktree_putp_aux (marktree.c:290)
       n2: 131072 0x3E239F: marktree_putp_aux (marktree.c:290)
        n1: 131072 0x3E239F: marktree_putp_aux (marktree.c:290)
         n1: 131072 0x3E346B: marktree_put_key (marktree.c:508)
          n1: 131072 0x3E24DB: marktree_put (marktree.c:304)
           n1: 131072 0x32BA87: extmark_set (extmark.c:95)
            n1: 131072 0x1C3BDF: nvim_buf_set_extmark (extmark.c:936)
             n1: 131072 0x397D4F: nlua_api_nvim_buf_set_extmark (lua_api_c_bindings.generated.h:3479)
              n1: 131072 0x667DD3: lj_BC_FUNCC (in /work/neovim/build/bin/nvim)
               n1: 131072 0x65401F: lua_pcall (lj_api.c:1135)
                n1: 131072 0x3B111F: nlua_pcall (executor.c:183)
                 n1: 131072 0x3B5DF3: nlua_exec_file (executor.c:1954)
                  n0: 131072 0x3C28C7: main (main.c:679)
        n0: 0 in 1 place, below massif's threshold (1.00%)
       n0: 0 in 1 place, below massif's threshold (1.00%)
      n0: 0 in 1 place, below massif's threshold (1.00%)
   n0: 64 in 1 place, below massif's threshold (1.00%)
  n1: 68070 0x3477BF: ga_grow (garray.c:93)
   n0: 68070 in 9 places, all below massif's threshold (1.00%)
  n0: 33273 in 24 places, all below massif's threshold (1.00%)
 n3: 702681 0x403D27: xcalloc (memory.c:173)
  n2: 563328 0x3E2F1F: marktree_alloc_node (marktree.c:437)
   n2: 557760 0x3E178F: split_node (marktree.c:184)
    n2: 554144 0x3E22B3: marktree_putp_aux (marktree.c:282)
     n2: 509936 0x3E239F: marktree_putp_aux (marktree.c:290)
      n1: 308672 0x3E239F: marktree_putp_aux (marktree.c:290)
       n1: 308672 0x3E346B: marktree_put_key (marktree.c:508)
        n1: 308672 0x3E24DB: marktree_put (marktree.c:304)
         n1: 308672 0x32BA87: extmark_set (extmark.c:95)
          n1: 308672 0x1C3BDF: nvim_buf_set_extmark (extmark.c:936)
           n1: 308672 0x397D4F: nlua_api_nvim_buf_set_extmark (lua_api_c_bindings.generated.h:3479)
            n1: 308672 0x667DD3: lj_BC_FUNCC (in /work/neovim/build/bin/nvim)
             n1: 308672 0x65401F: lua_pcall (lj_api.c:1135)
              n1: 308672 0x3B111F: nlua_pcall (executor.c:183)
               n1: 308672 0x3B5DF3: nlua_exec_file (executor.c:1954)
                n0: 308672 0x3C28C7: main (main.c:679)
      n1: 201264 0x3E346B: marktree_put_key (marktree.c:508)
       n1: 201264 0x3E24DB: marktree_put (marktree.c:304)
        n1: 201264 0x32BA87: extmark_set (extmark.c:95)
         n1: 201264 0x1C3BDF: nvim_buf_set_extmark (extmark.c:936)
          n1: 201264 0x397D4F: nlua_api_nvim_buf_set_extmark (lua_api_c_bindings.generated.h:3479)
           n1: 201264 0x667DD3: lj_BC_FUNCC (in /work/neovim/build/bin/nvim)
            n1: 201264 0x65401F: lua_pcall (lj_api.c:1135)
             n1: 201264 0x3B111F: nlua_pcall (executor.c:183)
              n1: 201264 0x3B5DF3: nlua_exec_file (executor.c:1954)
               n0: 201264 0x3C28C7: main (main.c:679)
     n0: 44208 in 1 place, below massif's threshold (1.00%)
    n0: 3616 in 1 place, below massif's threshold (1.00%)
   n0: 5568 in 2 places, all below massif's threshold (1.00%)
  n2: 74752 0x3C797B: mh_realloc (map.c:88)
   n1: 65600 0x3CB71F: mh_put_uint64_t (map_key_impl.c.h:92)
    n2: 65600 0x3CBB8F: map_put_ref_uint64_t_ptr_t (map_value_impl.c.h:33)
     n1: 65536 0x3E0E1F: map_put_uint64_t_ptr_t (map_defs.h:162)
      n2: 65536 0x3E16EF: refkey (marktree.c:167)
       n2: 65536 0x3E224F: marktree_putp_aux (marktree.c:278)
        n2: 65536 0x3E239F: marktree_putp_aux (marktree.c:290)
         n2: 65536 0x3E239F: marktree_putp_aux (marktree.c:290)
          n1: 65536 0x3E239F: marktree_putp_aux (marktree.c:290)
           n1: 65536 0x3E346B: marktree_put_key (marktree.c:508)
            n1: 65536 0x3E24DB: marktree_put (marktree.c:304)
             n1: 65536 0x32BA87: extmark_set (extmark.c:95)
              n1: 65536 0x1C3BDF: nvim_buf_set_extmark (extmark.c:936)
               n1: 65536 0x397D4F: nlua_api_nvim_buf_set_extmark (lua_api_c_bindings.generated.h:3479)
                n1: 65536 0x667DD3: lj_BC_FUNCC (in /work/neovim/build/bin/nvim)
                 n1: 65536 0x65401F: lua_pcall (lj_api.c:1135)
                  n1: 65536 0x3B111F: nlua_pcall (executor.c:183)
                   n1: 65536 0x3B5DF3: nlua_exec_file (executor.c:1954)
                    n0: 65536 0x3C28C7: main (main.c:679)
          n0: 0 in 1 place, below massif's threshold (1.00%)
         n0: 0 in 1 place, below massif's threshold (1.00%)
        n0: 0 in 1 place, below massif's threshold (1.00%)
       n0: 0 in 1 place, below massif's threshold (1.00%)
     n0: 64 in 1 place, below massif's threshold (1.00%)
   n0: 9152 in 6 places, all below massif's threshold (1.00%)
  n0: 64601 in 19 places, all below massif's threshold (1.00%)
 n0: 39654 in 24 places, all below massif's threshold (1.00%)
#-----------
snapshot=12
#-----------
time=865115583
mem_heap_B=6253344
mem_heap_extra_B=563944
mem_stacks_B=0
heap_tree=detailed
n4: 6253344 (heap allocation functions) malloc/new/new[], --alloc-fns, etc.
 n2: 4229890 0x403BD7: try_malloc (memory.c:113)
  n5: 4229890 0x403C5B: xmalloc (memory.c:147)
   n1: 2789376 0x3F888B: mf_alloc_bhdr (memfile.c:496)
    n2: 2789376 0x3F80CB: mf_new (memfile.c:260)
     n2: 2764800 0x4004F7: ml_new_data (memline.c:2982)
      n1: 2760704 0x3FE26F: ml_append_int (memline.c:2186)
       n1: 2760704 0x3FEFC3: ml_append_flush (memline.c:2454)
        n1: 2760704 0x3FF0CB: ml_append_buf (memline.c:2507)
         n1: 2760704 0x1B6083: nvim_buf_set_lines (buffer.c:370)
          n1: 2760704 0x38FB47: nlua_api_nvim_buf_set_lines (lua_api_c_bindings.generated.h:612)
           n1: 2760704 0x667DD3: lj_BC_FUNCC (in /work/neovim/build/bin/nvim)
            n1: 2760704 0x65401F: lua_pcall (lj_api.c:1135)
             n1: 2760704 0x3B111F: nlua_pcall (executor.c:183)
              n1: 2760704 0x3B5DF3: nlua_exec_file (executor.c:1954)
               n0: 2760704 0x3C28C7: main (main.c:679)
      n0: 4096 in 1 place, below massif's threshold (1.00%)
     n0: 24576 in 2 places, all below massif's threshold (1.00%)
   n2: 770437 0x403E53: xmallocz (memory.c:219)
    n2: 770383 0x403E8B: xmemdupz (memory.c:237)
     n2: 768436 0x40444F: xstrdup (memory.c:484)
      n2: 762784 0x593F33: u_save_line_buf (undo.c:3099)
       n2: 762783 0x58D52F: u_savecommon (undo.c:601)
        n1: 762722 0x58CAD3: u_savesub (undo.c:278)
         n1: 762722 0x2F4373: do_sub (ex_cmds.c:4361)
          n1: 762722 0x2F5FF3: ex_substitute (ex_cmds.c:4978)
           n1: 762722 0x2FDF9B: execute_cmd0 (ex_docmd.c:1795)
            n1: 762722 0x2FF90F: do_one_cmd (ex_docmd.c:2424)
             n1: 762722 0x2FB04F: do_cmdline (ex_docmd.c:690)
              n1: 762722 0x4EA963: do_source_ext (runtime.c:2403)
               n1: 762722 0x4E9CDB: do_source_str (runtime.c:2148)
                n1: 762722 0x1F67A3: exec_impl (vimscript.c:83)
                 n1: 762722 0x1F6577: nvim_exec2 (vimscript.c:59)
                  n1: 762722 0x3A44E3: nlua_api_nvim_exec2 (lua_api_c_bindings.generated.h:7735)
                   n1: 762722 0x667DD3: lj_BC_FUNCC (in /work/neovim/build/bin/nvim)
                    n1: 762722 0x65401F: lua_pcall (lj_api.c:1135)
                     n1: 762722 0x3B111F: nlua_pcall (executor.c:183)
                      n1: 762722 0x3B5DF3: nlua_exec_file (executor.c:1954)
                       n0: 762722 0x3C28C7: main (main.c:679)
        n0: 61 in 1 place, below massif's threshold (1.00%)
       n0: 1 in 1 place, below massif's threshold (1.00%)
      n0: 5652 in 23 places, all below massif's threshold (1.00%)
     n0: 1947 in 12 places, all below massif's threshold (1.00%)
    n0: 54 in 2 places, all below massif's threshold (1.00%)
   n2: 483720 0x58D413: u_savecommon (undo.c:572)
    n1: 483640 0x58CAD3: u_savesub (undo.c:278)
     n1: 483640 0x2F4373: do_sub (ex_cmds.c:4361)
      n1: 483640 0x2F5FF3: ex_substitute (ex_cmds.c:4978)
       n1: 483640 0x2FDF9B: execute_cmd0 (ex_docmd.c:1795)
        n1: 483640 0x2FF90F: do_one_cmd (ex_docmd.c:2424)
         n1: 483640 0x2FB04F: do_cmdline (ex_docmd.c:690)
          n1: 483640 0x4EA963: do_source_ext (runtime.c:2403)
           n1: 483640 0x4E9CDB: do_source_str (runtime.c:2148)
            n1: 483640 0x1F67A3: exec_impl (vimscript.c:83)
             n1: 483640 0x1F6577: nvim_exec2 (vimscript.c:59)
              n1: 483640 0x3A44E3: nlua_api_nvim_exec2 (lua_api_c_bindings.generated.h:7735)
               n1: 483640 0x667DD3: lj_BC_FUNCC (in /work/neovim/build/bin/nvim)
                n1: 483640 0x65401F: lua_pcall (lj_api.c:1135)
                 n1: 483640 0x3B111F: nlua_pcall (executor.c:183)
                  n1: 483640 0x3B5DF3: nlua_exec_file (executor.c:1954)
                   n0: 483640 0x3C28C7: main (main.c:679)
    n0: 80 in 1 place, below massif's threshold (1.00%)
   n2: 96744 0x58D4B3: u_savecommon (undo.c:592)
    n1: 96728 0x58CAD3: u_savesub (undo.c:278)
     n1: 96728 0x2F4373: do_sub (ex_cmds.c:4361)
      n1: 96728 0x2F5FF3: ex_substitute (ex_cmds.c:4978)
       n1: 96728 0x2FDF9B: execute_cmd0 (ex_docmd.c:1795)
        n1: 96728 0x2FF90F: do_one_cmd (ex_docmd.c:2424)
         n1: 96728 0x2FB04F: do_cmdline (ex_docmd.c:690)
          n1: 96728 0x4EA963: do_source_ext (runtime.c:2403)
           n1: 96728 0x4E9CDB: do_source_str (runtime.c:2148)
            n1: 96728 0x1F67A3: exec_impl (vimscript.c:83)
             n1: 96728 0x1F6577: nvim_exec2 (vimscript.c:59)
              n1: 96728 0x3A44E3: nlua_api_nvim_exec2 (lua_api_c_bindings.generated.h:7735)
               n1: 96728 0x667DD3: lj_BC_FUNCC (in /work/neovim/build/bin/nvim)
                n1: 96728 0x65401F: lua_pcall (lj_api.c:1135)
                 n1: 96728 0x3B111F: nlua_pcall (executor.c:183)
                  n1: 96728 0x3B5DF3: nlua_exec_file (executor.c:1954)
                   n0: 96728 0x3C28C7: main (main.c:679)
    n0: 16 in 1 place, below massif's threshold (1.00%)
   n0: 89613 in 38 places, all below massif's threshold (1.00%)
  n0: 0 in 1 place, below massif's threshold (1.00%)
 n4: 1281119 0x403DBF: xrealloc (memory.c:193)
  n1: 917504 0x32E2F7: extmark_splice_impl (extmark.c:638)
   n2: 917504 0x32DDC7: extmark_splice (extmark.c:546)
    n1: 917504 0x2F4437: do_sub (ex_cmds.c:4370)
     n1: 917504 0x2F5FF3: ex_substitute (ex_cmds.c:4978)
      n1: 917504 0x2FDF9B: execute_cmd0 (ex_docmd.c:1795)
       n1: 917504 0x2FF90F: do_one_cmd (ex_docmd.c:2424)
        n1: 917504 0x2FB04F: do_cmdline (ex_docmd.c:690)
         n1: 917504 0x4EA963: do_source_ext (runtime.c:2403)
          n1: 917504 0x4E9CDB: do_source_str (runtime.c:2148)
           n1: 917504 0x1F67A3: exec_impl (vimscript.c:83)
            n1: 917504 0x1F6577: nvim_exec2 (vimscript.c:59)
             n1: 917504 0x3A44E3: nlua_api_nvim_exec2 (lua_api_c_bindings.generated.h:7735)
              n1: 917504 0x667DD3: lj_BC_FUNCC (in /work/neovim/build/bin/nvim)
               n1: 917504 0x65401F: lua_pcall (lj_api.c:1135)
                n1: 917504 0x3B111F: nlua_pcall (executor.c:183)
                 n1: 917504 0x3B5DF3: nlua_exec_file (executor.c:1954)
                  n0: 917504 0x3C28C7: main (main.c:679)
    n0: 0 in 1 place, below massif's threshold (1.00%)
  n1: 131136 0x3CB85B: mh_put_uint64_t (map_key_impl.c.h:112)
   n2: 131136 0x3CBB8F: map_put_ref_uint64_t_ptr_t (map_value_impl.c.h:33)
    n1: 131072 0x3E0E1F: map_put_uint64_t_ptr_t (map_defs.h:162)
     n1: 131072 0x3E16EF: refkey (marktree.c:167)
      n2: 131072 0x3E224F: marktree_putp_aux (marktree.c:278)
       n2: 131072 0x3E239F: marktree_putp_aux (marktree.c:290)
        n2: 131072 0x3E239F: marktree_putp_aux (marktree.c:290)
         n1: 131072 0x3E239F: marktree_putp_aux (marktree.c:290)
          n1: 131072 0x3E346B: marktree_put_key (marktree.c:508)
           n1: 131072 0x3E24DB: marktree_put (marktree.c:304)
            n1: 131072 0x32BA87: extmark_set (extmark.c:95)
             n1: 131072 0x1C3BDF: nvim_buf_set_extmark (extmark.c:936)
              n1: 131072 0x397D4F: nlua_api_nvim_buf_set_extmark (lua_api_c_bindings.generated.h:3479)
               n1: 131072 0x667DD3: lj_BC_FUNCC (in /work/neovim/build/bin/nvim)
                n1: 131072 0x65401F: lua_pcall (lj_api.c:1135)
                 n1: 131072 0x3B111F: nlua_pcall (executor.c:183)
                  n1: 131072 0x3B5DF3: nlua_exec_file (executor.c:1954)
                   n0: 131072 0x3C28C7: main (main.c:679)
         n0: 0 in 1 place, below massif's threshold (1.00%)
        n0: 0 in 1 place, below massif's threshold (1.00%)
       n0: 0 in 1 place, below massif's threshold (1.00%)
    n0: 64 in 1 place, below massif's threshold (1.00%)
  n2: 131136 0x3CBBCF: map_put_ref_uint64_t_ptr_t (map_value_impl.c.h:36)
   n1: 131072 0x3E0E1F: map_put_uint64_t_ptr_t (map_defs.h:162)
    n1: 131072 0x3E16EF: refkey (marktree.c:167)
     n2: 131072 0x3E224F: marktree_putp_aux (marktree.c:278)
      n2: 131072 0x3E239F: marktree_putp_aux (marktree.c:290)
       n2: 131072 0x3E239F: marktree_putp_aux (marktree.c:290)
        n1: 131072 0x3E239F: marktree_putp_aux (marktree.c:290)
         n1: 131072 0x3E346B: marktree_put_key (marktree.c:508)
          n1: 131072 0x3E24DB: marktree_put (marktree.c:304)
           n1: 131072 0x32BA87: extmark_set (extmark.c:95)
            n1: 131072 0x1C3BDF: nvim_buf_set_extmark (extmark.c:936)
             n1: 131072 0x397D4F: nlua_api_nvim_buf_set_extmark (lua_api_c_bindings.generated.h:3479)
              n1: 131072 0x667DD3: lj_BC_FUNCC (in /work/neovim/build/bin/nvim)
               n1: 131072 0x65401F: lua_pcall (lj_api.c:1135)
                n1: 131072 0x3B111F: nlua_pcall (executor.c:183)
                 n1: 131072 0x3B5DF3: nlua_exec_file (executor.c:1954)
                  n0: 131072 0x3C28C7: main (main.c:679)
        n0: 0 in 1 place, below massif's threshold (1.00%)
       n0: 0 in 1 place, below massif's threshold (1.00%)
      n0: 0 in 1 place, below massif's threshold (1.00%)
   n0: 64 in 1 place, below massif's threshold (1.00%)
  n0: 101343 in 25 places, all below massif's threshold (1.00%)
 n3: 702681 0x403D27: xcalloc (memory.c:173)
  n2: 563328 0x3E2F1F: marktree_alloc_node (marktree.c:437)
   n2: 557760 0x3E178F: split_node (marktree.c:184)
    n2: 554144 0x3E22B3: marktree_putp_aux (marktree.c:282)
     n2: 509936 0x3E239F: marktree_putp_aux (marktree.c:290)
      n1: 308672 0x3E239F: marktree_putp_aux (marktree.c:290)
       n1: 308672 0x3E346B: marktree_put_key (marktree.c:508)
        n1: 308672 0x3E24DB: marktree_put (marktree.c:304)
         n1: 308672 0x32BA87: extmark_set (extmark.c:95)
          n1: 308672 0x1C3BDF: nvim_buf_set_extmark (extmark.c:936)
           n1: 308672 0x397D4F: nlua_api_nvim_buf_set_extmark (lua_api_c_bindings.generated.h:3479)
            n1: 308672 0x667DD3: lj_BC_FUNCC (in /work/neovim/build/bin/nvim)
             n1: 308672 0x65401F: lua_pcall (lj_api.c:1135)
              n1: 308672 0x3B111F: nlua_pcall (executor.c:183)
               n1: 308672 0x3B5DF3: nlua_exec_file (executor.c:1954)
                n0: 308672 0x3C28C7: main (main.c:679)
      n1: 201264 0x3E346B: marktree_put_key (marktree.c:508)
       n1: 201264 0x3E24DB: marktree_put (marktree.c:304)
        n1: 201264 0x32BA87: extmark_set (extmark.c:95)
         n1: 201264 0x1C3BDF: nvim_buf_set_extmark (extmark.c:936)
          n1: 201264 0x397D4F: nlua_api_nvim_buf_set_extmark (lua_api_c_bindings.generated.h:3479)
           n1: 201264 0x667DD3: lj_BC_FUNCC (in /work/neovim/build/bin/nvim)
            n1: 201264 0x65401F: lua_pcall (lj_api.c:1135)
             n1: 201264 0x3B111F: nlua_pcall (executor.c:183)
              n1: 201264 0x3B5DF3: nlua_exec_file (executor.c:1954)
               n0: 201264 0x3C28C7: main (main.c:679)
     n0: 44208 in 1 place, below massif's threshold (1.00%)
    n0: 3616 in 1 place, below massif's threshold (1.00%)
   n0: 5568 in 2 places, all below massif's threshold (1.00%)
  n1: 74752 0x3C797B: mh_realloc (map.c:88)
   n0: 74752 in 7 places, all below massif's threshold (1.00%)
  n0: 64601 in 19 places, all below massif's threshold (1.00%)
 n0: 39654 in 24 places, all below massif's threshold (1.00%)
#-----------
snapshot=13
#-----------
time=908438666
mem_heap_B=6370160
mem_heap_extra_B=605664
mem_stacks_B=0
heap_tree=empty
#-----------
snapshot=14
#-----------
time=973327287
mem_heap_B=6537936
mem_heap_extra_B=665584
mem_stacks_B=0
heap_tree=empty
#-----------
snapshot=15
#-----------
time=1023548841
mem_heap_B=6655312
mem_heap_extra_B=707520
mem_stacks_B=0
heap_tree=empty
#-----------
snapshot=16
#-----------
time=1111486267
mem_heap_B=7776320
mem_heap_extra_B=780200
mem_stacks_B=0
heap_tree=empty
#-----------
snapshot=17
#-----------
time=1199488029
mem_heap_B=7961120
mem_heap_extra_B=846200
mem_stacks_B=0
heap_tree=empty
#-----------
snapshot=18
#-----------
time=1262249569
mem_heap_B=8093728
mem_heap_extra_B=893712
mem_stacks_B=0
heap_tree=empty
#-----------
snapshot=19
#-----------
time=1312473113
mem_heap_B=8244704
mem_heap_extra_B=947480
mem_stacks_B=0
heap_tree=empty
#-----------
snapshot=20
#-----------
time=1387820831
mem_heap_B=8457728
mem_heap_extra_B=1023560
mem_stacks_B=0
heap_tree=empty
#-----------
snapshot=21
#-----------
time=1450610974
mem_heap_B=8627744
mem_heap_extra_B=1084280
mem_stacks_B=0
heap_tree=empty
#-----------
snapshot=22
#-----------
time=1500803714
mem_heap_B=8752624
mem_heap_extra_B=1128880
mem_stacks_B=0
heap_tree=empty
#-----------
snapshot=23
#-----------
time=1562984711
mem_heap_B=8902480
mem_heap_extra_B=1182400
mem_stacks_B=0
heap_tree=empty
#-----------
snapshot=24
#-----------
time=1614641063
mem_heap_B=9026080
mem_heap_extra_B=1226528
mem_stacks_B=0
heap_tree=detailed
n4: 9026080 (heap allocation functions) malloc/new/new[], --alloc-fns, etc.
 n2: 6085122 0x403BD7: try_malloc (memory.c:113)
  n5: 6085122 0x403C5B: xmalloc (memory.c:147)
   n1: 2789376 0x3F888B: mf_alloc_bhdr (memfile.c:496)
    n2: 2789376 0x3F80CB: mf_new (memfile.c:260)
     n2: 2764800 0x4004F7: ml_new_data (memline.c:2982)
      n1: 2760704 0x3FE26F: ml_append_int (memline.c:2186)
       n1: 2760704 0x3FEFC3: ml_append_flush (memline.c:2454)
        n1: 2760704 0x3FF0CB: ml_append_buf (memline.c:2507)
         n1: 2760704 0x1B6083: nvim_buf_set_lines (buffer.c:370)
          n1: 2760704 0x38FB47: nlua_api_nvim_buf_set_lines (lua_api_c_bindings.generated.h:612)
           n1: 2760704 0x667DD3: lj_BC_FUNCC (in /work/neovim/build/bin/nvim)
            n1: 2760704 0x65401F: lua_pcall (lj_api.c:1135)
             n1: 2760704 0x3B111F: nlua_pcall (executor.c:183)
              n1: 2760704 0x3B5DF3: nlua_exec_file (executor.c:1954)
               n0: 2760704 0x3C28C7: main (main.c:679)
      n0: 4096 in 1 place, below massif's threshold (1.00%)
     n0: 24576 in 2 places, all below massif's threshold (1.00%)
   n2: 1830597 0x403E53: xmallocz (memory.c:219)
    n2: 1830479 0x403E8B: xmemdupz (memory.c:237)
     n2: 1828532 0x40444F: xstrdup (memory.c:484)
      n2: 1822880 0x593F33: u_save_line_buf (undo.c:3099)
       n2: 1822879 0x58D52F: u_savecommon (undo.c:601)
        n1: 1822818 0x58CAD3: u_savesub (undo.c:278)
         n1: 1822818 0x2F4373: do_sub (ex_cmds.c:4361)
          n1: 1822818 0x2F5FF3: ex_substitute (ex_cmds.c:4978)
           n1: 1822818 0x2FDF9B: execute_cmd0 (ex_docmd.c:1795)
            n1: 1822818 0x2FF90F: do_one_cmd (ex_docmd.c:2424)
             n1: 1822818 0x2FB04F: do_cmdline (ex_docmd.c:690)
              n1: 1822818 0x4EA963: do_source_ext (runtime.c:2403)
               n1: 1822818 0x4E9CDB: do_source_str (runtime.c:2148)
                n1: 1822818 0x1F67A3: exec_impl (vimscript.c:83)
                 n1: 1822818 0x1F6577: nvim_exec2 (vimscript.c:59)
                  n1: 1822818 0x3A44E3: nlua_api_nvim_exec2 (lua_api_c_bindings.generated.h:7735)
                   n1: 1822818 0x667DD3: lj_BC_FUNCC (in /work/neovim/build/bin/nvim)
                    n1: 1822818 0x65401F: lua_pcall (lj_api.c:1135)
                     n1: 1822818 0x3B111F: nlua_pcall (executor.c:183)
                      n1: 1822818 0x3B5DF3: nlua_exec_file (executor.c:1954)
                       n0: 1822818 0x3C28C7: main (main.c:679)
        n0: 61 in 1 place, below massif's threshold (1.00%)
       n0: 1 in 1 place, below massif's threshold (1.00%)
      n0: 5652 in 23 places, all below massif's threshold (1.00%)
     n0: 1947 in 12 places, all below massif's threshold (1.00%)
    n0: 118 in 2 places, all below massif's threshold (1.00%)
   n2: 1146280 0x58D413: u_savecommon (undo.c:572)
    n1: 1146200 0x58CAD3: u_savesub (undo.c:278)
     n1: 1146200 0x2F4373: do_sub (ex_cmds.c:4361)
      n1: 1146200 0x2F5FF3: ex_substitute (ex_cmds.c:4978)
       n1: 1146200 0x2FDF9B: execute_cmd0 (ex_docmd.c:1795)
        n1: 1146200 0x2FF90F: do_one_cmd (ex_docmd.c:2424)
         n1: 1146200 0x2FB04F: do_cmdline (ex_docmd.c:690)
          n1: 1146200 0x4EA963: do_source_ext (runtime.c:2403)
           n1: 1146200 0x4E9CDB: do_source_str (runtime.c:2148)
            n1: 1146200 0x1F67A3: exec_impl (vimscript.c:83)
             n1: 1146200 0x1F6577: nvim_exec2 (vimscript.c:59)
              n1: 1146200 0x3A44E3: nlua_api_nvim_exec2 (lua_api_c_bindings.generated.h:7735)
               n1: 1146200 0x667DD3: lj_BC_FUNCC (in /work/neovim/build/bin/nvim)
                n1: 1146200 0x65401F: lua_pcall (lj_api.c:1135)
                 n1: 1146200 0x3B111F: nlua_pcall (executor.c:183)
                  n1: 1146200 0x3B5DF3: nlua_exec_file (executor.c:1954)
                   n0: 1146200 0x3C28C7: main (main.c:679)
    n0: 80 in 1 place, below massif's threshold (1.00%)
   n2: 229256 0x58D4B3: u_savecommon (undo.c:592)
    n1: 229240 0x58CAD3: u_savesub (undo.c:278)
     n1: 229240 0x2F4373: do_sub (ex_cmds.c:4361)
      n1: 229240 0x2F5FF3: ex_substitute (ex_cmds.c:4978)
       n1: 229240 0x2FDF9B: execute_cmd0 (ex_docmd.c:1795)
        n1: 229240 0x2FF90F: do_one_cmd (ex_docmd.c:2424)
         n1: 229240 0x2FB04F: do_cmdline (ex_docmd.c:690)
          n1: 229240 0x4EA963: do_source_ext (runtime.c:2403)
           n1: 229240 0x4E9CDB: do_source_str (runtime.c:2148)
            n1: 229240 0x1F67A3: exec_impl (vimscript.c:83)
             n1: 229240 0x1F6577: nvim_exec2 (vimscript.c:59)
              n1: 229240 0x3A44E3: nlua_api_nvim_exec2 (lua_api_c_bindings.generated.h:7735)
               n1: 229240 0x667DD3: lj_BC_FUNCC (in /work/neovim/build/bin/nvim)
                n1: 229240 0x65401F: lua_pcall (lj_api.c:1135)
                 n1: 229240 0x3B111F: nlua_pcall (executor.c:183)
                  n1: 229240 0x3B5DF3: nlua_exec_file (executor.c:1954)
                   n0: 229240 0x3C28C7: main (main.c:679)
    n0: 16 in 1 place, below massif's threshold (1.00%)
   n0: 89613 in 38 places, all below massif's threshold (1.00%)
  n0: 0 in 1 place, below massif's threshold (1.00%)
 n4: 2198623 0x403DBF: xrealloc (memory.c:193)
  n1: 1835008 0x32E2F7: extmark_splice_impl (extmark.c:638)
   n2: 1835008 0x32DDC7: extmark_splice (extmark.c:546)
    n1: 1835008 0x2F4437: do_sub (ex_cmds.c:4370)
     n1: 1835008 0x2F5FF3: ex_substitute (ex_cmds.c:4978)
      n1: 1835008 0x2FDF9B: execute_cmd0 (ex_docmd.c:1795)
       n1: 1835008 0x2FF90F: do_one_cmd (ex_docmd.c:2424)
        n1: 1835008 0x2FB04F: do_cmdline (ex_docmd.c:690)
         n1: 1835008 0x4EA963: do_source_ext (runtime.c:2403)
          n1: 1835008 0x4E9CDB: do_source_str (runtime.c:2148)
           n1: 1835008 0x1F67A3: exec_impl (vimscript.c:83)
            n1: 1835008 0x1F6577: nvim_exec2 (vimscript.c:59)
             n1: 1835008 0x3A44E3: nlua_api_nvim_exec2 (lua_api_c_bindings.generated.h:7735)
              n1: 1835008 0x667DD3: lj_BC_FUNCC (in /work/neovim/build/bin/nvim)
               n1: 1835008 0x65401F: lua_pcall (lj_api.c:1135)
                n1: 1835008 0x3B111F: nlua_pcall (executor.c:183)
                 n1: 1835008 0x3B5DF3: nlua_exec_file (executor.c:1954)
                  n0: 1835008 0x3C28C7: main (main.c:679)
    n0: 0 in 1 place, below massif's threshold (1.00%)
  n1: 131136 0x3CB85B: mh_put_uint64_t (map_key_impl.c.h:112)
   n2: 131136 0x3CBB8F: map_put_ref_uint64_t_ptr_t (map_value_impl.c.h:33)
    n1: 131072 0x3E0E1F: map_put_uint64_t_ptr_t (map_defs.h:162)
     n1: 131072 0x3E16EF: refkey (marktree.c:167)
      n2: 131072 0x3E224F: marktree_putp_aux (marktree.c:278)
       n2: 131072 0x3E239F: marktree_putp_aux (marktree.c:290)
        n2: 131072 0x3E239F: marktree_putp_aux (marktree.c:290)
         n1: 131072 0x3E239F: marktree_putp_aux (marktree.c:290)
          n1: 131072 0x3E346B: marktree_put_key (marktree.c:508)
           n1: 131072 0x3E24DB: marktree_put (marktree.c:304)
            n1: 131072 0x32BA87: extmark_set (extmark.c:95)
             n1: 131072 0x1C3BDF: nvim_buf_set_extmark (extmark.c:936)
              n1: 131072 0x397D4F: nlua_api_nvim_buf_set_extmark (lua_api_c_bindings.generated.h:3479)
               n1: 131072 0x667DD3: lj_BC_FUNCC (in /work/neovim/build/bin/nvim)
                n1: 131072 0x65401F: lua_pcall (lj_api.c:1135)
                 n1: 131072 0x3B111F: nlua_pcall (executor.c:183)
                  n1: 131072 0x3B5DF3: nlua_exec_file (executor.c:1954)
                   n0: 131072 0x3C28C7: main (main.c:679)
         n0: 0 in 1 place, below massif's threshold (1.00%)
        n0: 0 in 1 place, below massif's threshold (1.00%)
       n0: 0 in 1 place, below massif's threshold (1.00%)
    n0: 64 in 1 place, below massif's threshold (1.00%)
  n2: 131136 0x3CBBCF: map_put_ref_uint64_t_ptr_t (map_value_impl.c.h:36)
   n1: 131072 0x3E0E1F: map_put_uint64_t_ptr_t (map_defs.h:162)
    n1: 131072 0x3E16EF: refkey (marktree.c:167)
     n2: 131072 0x3E224F: marktree_putp_aux (marktree.c:278)
      n2: 131072 0x3E239F: marktree_putp_aux (marktree.c:290)
       n2: 131072 0x3E239F: marktree_putp_aux (marktree.c:290)
        n1: 131072 0x3E239F: marktree_putp_aux (marktree.c:290)
         n1: 131072 0x3E346B: marktree_put_key (marktree.c:508)
          n1: 131072 0x3E24DB: marktree_put (marktree.c:304)
           n1: 131072 0x32BA87: extmark_set (extmark.c:95)
            n1: 131072 0x1C3BDF: nvim_buf_set_extmark (extmark.c:936)
             n1: 131072 0x397D4F: nlua_api_nvim_buf_set_extmark (lua_api_c_bindings.generated.h:3479)
              n1: 131072 0x667DD3: lj_BC_FUNCC (in /work/neovim/build/bin/nvim)
               n1: 131072 0x65401F: lua_pcall (lj_api.c:1135)
                n1: 131072 0x3B111F: nlua_pcall (executor.c:183)
                 n1: 131072 0x3B5DF3: nlua_exec_file (executor.c:1954)
                  n0: 131072 0x3C28C7: main (main.c:679)
        n0: 0 in 1 place, below massif's threshold (1.00%)
       n0: 0 in 1 place, below massif's threshold (1.00%)
      n0: 0 in 1 place, below massif's threshold (1.00%)
   n0: 64 in 1 place, below massif's threshold (1.00%)
  n0: 101343 in 25 places, all below massif's threshold (1.00%)
 n2: 702681 0x403D27: xcalloc (memory.c:173)
  n2: 563328 0x3E2F1F: marktree_alloc_node (marktree.c:437)
   n2: 557760 0x3E178F: split_node (marktree.c:184)
    n2: 554144 0x3E22B3: marktree_putp_aux (marktree.c:282)
     n2: 509936 0x3E239F: marktree_putp_aux (marktree.c:290)
      n1: 308672 0x3E239F: marktree_putp_aux (marktree.c:290)
       n1: 308672 0x3E346B: marktree_put_key (marktree.c:508)
        n1: 308672 0x3E24DB: marktree_put (marktree.c:304)
         n1: 308672 0x32BA87: extmark_set (extmark.c:95)
          n1: 308672 0x1C3BDF: nvim_buf_set_extmark (extmark.c:936)
           n1: 308672 0x397D4F: nlua_api_nvim_buf_set_extmark (lua_api_c_bindings.generated.h:3479)
            n1: 308672 0x667DD3: lj_BC_FUNCC (in /work/neovim/build/bin/nvim)
             n1: 308672 0x65401F: lua_pcall (lj_api.c:1135)
              n1: 308672 0x3B111F: nlua_pcall (executor.c:183)
               n1: 308672 0x3B5DF3: nlua_exec_file (executor.c:1954)
                n0: 308672 0x3C28C7: main (main.c:679)
      n1: 201264 0x3E346B: marktree_put_key (marktree.c:508)
       n1: 201264 0x3E24DB: marktree_put (marktree.c:304)
        n1: 201264 0x32BA87: extmark_set (extmark.c:95)
         n1: 201264 0x1C3BDF: nvim_buf_set_extmark (extmark.c:936)
          n1: 201264 0x397D4F: nlua_api_nvim_buf_set_extmark (lua_api_c_bindings.generated.h:3479)
           n1: 201264 0x667DD3: lj_BC_FUNCC (in /work/neovim/build/bin/nvim)
            n1: 201264 0x65401F: lua_pcall (lj_api.c:1135)
             n1: 201264 0x3B111F: nlua_pcall (executor.c:183)
              n1: 201264 0x3B5DF3: nlua_exec_file (executor.c:1954)
               n0: 201264 0x3C28C7: main (main.c:679)
     n0: 44208 in 1 place, below massif's threshold (1.00%)
    n0: 3616 in 1 place, below massif's threshold (1.00%)
   n0: 5568 in 2 places, all below massif's threshold (1.00%)
  n0: 139353 in 20 places, all below massif's threshold (1.00%)
 n0: 39654 in 24 places, all below massif's threshold (1.00%)
#-----------
snapshot=25
#-----------
time=1677105952
mem_heap_B=9158624
mem_heap_extra_B=1273880
mem_stacks_B=0
heap_tree=empty
#-----------
snapshot=26
#-----------
time=1731578604
mem_heap_B=9296832
mem_heap_extra_B=1323240
mem_stacks_B=0
heap_tree=empty
#-----------
snapshot=27
#-----------
time=1794137873
mem_heap_B=11321632
mem_heap_extra_B=1391008
mem_stacks_B=0
heap_tree=detailed
n4: 11321632 (heap allocation functions) malloc/new/new[], --alloc-fns, etc.
 n2: 6545666 0x403BD7: try_malloc (memory.c:113)
  n5: 6545666 0x403C5B: xmalloc (memory.c:147)
   n1: 2789376 0x3F888B: mf_alloc_bhdr (memfile.c:496)
    n2: 2789376 0x3F80CB: mf_new (memfile.c:260)
     n2: 2764800 0x4004F7: ml_new_data (memline.c:2982)
      n1: 2760704 0x3FE26F: ml_append_int (memline.c:2186)
       n1: 2760704 0x3FEFC3: ml_append_flush (memline.c:2454)
        n1: 2760704 0x3FF0CB: ml_append_buf (memline.c:2507)
         n1: 2760704 0x1B6083: nvim_buf_set_lines (buffer.c:370)
          n1: 2760704 0x38FB47: nlua_api_nvim_buf_set_lines (lua_api_c_bindings.generated.h:612)
           n1: 2760704 0x667DD3: lj_BC_FUNCC (in /work/neovim/build/bin/nvim)
            n1: 2760704 0x65401F: lua_pcall (lj_api.c:1135)
             n1: 2760704 0x3B111F: nlua_pcall (executor.c:183)
              n1: 2760704 0x3B5DF3: nlua_exec_file (executor.c:1954)
               n0: 2760704 0x3C28C7: main (main.c:679)
      n0: 4096 in 1 place, below massif's threshold (1.00%)
     n0: 24576 in 2 places, all below massif's threshold (1.00%)
   n2: 2093765 0x403E53: xmallocz (memory.c:219)
    n2: 2093647 0x403E8B: xmemdupz (memory.c:237)
     n2: 2091700 0x40444F: xstrdup (memory.c:484)
      n2: 2086048 0x593F33: u_save_line_buf (undo.c:3099)
       n2: 2086047 0x58D52F: u_savecommon (undo.c:601)
        n1: 2085986 0x58CAD3: u_savesub (undo.c:278)
         n1: 2085986 0x2F4373: do_sub (ex_cmds.c:4361)
          n1: 2085986 0x2F5FF3: ex_substitute (ex_cmds.c:4978)
           n1: 2085986 0x2FDF9B: execute_cmd0 (ex_docmd.c:1795)
            n1: 2085986 0x2FF90F: do_one_cmd (ex_docmd.c:2424)
             n1: 2085986 0x2FB04F: do_cmdline (ex_docmd.c:690)
              n1: 2085986 0x4EA963: do_source_ext (runtime.c:2403)
               n1: 2085986 0x4E9CDB: do_source_str (runtime.c:2148)
                n1: 2085986 0x1F67A3: exec_impl (vimscript.c:83)
                 n1: 2085986 0x1F6577: nvim_exec2 (vimscript.c:59)
                  n1: 2085986 0x3A44E3: nlua_api_nvim_exec2 (lua_api_c_bindings.generated.h:7735)
                   n1: 2085986 0x667DD3: lj_BC_FUNCC (in /work/neovim/build/bin/nvim)
                    n1: 2085986 0x65401F: lua_pcall (lj_api.c:1135)
                     n1: 2085986 0x3B111F: nlua_pcall (executor.c:183)
                      n1: 2085986 0x3B5DF3: nlua_exec_file (executor.c:1954)
                       n0: 2085986 0x3C28C7: main (main.c:679)
        n0: 61 in 1 place, below massif's threshold (1.00%)
       n0: 1 in 1 place, below massif's threshold (1.00%)
      n0: 5652 in 23 places, all below massif's threshold (1.00%)
     n0: 1947 in 12 places, all below massif's threshold (1.00%)
    n0: 118 in 2 places, all below massif's threshold (1.00%)
   n2: 1310760 0x58D413: u_savecommon (undo.c:572)
    n1: 1310680 0x58CAD3: u_savesub (undo.c:278)
     n1: 1310680 0x2F4373: do_sub (ex_cmds.c:4361)
      n1: 1310680 0x2F5FF3: ex_substitute (ex_cmds.c:4978)
       n1: 1310680 0x2FDF9B: execute_cmd0 (ex_docmd.c:1795)
        n1: 1310680 0x2FF90F: do_one_cmd (ex_docmd.c:2424)
         n1: 1310680 0x2FB04F: do_cmdline (ex_docmd.c:690)
          n1: 1310680 0x4EA963: do_source_ext (runtime.c:2403)
           n1: 1310680 0x4E9CDB: do_source_str (runtime.c:2148)
            n1: 1310680 0x1F67A3: exec_impl (vimscript.c:83)
             n1: 1310680 0x1F6577: nvim_exec2 (vimscript.c:59)
              n1: 1310680 0x3A44E3: nlua_api_nvim_exec2 (lua_api_c_bindings.generated.h:7735)
               n1: 1310680 0x667DD3: lj_BC_FUNCC (in /work/neovim/build/bin/nvim)
                n1: 1310680 0x65401F: lua_pcall (lj_api.c:1135)
                 n1: 1310680 0x3B111F: nlua_pcall (executor.c:183)
                  n1: 1310680 0x3B5DF3: nlua_exec_file (executor.c:1954)
                   n0: 1310680 0x3C28C7: main (main.c:679)
    n0: 80 in 1 place, below massif's threshold (1.00%)
   n2: 262152 0x58D4B3: u_savecommon (undo.c:592)
    n1: 262136 0x58CAD3: u_savesub (undo.c:278)
     n1: 262136 0x2F4373: do_sub (ex_cmds.c:4361)
      n1: 262136 0x2F5FF3: ex_substitute (ex_cmds.c:4978)
       n1: 262136 0x2FDF9B: execute_cmd0 (ex_docmd.c:1795)
        n1: 262136 0x2FF90F: do_one_cmd (ex_docmd.c:2424)
         n1: 262136 0x2FB04F: do_cmdline (ex_docmd.c:690)
          n1: 262136 0x4EA963: do_source_ext (runtime.c:2403)
           n1: 262136 0x4E9CDB: do_source_str (runtime.c:2148)
            n1: 262136 0x1F67A3: exec_impl (vimscript.c:83)
             n1: 262136 0x1F6577: nvim_exec2 (vimscript.c:59)
              n1: 262136 0x3A44E3: nlua_api_nvim_exec2 (lua_api_c_bindings.generated.h:7735)
               n1: 262136 0x667DD3: lj_BC_FUNCC (in /work/neovim/build/bin/nvim)
                n1: 262136 0x65401F: lua_pcall (lj_api.c:1135)
                 n1: 262136 0x3B111F: nlua_pcall (executor.c:183)
                  n1: 262136 0x3B5DF3: nlua_exec_file (executor.c:1954)
                   n0: 262136 0x3C28C7: main (main.c:679)
    n0: 16 in 1 place, below massif's threshold (1.00%)
   n0: 89613 in 38 places, all below massif's threshold (1.00%)
  n0: 0 in 1 place, below massif's threshold (1.00%)
 n4: 4033631 0x403DBF: xrealloc (memory.c:193)
  n1: 3670016 0x32E2F7: extmark_splice_impl (extmark.c:638)
   n2: 3670016 0x32DDC7: extmark_splice (extmark.c:546)
    n1: 3670016 0x2F4437: do_sub (ex_cmds.c:4370)
     n1: 3670016 0x2F5FF3: ex_substitute (ex_cmds.c:4978)
      n1: 3670016 0x2FDF9B: execute_cmd0 (ex_docmd.c:1795)
       n1: 3670016 0x2FF90F: do_one_cmd (ex_docmd.c:2424)
        n1: 3670016 0x2FB04F: do_cmdline (ex_docmd.c:690)
         n1: 3670016 0x4EA963: do_source_ext (runtime.c:2403)
          n1: 3670016 0x4E9CDB: do_source_str (runtime.c:2148)
           n1: 3670016 0x1F67A3: exec_impl (vimscript.c:83)
            n1: 3670016 0x1F6577: nvim_exec2 (vimscript.c:59)
             n1: 3670016 0x3A44E3: nlua_api_nvim_exec2 (lua_api_c_bindings.generated.h:7735)
              n1: 3670016 0x667DD3: lj_BC_FUNCC (in /work/neovim/build/bin/nvim)
               n1: 3670016 0x65401F: lua_pcall (lj_api.c:1135)
                n1: 3670016 0x3B111F: nlua_pcall (executor.c:183)
                 n1: 3670016 0x3B5DF3: nlua_exec_file (executor.c:1954)
                  n0: 3670016 0x3C28C7: main (main.c:679)
    n0: 0 in 1 place, below massif's threshold (1.00%)
  n1: 131136 0x3CB85B: mh_put_uint64_t (map_key_impl.c.h:112)
   n2: 131136 0x3CBB8F: map_put_ref_uint64_t_ptr_t (map_value_impl.c.h:33)
    n1: 131072 0x3E0E1F: map_put_uint64_t_ptr_t (map_defs.h:162)
     n1: 131072 0x3E16EF: refkey (marktree.c:167)
      n2: 131072 0x3E224F: marktree_putp_aux (marktree.c:278)
       n2: 131072 0x3E239F: marktree_putp_aux (marktree.c:290)
        n2: 131072 0x3E239F: marktree_putp_aux (marktree.c:290)
         n1: 131072 0x3E239F: marktree_putp_aux (marktree.c:290)
          n1: 131072 0x3E346B: marktree_put_key (marktree.c:508)
           n1: 131072 0x3E24DB: marktree_put (marktree.c:304)
            n1: 131072 0x32BA87: extmark_set (extmark.c:95)
             n1: 131072 0x1C3BDF: nvim_buf_set_extmark (extmark.c:936)
              n1: 131072 0x397D4F: nlua_api_nvim_buf_set_extmark (lua_api_c_bindings.generated.h:3479)
               n1: 131072 0x667DD3: lj_BC_FUNCC (in /work/neovim/build/bin/nvim)
                n1: 131072 0x65401F: lua_pcall (lj_api.c:1135)
                 n1: 131072 0x3B111F: nlua_pcall (executor.c:183)
                  n1: 131072 0x3B5DF3: nlua_exec_file (executor.c:1954)
                   n0: 131072 0x3C28C7: main (main.c:679)
         n0: 0 in 1 place, below massif's threshold (1.00%)
        n0: 0 in 1 place, below massif's threshold (1.00%)
       n0: 0 in 1 place, below massif's threshold (1.00%)
    n0: 64 in 1 place, below massif's threshold (1.00%)
  n2: 131136 0x3CBBCF: map_put_ref_uint64_t_ptr_t (map_value_impl.c.h:36)
   n1: 131072 0x3E0E1F: map_put_uint64_t_ptr_t (map_defs.h:162)
    n1: 131072 0x3E16EF: refkey (marktree.c:167)
     n2: 131072 0x3E224F: marktree_putp_aux (marktree.c:278)
      n2: 131072 0x3E239F: marktree_putp_aux (marktree.c:290)
       n2: 131072 0x3E239F: marktree_putp_aux (marktree.c:290)
        n1: 131072 0x3E239F: marktree_putp_aux (marktree.c:290)
         n1: 131072 0x3E346B: marktree_put_key (marktree.c:508)
          n1: 131072 0x3E24DB: marktree_put (marktree.c:304)
           n1: 131072 0x32BA87: extmark_set (extmark.c:95)
            n1: 131072 0x1C3BDF: nvim_buf_set_extmark (extmark.c:936)
             n1: 131072 0x397D4F: nlua_api_nvim_buf_set_extmark (lua_api_c_bindings.generated.h:3479)
              n1: 131072 0x667DD3: lj_BC_FUNCC (in /work/neovim/build/bin/nvim)
               n1: 131072 0x65401F: lua_pcall (lj_api.c:1135)
                n1: 131072 0x3B111F: nlua_pcall (executor.c:183)
                 n1: 131072 0x3B5DF3: nlua_exec_file (executor.c:1954)
                  n0: 131072 0x3C28C7: main (main.c:679)
        n0: 0 in 1 place, below massif's threshold (1.00%)
       n0: 0 in 1 place, below massif's threshold (1.00%)
      n0: 0 in 1 place, below massif's threshold (1.00%)
   n0: 64 in 1 place, below massif's threshold (1.00%)
  n0: 101343 in 25 places, all below massif's threshold (1.00%)
 n2: 702681 0x403D27: xcalloc (memory.c:173)
  n2: 563328 0x3E2F1F: marktree_alloc_node (marktree.c:437)
   n2: 557760 0x3E178F: split_node (marktree.c:184)
    n2: 554144 0x3E22B3: marktree_putp_aux (marktree.c:282)
     n2: 509936 0x3E239F: marktree_putp_aux (marktree.c:290)
      n1: 308672 0x3E239F: marktree_putp_aux (marktree.c:290)
       n1: 308672 0x3E346B: marktree_put_key (marktree.c:508)
        n1: 308672 0x3E24DB: marktree_put (marktree.c:304)
         n1: 308672 0x32BA87: extmark_set (extmark.c:95)
          n1: 308672 0x1C3BDF: nvim_buf_set_extmark (extmark.c:936)
           n1: 308672 0x397D4F: nlua_api_nvim_buf_set_extmark (lua_api_c_bindings.generated.h:3479)
            n1: 308672 0x667DD3: lj_BC_FUNCC (in /work/neovim/build/bin/nvim)
             n1: 308672 0x65401F: lua_pcall (lj_api.c:1135)
              n1: 308672 0x3B111F: nlua_pcall (executor.c:183)
               n1: 308672 0x3B5DF3: nlua_exec_file (executor.c:1954)
                n0: 308672 0x3C28C7: main (main.c:679)
      n1: 201264 0x3E346B: marktree_put_key (marktree.c:508)
       n1: 201264 0x3E24DB: marktree_put (marktree.c:304)
        n1: 201264 0x32BA87: extmark_set (extmark.c:95)
         n1: 201264 0x1C3BDF: nvim_buf_set_extmark (extmark.c:936)
          n1: 201264 0x397D4F: nlua_api_nvim_buf_set_extmark (lua_api_c_bindings.generated.h:3479)
           n1: 201264 0x667DD3: lj_BC_FUNCC (in /work/neovim/build/bin/nvim)
            n1: 201264 0x65401F: lua_pcall (lj_api.c:1135)
             n1: 201264 0x3B111F: nlua_pcall (executor.c:183)
              n1: 201264 0x3B5DF3: nlua_exec_file (executor.c:1954)
               n0: 201264 0x3C28C7: main (main.c:679)
     n0: 44208 in 1 place, below massif's threshold (1.00%)
    n0: 3616 in 1 place, below massif's threshold (1.00%)
   n0: 5568 in 2 places, all below massif's threshold (1.00%)
  n0: 139353 in 20 places, all below massif's threshold (1.00%)
 n0: 39654 in 24 places, all below massif's threshold (1.00%)
#-----------
snapshot=28
#-----------
time=1887463869
mem_heap_B=11580064
mem_heap_extra_B=1483320
mem_stacks_B=0
heap_tree=empty
#-----------
snapshot=29
#-----------
time=1932992427
mem_heap_B=11702208
mem_heap_extra_B=1526928
mem_stacks_B=0
heap_tree=detailed
n4: 11702208 (heap allocation functions) malloc/new/new[], --alloc-fns, etc.
 n2: 6926242 0x403BD7: try_malloc (memory.c:113)
  n5: 6926242 0x403C5B: xmalloc (memory.c:147)
   n1: 2789376 0x3F888B: mf_alloc_bhdr (memfile.c:496)
    n2: 2789376 0x3F80CB: mf_new (memfile.c:260)
     n2: 2764800 0x4004F7: ml_new_data (memline.c:2982)
      n1: 2760704 0x3FE26F: ml_append_int (memline.c:2186)
       n1: 2760704 0x3FEFC3: ml_append_flush (memline.c:2454)
        n1: 2760704 0x3FF0CB: ml_append_buf (memline.c:2507)
         n1: 2760704 0x1B6083: nvim_buf_set_lines (buffer.c:370)
          n1: 2760704 0x38FB47: nlua_api_nvim_buf_set_lines (lua_api_c_bindings.generated.h:612)
           n1: 2760704 0x667DD3: lj_BC_FUNCC (in /work/neovim/build/bin/nvim)
            n1: 2760704 0x65401F: lua_pcall (lj_api.c:1135)
             n1: 2760704 0x3B111F: nlua_pcall (executor.c:183)
              n1: 2760704 0x3B5DF3: nlua_exec_file (executor.c:1954)
               n0: 2760704 0x3C28C7: main (main.c:679)
      n0: 4096 in 1 place, below massif's threshold (1.00%)
     n0: 24576 in 2 places, all below massif's threshold (1.00%)
   n2: 2311237 0x403E53: xmallocz (memory.c:219)
    n2: 2311119 0x403E8B: xmemdupz (memory.c:237)
     n2: 2309172 0x40444F: xstrdup (memory.c:484)
      n2: 2303520 0x593F33: u_save_line_buf (undo.c:3099)
       n2: 2303519 0x58D52F: u_savecommon (undo.c:601)
        n1: 2303458 0x58CAD3: u_savesub (undo.c:278)
         n1: 2303458 0x2F4373: do_sub (ex_cmds.c:4361)
          n1: 2303458 0x2F5FF3: ex_substitute (ex_cmds.c:4978)
           n1: 2303458 0x2FDF9B: execute_cmd0 (ex_docmd.c:1795)
            n1: 2303458 0x2FF90F: do_one_cmd (ex_docmd.c:2424)
             n1: 2303458 0x2FB04F: do_cmdline (ex_docmd.c:690)
              n1: 2303458 0x4EA963: do_source_ext (runtime.c:2403)
               n1: 2303458 0x4E9CDB: do_source_str (runtime.c:2148)
                n1: 2303458 0x1F67A3: exec_impl (vimscript.c:83)
                 n1: 2303458 0x1F6577: nvim_exec2 (vimscript.c:59)
                  n1: 2303458 0x3A44E3: nlua_api_nvim_exec2 (lua_api_c_bindings.generated.h:7735)
                   n1: 2303458 0x667DD3: lj_BC_FUNCC (in /work/neovim/build/bin/nvim)
                    n1: 2303458 0x65401F: lua_pcall (lj_api.c:1135)
                     n1: 2303458 0x3B111F: nlua_pcall (executor.c:183)
                      n1: 2303458 0x3B5DF3: nlua_exec_file (executor.c:1954)
                       n0: 2303458 0x3C28C7: main (main.c:679)
        n0: 61 in 1 place, below massif's threshold (1.00%)
       n0: 1 in 1 place, below massif's threshold (1.00%)
      n0: 5652 in 23 places, all below massif's threshold (1.00%)
     n0: 1947 in 12 places, all below massif's threshold (1.00%)
    n0: 118 in 2 places, all below massif's threshold (1.00%)
   n2: 1446680 0x58D413: u_savecommon (undo.c:572)
    n1: 1446600 0x58CAD3: u_savesub (undo.c:278)
     n1: 1446600 0x2F4373: do_sub (ex_cmds.c:4361)
      n1: 1446600 0x2F5FF3: ex_substitute (ex_cmds.c:4978)
       n1: 1446600 0x2FDF9B: execute_cmd0 (ex_docmd.c:1795)
        n1: 1446600 0x2FF90F: do_one_cmd (ex_docmd.c:2424)
         n1: 1446600 0x2FB04F: do_cmdline (ex_docmd.c:690)
          n1: 1446600 0x4EA963: do_source_ext (runtime.c:2403)
           n1: 1446600 0x4E9CDB: do_source_str (runtime.c:2148)
            n1: 1446600 0x1F67A3: exec_impl (vimscript.c:83)
             n1: 1446600 0x1F6577: nvim_exec2 (vimscript.c:59)
              n1: 1446600 0x3A44E3: nlua_api_nvim_exec2 (lua_api_c_bindings.generated.h:7735)
               n1: 1446600 0x667DD3: lj_BC_FUNCC (in /work/neovim/build/bin/nvim)
                n1: 1446600 0x65401F: lua_pcall (lj_api.c:1135)
                 n1: 1446600 0x3B111F: nlua_pcall (executor.c:183)
                  n1: 1446600 0x3B5DF3: nlua_exec_file (executor.c:1954)
                   n0: 1446600 0x3C28C7: main (main.c:679)
    n0: 80 in 1 place, below massif's threshold (1.00%)
   n2: 289336 0x58D4B3: u_savecommon (undo.c:592)
    n1: 289320 0x58CAD3: u_savesub (undo.c:278)
     n1: 289320 0x2F4373: do_sub (ex_cmds.c:4361)
      n1: 289320 0x2F5FF3: ex_substitute (ex_cmds.c:4978)
       n1: 289320 0x2FDF9B: execute_cmd0 (ex_docmd.c:1795)
        n1: 289320 0x2FF90F: do_one_cmd (ex_docmd.c:2424)
         n1: 289320 0x2FB04F: do_cmdline (ex_docmd.c:690)
          n1: 289320 0x4EA963: do_source_ext (runtime.c:2403)
           n1: 289320 0x4E9CDB: do_source_str (runtime.c:2148)
            n1: 289320 0x1F67A3: exec_impl (vimscript.c:83)
             n1: 289320 0x1F6577: nvim_exec2 (vimscript.c:59)
              n1: 289320 0x3A44E3: nlua_api_nvim_exec2 (lua_api_c_bindings.generated.h:7735)
               n1: 289320 0x667DD3: lj_BC_FUNCC (in /work/neovim/build/bin/nvim)
                n1: 289320 0x65401F: lua_pcall (lj_api.c:1135)
                 n1: 289320 0x3B111F: nlua_pcall (executor.c:183)
                  n1: 289320 0x3B5DF3: nlua_exec_file (executor.c:1954)
                   n0: 289320 0x3C28C7: main (main.c:679)
    n0: 16 in 1 place, below massif's threshold (1.00%)
   n0: 89613 in 38 places, all below massif's threshold (1.00%)
  n0: 0 in 1 place, below massif's threshold (1.00%)
 n2: 4033631 0x403DBF: xrealloc (memory.c:193)
  n1: 3670016 0x32E2F7: extmark_splice_impl (extmark.c:638)
   n2: 3670016 0x32DDC7: extmark_splice (extmark.c:546)
    n1: 3670016 0x2F4437: do_sub (ex_cmds.c:4370)
     n1: 3670016 0x2F5FF3: ex_substitute (ex_cmds.c:4978)
      n1: 3670016 0x2FDF9B: execute_cmd0 (ex_docmd.c:1795)
       n1: 3670016 0x2FF90F: do_one_cmd (ex_docmd.c:2424)
        n1: 3670016 0x2FB04F: do_cmdline (ex_docmd.c:690)
         n1: 3670016 0x4EA963: do_source_ext (runtime.c:2403)
          n1: 3670016 0x4E9CDB: do_source_str (runtime.c:2148)
           n1: 3670016 0x1F67A3: exec_impl (vimscript.c:83)
            n1: 3670016 0x1F6577: nvim_exec2 (vimscript.c:59)
             n1: 3670016 0x3A44E3: nlua_api_nvim_exec2 (lua_api_c_bindings.generated.h:7735)
              n1: 3670016 0x667DD3: lj_BC_FUNCC (in /work/neovim/build/bin/nvim)
               n1: 3670016 0x65401F: lua_pcall (lj_api.c:1135)
                n1: 3670016 0x3B111F: nlua_pcall (executor.c:183)
                 n1: 3670016 0x3B5DF3: nlua_exec_file (executor.c:1954)
                  n0: 3670016 0x3C28C7: main (main.c:679)
    n0: 0 in 1 place, below massif's threshold (1.00%)
  n0: 363615 in 27 places, all below massif's threshold (1.00%)
 n2: 702681 0x403D27: xcalloc (memory.c:173)
  n2: 563328 0x3E2F1F: marktree_alloc_node (marktree.c:437)
   n2: 557760 0x3E178F: split_node (marktree.c:184)
    n2: 554144 0x3E22B3: marktree_putp_aux (marktree.c:282)
     n2: 509936 0x3E239F: marktree_putp_aux (marktree.c:290)
      n1: 308672 0x3E239F: marktree_putp_aux (marktree.c:290)
       n1: 308672 0x3E346B: marktree_put_key (marktree.c:508)
        n1: 308672 0x3E24DB: marktree_put (marktree.c:304)
         n1: 308672 0x32BA87: extmark_set (extmark.c:95)
          n1: 308672 0x1C3BDF: nvim_buf_set_extmark (extmark.c:936)
           n1: 308672 0x397D4F: nlua_api_nvim_buf_set_extmark (lua_api_c_bindings.generated.h:3479)
            n1: 308672 0x667DD3: lj_BC_FUNCC (in /work/neovim/build/bin/nvim)
             n1: 308672 0x65401F: lua_pcall (lj_api.c:1135)
              n1: 308672 0x3B111F: nlua_pcall (executor.c:183)
               n1: 308672 0x3B5DF3: nlua_exec_file (executor.c:1954)
                n0: 308672 0x3C28C7: main (main.c:679)
      n1: 201264 0x3E346B: marktree_put_key (marktree.c:508)
       n1: 201264 0x3E24DB: marktree_put (marktree.c:304)
        n1: 201264 0x32BA87: extmark_set (extmark.c:95)
         n1: 201264 0x1C3BDF: nvim_buf_set_extmark (extmark.c:936)
          n1: 201264 0x397D4F: nlua_api_nvim_buf_set_extmark (lua_api_c_bindings.generated.h:3479)
           n1: 201264 0x667DD3: lj_BC_FUNCC (in /work/neovim/build/bin/nvim)
            n1: 201264 0x65401F: lua_pcall (lj_api.c:1135)
             n1: 201264 0x3B111F: nlua_pcall (executor.c:183)
              n1: 201264 0x3B5DF3: nlua_exec_file (executor.c:1954)
               n0: 201264 0x3C28C7: main (main.c:679)
     n0: 44208 in 1 place, below massif's threshold (1.00%)
    n0: 3616 in 1 place, below massif's threshold (1.00%)
   n0: 5568 in 2 places, all below massif's threshold (1.00%)
  n0: 139353 in 20 places, all below massif's threshold (1.00%)
 n0: 39654 in 24 places, all below massif's threshold (1.00%)
#-----------
snapshot=30
#-----------
time=1985877477
mem_heap_B=11832288
mem_heap_extra_B=1573400
mem_stacks_B=0
heap_tree=empty
#-----------
snapshot=31
#-----------
time=2071621129
mem_heap_B=12032320
mem_heap_extra_B=1644840
mem_stacks_B=0
heap_tree=empty
#-----------
snapshot=32
#-----------
time=2166085210
mem_heap_B=12299483
mem_heap_extra_B=1743885
mem_stacks_B=0
heap_tree=detailed
n4: 12299483 (heap allocation functions) malloc/new/new[], --alloc-fns, etc.
 n2: 7523518 0x403BD7: try_malloc (memory.c:113)
  n5: 7523518 0x403C5B: xmalloc (memory.c:147)
   n1: 2789376 0x3F888B: mf_alloc_bhdr (memfile.c:496)
    n2: 2789376 0x3F80CB: mf_new (memfile.c:260)
     n2: 2764800 0x4004F7: ml_new_data (memline.c:2982)
      n1: 2760704 0x3FE26F: ml_append_int (memline.c:2186)
       n1: 2760704 0x3FEFC3: ml_append_flush (memline.c:2454)
        n1: 2760704 0x3FF0CB: ml_append_buf (memline.c:2507)
         n1: 2760704 0x1B6083: nvim_buf_set_lines (buffer.c:370)
          n1: 2760704 0x38FB47: nlua_api_nvim_buf_set_lines (lua_api_c_bindings.generated.h:612)
           n1: 2760704 0x667DD3: lj_BC_FUNCC (in /work/neovim/build/bin/nvim)
            n1: 2760704 0x65401F: lua_pcall (lj_api.c:1135)
             n1: 2760704 0x3B111F: nlua_pcall (executor.c:183)
              n1: 2760704 0x3B5DF3: nlua_exec_file (executor.c:1954)
               n0: 2760704 0x3C28C7: main (main.c:679)
      n0: 4096 in 1 place, below massif's threshold (1.00%)
     n0: 24576 in 2 places, all below massif's threshold (1.00%)
   n2: 2651425 0x403E53: xmallocz (memory.c:219)
    n2: 2651308 0x403E8B: xmemdupz (memory.c:237)
     n2: 2649362 0x40444F: xstrdup (memory.c:484)
      n2: 2643675 0x593F33: u_save_line_buf (undo.c:3099)
       n2: 2643674 0x58D52F: u_savecommon (undo.c:601)
        n1: 2643553 0x58CAD3: u_savesub (undo.c:278)
         n1: 2643553 0x2F4373: do_sub (ex_cmds.c:4361)
          n1: 2643553 0x2F5FF3: ex_substitute (ex_cmds.c:4978)
           n1: 2643553 0x2FDF9B: execute_cmd0 (ex_docmd.c:1795)
            n1: 2643553 0x2FF90F: do_one_cmd (ex_docmd.c:2424)
             n1: 2643553 0x2FB04F: do_cmdline (ex_docmd.c:690)
              n1: 2643553 0x4EA963: do_source_ext (runtime.c:2403)
               n1: 2643553 0x4E9CDB: do_source_str (runtime.c:2148)
                n1: 2643553 0x1F67A3: exec_impl (vimscript.c:83)
                 n1: 2643553 0x1F6577: nvim_exec2 (vimscript.c:59)
                  n1: 2643553 0x3A44E3: nlua_api_nvim_exec2 (lua_api_c_bindings.generated.h:7735)
                   n1: 2643553 0x667DD3: lj_BC_FUNCC (in /work/neovim/build/bin/nvim)
                    n1: 2643553 0x65401F: lua_pcall (lj_api.c:1135)
                     n1: 2643553 0x3B111F: nlua_pcall (executor.c:183)
                      n1: 2643553 0x3B5DF3: nlua_exec_file (executor.c:1954)
                       n0: 2643553 0x3C28C7: main (main.c:679)
        n0: 121 in 1 place, below massif's threshold (1.00%)
       n0: 1 in 1 place, below massif's threshold (1.00%)
      n0: 5687 in 23 places, all below massif's threshold (1.00%)
     n0: 1946 in 13 places, all below massif's threshold (1.00%)
    n0: 117 in 2 places, all below massif's threshold (1.00%)
   n2: 1660920 0x58D413: u_savecommon (undo.c:572)
    n1: 1660800 0x58CAD3: u_savesub (undo.c:278)
     n1: 1660800 0x2F4373: do_sub (ex_cmds.c:4361)
      n1: 1660800 0x2F5FF3: ex_substitute (ex_cmds.c:4978)
       n1: 1660800 0x2FDF9B: execute_cmd0 (ex_docmd.c:1795)
        n1: 1660800 0x2FF90F: do_one_cmd (ex_docmd.c:2424)
         n1: 1660800 0x2FB04F: do_cmdline (ex_docmd.c:690)
          n1: 1660800 0x4EA963: do_source_ext (runtime.c:2403)
           n1: 1660800 0x4E9CDB: do_source_str (runtime.c:2148)
            n1: 1660800 0x1F67A3: exec_impl (vimscript.c:83)
             n1: 1660800 0x1F6577: nvim_exec2 (vimscript.c:59)
              n1: 1660800 0x3A44E3: nlua_api_nvim_exec2 (lua_api_c_bindings.generated.h:7735)
               n1: 1660800 0x667DD3: lj_BC_FUNCC (in /work/neovim/build/bin/nvim)
                n1: 1660800 0x65401F: lua_pcall (lj_api.c:1135)
                 n1: 1660800 0x3B111F: nlua_pcall (executor.c:183)
                  n1: 1660800 0x3B5DF3: nlua_exec_file (executor.c:1954)
                   n0: 1660800 0x3C28C7: main (main.c:679)
    n0: 120 in 1 place, below massif's threshold (1.00%)
   n2: 332184 0x58D4B3: u_savecommon (undo.c:592)
    n1: 332160 0x58CAD3: u_savesub (undo.c:278)
     n1: 332160 0x2F4373: do_sub (ex_cmds.c:4361)
      n1: 332160 0x2F5FF3: ex_substitute (ex_cmds.c:4978)
       n1: 332160 0x2FDF9B: execute_cmd0 (ex_docmd.c:1795)
        n1: 332160 0x2FF90F: do_one_cmd (ex_docmd.c:2424)
         n1: 332160 0x2FB04F: do_cmdline (ex_docmd.c:690)
          n1: 332160 0x4EA963: do_source_ext (runtime.c:2403)
           n1: 332160 0x4E9CDB: do_source_str (runtime.c:2148)
            n1: 332160 0x1F67A3: exec_impl (vimscript.c:83)
             n1: 332160 0x1F6577: nvim_exec2 (vimscript.c:59)
              n1: 332160 0x3A44E3: nlua_api_nvim_exec2 (lua_api_c_bindings.generated.h:7735)
               n1: 332160 0x667DD3: lj_BC_FUNCC (in /work/neovim/build/bin/nvim)
                n1: 332160 0x65401F: lua_pcall (lj_api.c:1135)
                 n1: 332160 0x3B111F: nlua_pcall (executor.c:183)
                  n1: 332160 0x3B5DF3: nlua_exec_file (executor.c:1954)
                   n0: 332160 0x3C28C7: main (main.c:679)
    n0: 24 in 1 place, below massif's threshold (1.00%)
   n0: 89613 in 38 places, all below massif's threshold (1.00%)
  n0: 0 in 1 place, below massif's threshold (1.00%)
 n2: 4033631 0x403DBF: xrealloc (memory.c:193)
  n1: 3670016 0x32E2F7: extmark_splice_impl (extmark.c:638)
   n2: 3670016 0x32DDC7: extmark_splice (extmark.c:546)
    n1: 3670016 0x2F4437: do_sub (ex_cmds.c:4370)
     n1: 3670016 0x2F5FF3: ex_substitute (ex_cmds.c:4978)
      n1: 3670016 0x2FDF9B: execute_cmd0 (ex_docmd.c:1795)
       n1: 3670016 0x2FF90F: do_one_cmd (ex_docmd.c:2424)
        n1: 3670016 0x2FB04F: do_cmdline (ex_docmd.c:690)
         n1: 3670016 0x4EA963: do_source_ext (runtime.c:2403)
          n1: 3670016 0x4E9CDB: do_source_str (runtime.c:2148)
           n1: 3670016 0x1F67A3: exec_impl (vimscript.c:83)
            n1: 3670016 0x1F6577: nvim_exec2 (vimscript.c:59)
             n1: 3670016 0x3A44E3: nlua_api_nvim_exec2 (lua_api_c_bindings.generated.h:7735)
              n1: 3670016 0x667DD3: lj_BC_FUNCC (in /work/neovim/build/bin/nvim)
               n1: 3670016 0x65401F: lua_pcall (lj_api.c:1135)
                n1: 3670016 0x3B111F: nlua_pcall (executor.c:183)
                 n1: 3670016 0x3B5DF3: nlua_exec_file (executor.c:1954)
                  n0: 3670016 0x3C28C7: main (main.c:679)
    n0: 0 in 1 place, below massif's threshold (1.00%)
  n0: 363615 in 28 places, all below massif's threshold (1.00%)
 n2: 702680 0x403D27: xcalloc (memory.c:173)
  n2: 563328 0x3E2F1F: marktree_alloc_node (marktree.c:437)
   n2: 557760 0x3E178F: split_node (marktree.c:184)
    n2: 554144 0x3E22B3: marktree_putp_aux (marktree.c:282)
     n2: 509936 0x3E239F: marktree_putp_aux (marktree.c:290)
      n1: 308672 0x3E239F: marktree_putp_aux (marktree.c:290)
       n1: 308672 0x3E346B: marktree_put_key (marktree.c:508)
        n1: 308672 0x3E24DB: marktree_put (marktree.c:304)
         n1: 308672 0x32BA87: extmark_set (extmark.c:95)
          n1: 308672 0x1C3BDF: nvim_buf_set_extmark (extmark.c:936)
           n1: 308672 0x397D4F: nlua_api_nvim_buf_set_extmark (lua_api_c_bindings.generated.h:3479)
            n1: 308672 0x667DD3: lj_BC_FUNCC (in /work/neovim/build/bin/nvim)
             n1: 308672 0x65401F: lua_pcall (lj_api.c:1135)
              n1: 308672 0x3B111F: nlua_pcall (executor.c:183)
               n1: 308672 0x3B5DF3: nlua_exec_file (executor.c:1954)
                n0: 308672 0x3C28C7: main (main.c:679)
      n1: 201264 0x3E346B: marktree_put_key (marktree.c:508)
       n1: 201264 0x3E24DB: marktree_put (marktree.c:304)
        n1: 201264 0x32BA87: extmark_set (extmark.c:95)
         n1: 201264 0x1C3BDF: nvim_buf_set_extmark (extmark.c:936)
          n1: 201264 0x397D4F: nlua_api_nvim_buf_set_extmark (lua_api_c_bindings.generated.h:3479)
           n1: 201264 0x667DD3: lj_BC_FUNCC (in /work/neovim/build/bin/nvim)
            n1: 201264 0x65401F: lua_pcall (lj_api.c:1135)
             n1: 201264 0x3B111F: nlua_pcall (executor.c:183)
              n1: 201264 0x3B5DF3: nlua_exec_file (executor.c:1954)
               n0: 201264 0x3C28C7: main (main.c:679)
     n0: 44208 in 1 place, below massif's threshold (1.00%)
    n0: 3616 in 1 place, below massif's threshold (1.00%)
   n0: 5568 in 2 places, all below massif's threshold (1.00%)
  n0: 139352 in 20 places, all below massif's threshold (1.00%)
 n0: 39654 in 24 places, all below massif's threshold (1.00%)
#-----------
snapshot=33
#-----------
time=2225187042
mem_heap_B=12473690
mem_heap_extra_B=1808230
mem_stacks_B=0
heap_tree=empty
#-----------
snapshot=34
#-----------
time=2300277982
mem_heap_B=12680150
mem_heap_extra_B=1884490
mem_stacks_B=0
heap_tree=empty
#-----------
snapshot=35
#-----------
time=2340445720
mem_heap_B=12782825
mem_heap_extra_B=1922415
mem_stacks_B=0
heap_tree=empty
#-----------
snapshot=36
#-----------
time=2402524545
mem_heap_B=12930740
mem_heap_extra_B=1977052
mem_stacks_B=0
heap_tree=detailed
n4: 12930740 (heap allocation functions) malloc/new/new[], --alloc-fns, etc.
 n2: 8154775 0x403BD7: try_malloc (memory.c:113)
  n5: 8154775 0x403C5B: xmalloc (memory.c:147)
   n2: 3009706 0x403E53: xmallocz (memory.c:219)
    n2: 3009589 0x403E8B: xmemdupz (memory.c:237)
     n2: 3007643 0x40444F: xstrdup (memory.c:484)
      n2: 3001956 0x593F33: u_save_line_buf (undo.c:3099)
       n2: 3001955 0x58D52F: u_savecommon (undo.c:601)
        n1: 3001834 0x58CAD3: u_savesub (undo.c:278)
         n1: 3001834 0x2F4373: do_sub (ex_cmds.c:4361)
          n1: 3001834 0x2F5FF3: ex_substitute (ex_cmds.c:4978)
           n1: 3001834 0x2FDF9B: execute_cmd0 (ex_docmd.c:1795)
            n1: 3001834 0x2FF90F: do_one_cmd (ex_docmd.c:2424)
             n1: 3001834 0x2FB04F: do_cmdline (ex_docmd.c:690)
              n1: 3001834 0x4EA963: do_source_ext (runtime.c:2403)
               n1: 3001834 0x4E9CDB: do_source_str (runtime.c:2148)
                n1: 3001834 0x1F67A3: exec_impl (vimscript.c:83)
                 n1: 3001834 0x1F6577: nvim_exec2 (vimscript.c:59)
                  n1: 3001834 0x3A44E3: nlua_api_nvim_exec2 (lua_api_c_bindings.generated.h:7735)
                   n1: 3001834 0x667DD3: lj_BC_FUNCC (in /work/neovim/build/bin/nvim)
                    n1: 3001834 0x65401F: lua_pcall (lj_api.c:1135)
                     n1: 3001834 0x3B111F: nlua_pcall (executor.c:183)
                      n1: 3001834 0x3B5DF3: nlua_exec_file (executor.c:1954)
                       n0: 3001834 0x3C28C7: main (main.c:679)
        n0: 121 in 1 place, below massif's threshold (1.00%)
       n0: 1 in 1 place, below massif's threshold (1.00%)
      n0: 5687 in 23 places, all below massif's threshold (1.00%)
     n0: 1946 in 13 places, all below massif's threshold (1.00%)
    n0: 117 in 2 places, all below massif's threshold (1.00%)
   n1: 2789376 0x3F888B: mf_alloc_bhdr (memfile.c:496)
    n2: 2789376 0x3F80CB: mf_new (memfile.c:260)
     n2: 2764800 0x4004F7: ml_new_data (memline.c:2982)
      n1: 2760704 0x3FE26F: ml_append_int (memline.c:2186)
       n1: 2760704 0x3FEFC3: ml_append_flush (memline.c:2454)
        n1: 2760704 0x3FF0CB: ml_append_buf (memline.c:2507)
         n1: 2760704 0x1B6083: nvim_buf_set_lines (buffer.c:370)
          n1: 2760704 0x38FB47: nlua_api_nvim_buf_set_lines (lua_api_c_bindings.generated.h:612)
           n1: 2760704 0x667DD3: lj_BC_FUNCC (in /work/neovim/build/bin/nvim)
            n1: 2760704 0x65401F: lua_pcall (lj_api.c:1135)
             n1: 2760704 0x3B111F: nlua_pcall (executor.c:183)
              n1: 2760704 0x3B5DF3: nlua_exec_file (executor.c:1954)
               n0: 2760704 0x3C28C7: main (main.c:679)
      n0: 4096 in 1 place, below massif's threshold (1.00%)
     n0: 24576 in 2 places, all below massif's threshold (1.00%)
   n2: 1888400 0x58D413: u_savecommon (undo.c:572)
    n1: 1888280 0x58CAD3: u_savesub (undo.c:278)
     n1: 1888280 0x2F4373: do_sub (ex_cmds.c:4361)
      n1: 1888280 0x2F5FF3: ex_substitute (ex_cmds.c:4978)
       n1: 1888280 0x2FDF9B: execute_cmd0 (ex_docmd.c:1795)
        n1: 1888280 0x2FF90F: do_one_cmd (ex_docmd.c:2424)
         n1: 1888280 0x2FB04F: do_cmdline (ex_docmd.c:690)
          n1: 1888280 0x4EA963: do_source_ext (runtime.c:2403)
           n1: 1888280 0x4E9CDB: do_source_str (runtime.c:2148)
            n1: 1888280 0x1F67A3: exec_impl (vimscript.c:83)
             n1: 1888280 0x1F6577: nvim_exec2 (vimscript.c:59)
              n1: 1888280 0x3A44E3: nlua_api_nvim_exec2 (lua_api_c_bindings.generated.h:7735)
               n1: 1888280 0x667DD3: lj_BC_FUNCC (in /work/neovim/build/bin/nvim)
                n1: 1888280 0x65401F: lua_pcall (lj_api.c:1135)
                 n1: 1888280 0x3B111F: nlua_pcall (executor.c:183)
                  n1: 1888280 0x3B5DF3: nlua_exec_file (executor.c:1954)
                   n0: 1888280 0x3C28C7: main (main.c:679)
    n0: 120 in 1 place, below massif's threshold (1.00%)
   n2: 377680 0x58D4B3: u_savecommon (undo.c:592)
    n1: 377656 0x58CAD3: u_savesub (undo.c:278)
     n1: 377656 0x2F4373: do_sub (ex_cmds.c:4361)
      n1: 377656 0x2F5FF3: ex_substitute (ex_cmds.c:4978)
       n1: 377656 0x2FDF9B: execute_cmd0 (ex_docmd.c:1795)
        n1: 377656 0x2FF90F: do_one_cmd (ex_docmd.c:2424)
         n1: 377656 0x2FB04F: do_cmdline (ex_docmd.c:690)
          n1: 377656 0x4EA963: do_source_ext (runtime.c:2403)
           n1: 377656 0x4E9CDB: do_source_str (runtime.c:2148)
            n1: 377656 0x1F67A3: exec_impl (vimscript.c:83)
             n1: 377656 0x1F6577: nvim_exec2 (vimscript.c:59)
              n1: 377656 0x3A44E3: nlua_api_nvim_exec2 (lua_api_c_bindings.generated.h:7735)
               n1: 377656 0x667DD3: lj_BC_FUNCC (in /work/neovim/build/bin/nvim)
                n1: 377656 0x65401F: lua_pcall (lj_api.c:1135)
                 n1: 377656 0x3B111F: nlua_pcall (executor.c:183)
                  n1: 377656 0x3B5DF3: nlua_exec_file (executor.c:1954)
                   n0: 377656 0x3C28C7: main (main.c:679)
    n0: 24 in 1 place, below massif's threshold (1.00%)
   n0: 89613 in 38 places, all below massif's threshold (1.00%)
  n0: 0 in 1 place, below massif's threshold (1.00%)
 n2: 4033631 0x403DBF: xrealloc (memory.c:193)
  n1: 3670016 0x32E2F7: extmark_splice_impl (extmark.c:638)
   n2: 3670016 0x32DDC7: extmark_splice (extmark.c:546)
    n1: 3670016 0x2F4437: do_sub (ex_cmds.c:4370)
     n1: 3670016 0x2F5FF3: ex_substitute (ex_cmds.c:4978)
      n1: 3670016 0x2FDF9B: execute_cmd0 (ex_docmd.c:1795)
       n1: 3670016 0x2FF90F: do_one_cmd (ex_docmd.c:2424)
        n1: 3670016 0x2FB04F: do_cmdline (ex_docmd.c:690)
         n1: 3670016 0x4EA963: do_source_ext (runtime.c:2403)
          n1: 3670016 0x4E9CDB: do_source_str (runtime.c:2148)
           n1: 3670016 0x1F67A3: exec_impl (vimscript.c:83)
            n1: 3670016 0x1F6577: nvim_exec2 (vimscript.c:59)
             n1: 3670016 0x3A44E3: nlua_api_nvim_exec2 (lua_api_c_bindings.generated.h:7735)
              n1: 3670016 0x667DD3: lj_BC_FUNCC (in /work/neovim/build/bin/nvim)
               n1: 3670016 0x65401F: lua_pcall (lj_api.c:1135)
                n1: 3670016 0x3B111F: nlua_pcall (executor.c:183)
                 n1: 3670016 0x3B5DF3: nlua_exec_file (executor.c:1954)
                  n0: 3670016 0x3C28C7: main (main.c:679)
    n0: 0 in 1 place, below massif's threshold (1.00%)
  n0: 363615 in 28 places, all below massif's threshold (1.00%)
 n2: 702680 0x403D27: xcalloc (memory.c:173)
  n2: 563328 0x3E2F1F: marktree_alloc_node (marktree.c:437)
   n2: 557760 0x3E178F: split_node (marktree.c:184)
    n2: 554144 0x3E22B3: marktree_putp_aux (marktree.c:282)
     n2: 509936 0x3E239F: marktree_putp_aux (marktree.c:290)
      n1: 308672 0x3E239F: marktree_putp_aux (marktree.c:290)
       n1: 308672 0x3E346B: marktree_put_key (marktree.c:508)
        n1: 308672 0x3E24DB: marktree_put (marktree.c:304)
         n1: 308672 0x32BA87: extmark_set (extmark.c:95)
          n1: 308672 0x1C3BDF: nvim_buf_set_extmark (extmark.c:936)
           n1: 308672 0x397D4F: nlua_api_nvim_buf_set_extmark (lua_api_c_bindings.generated.h:3479)
            n1: 308672 0x667DD3: lj_BC_FUNCC (in /work/neovim/build/bin/nvim)
             n1: 308672 0x65401F: lua_pcall (lj_api.c:1135)
              n1: 308672 0x3B111F: nlua_pcall (executor.c:183)
               n1: 308672 0x3B5DF3: nlua_exec_file (executor.c:1954)
                n0: 308672 0x3C28C7: main (main.c:679)
      n1: 201264 0x3E346B: marktree_put_key (marktree.c:508)
       n1: 201264 0x3E24DB: marktree_put (marktree.c:304)
        n1: 201264 0x32BA87: extmark_set (extmark.c:95)
         n1: 201264 0x1C3BDF: nvim_buf_set_extmark (extmark.c:936)
          n1: 201264 0x397D4F: nlua_api_nvim_buf_set_extmark (lua_api_c_bindings.generated.h:3479)
           n1: 201264 0x667DD3: lj_BC_FUNCC (in /work/neovim/build/bin/nvim)
            n1: 201264 0x65401F: lua_pcall (lj_api.c:1135)
             n1: 201264 0x3B111F: nlua_pcall (executor.c:183)
              n1: 201264 0x3B5DF3: nlua_exec_file (executor.c:1954)
               n0: 201264 0x3C28C7: main (main.c:679)
     n0: 44208 in 1 place, below massif's threshold (1.00%)
    n0: 3616 in 1 place, below massif's threshold (1.00%)
   n0: 5568 in 2 places, all below massif's threshold (1.00%)
  n0: 139352 in 20 places, all below massif's threshold (1.00%)
 n0: 39654 in 24 places, all below massif's threshold (1.00%)
#-----------
snapshot=37
#-----------
time=2447263283
mem_heap_B=13039631
mem_heap_extra_B=2017273
mem_stacks_B=0
heap_tree=detailed
n4: 13039631 (heap allocation functions) malloc/new/new[], --alloc-fns, etc.
 n2: 8263666 0x403BD7: try_malloc (memory.c:113)
  n5: 8263666 0x403C5B: xmalloc (memory.c:147)
   n2: 3071509 0x403E53: xmallocz (memory.c:219)
    n2: 3071392 0x403E8B: xmemdupz (memory.c:237)
     n2: 3069446 0x40444F: xstrdup (memory.c:484)
      n2: 3063759 0x593F33: u_save_line_buf (undo.c:3099)
       n2: 3063758 0x58D52F: u_savecommon (undo.c:601)
        n1: 3063637 0x58CAD3: u_savesub (undo.c:278)
         n1: 3063637 0x2F4373: do_sub (ex_cmds.c:4361)
          n1: 3063637 0x2F5FF3: ex_substitute (ex_cmds.c:4978)
           n1: 3063637 0x2FDF9B: execute_cmd0 (ex_docmd.c:1795)
            n1: 3063637 0x2FF90F: do_one_cmd (ex_docmd.c:2424)
             n1: 3063637 0x2FB04F: do_cmdline (ex_docmd.c:690)
              n1: 3063637 0x4EA963: do_source_ext (runtime.c:2403)
               n1: 3063637 0x4E9CDB: do_source_str (runtime.c:2148)
                n1: 3063637 0x1F67A3: exec_impl (vimscript.c:83)
                 n1: 3063637 0x1F6577: nvim_exec2 (vimscript.c:59)
                  n1: 3063637 0x3A44E3: nlua_api_nvim_exec2 (lua_api_c_bindings.generated.h:7735)
                   n1: 3063637 0x667DD3: lj_BC_FUNCC (in /work/neovim/build/bin/nvim)
                    n1: 3063637 0x65401F: lua_pcall (lj_api.c:1135)
                     n1: 3063637 0x3B111F: nlua_pcall (executor.c:183)
                      n1: 3063637 0x3B5DF3: nlua_exec_file (executor.c:1954)
                       n0: 3063637 0x3C28C7: main (main.c:679)
        n0: 121 in 1 place, below massif's threshold (1.00%)
       n0: 1 in 1 place, below massif's threshold (1.00%)
      n0: 5687 in 23 places, all below massif's threshold (1.00%)
     n0: 1946 in 13 places, all below massif's threshold (1.00%)
    n0: 117 in 2 places, all below massif's threshold (1.00%)
   n1: 2789376 0x3F888B: mf_alloc_bhdr (memfile.c:496)
    n2: 2789376 0x3F80CB: mf_new (memfile.c:260)
     n2: 2764800 0x4004F7: ml_new_data (memline.c:2982)
      n1: 2760704 0x3FE26F: ml_append_int (memline.c:2186)
       n1: 2760704 0x3FEFC3: ml_append_flush (memline.c:2454)
        n1: 2760704 0x3FF0CB: ml_append_buf (memline.c:2507)
         n1: 2760704 0x1B6083: nvim_buf_set_lines (buffer.c:370)
          n1: 2760704 0x38FB47: nlua_api_nvim_buf_set_lines (lua_api_c_bindings.generated.h:612)
           n1: 2760704 0x667DD3: lj_BC_FUNCC (in /work/neovim/build/bin/nvim)
            n1: 2760704 0x65401F: lua_pcall (lj_api.c:1135)
             n1: 2760704 0x3B111F: nlua_pcall (executor.c:183)
              n1: 2760704 0x3B5DF3: nlua_exec_file (executor.c:1954)
               n0: 2760704 0x3C28C7: main (main.c:679)
      n0: 4096 in 1 place, below massif's threshold (1.00%)
     n0: 24576 in 2 places, all below massif's threshold (1.00%)
   n2: 1927640 0x58D413: u_savecommon (undo.c:572)
    n1: 1927520 0x58CAD3: u_savesub (undo.c:278)
     n1: 1927520 0x2F4373: do_sub (ex_cmds.c:4361)
      n1: 1927520 0x2F5FF3: ex_substitute (ex_cmds.c:4978)
       n1: 1927520 0x2FDF9B: execute_cmd0 (ex_docmd.c:1795)
        n1: 1927520 0x2FF90F: do_one_cmd (ex_docmd.c:2424)
         n1: 1927520 0x2FB04F: do_cmdline (ex_docmd.c:690)
          n1: 1927520 0x4EA963: do_source_ext (runtime.c:2403)
           n1: 1927520 0x4E9CDB: do_source_str (runtime.c:2148)
            n1: 1927520 0x1F67A3: exec_impl (vimscript.c:83)
             n1: 1927520 0x1F6577: nvim_exec2 (vimscript.c:59)
              n1: 1927520 0x3A44E3: nlua_api_nvim_exec2 (lua_api_c_bindings.generated.h:7735)
               n1: 1927520 0x667DD3: lj_BC_FUNCC (in /work/neovim/build/bin/nvim)
                n1: 1927520 0x65401F: lua_pcall (lj_api.c:1135)
                 n1: 1927520 0x3B111F: nlua_pcall (executor.c:183)
                  n1: 1927520 0x3B5DF3: nlua_exec_file (executor.c:1954)
                   n0: 1927520 0x3C28C7: main (main.c:679)
    n0: 120 in 1 place, below massif's threshold (1.00%)
   n2: 385528 0x58D4B3: u_savecommon (undo.c:592)
    n1: 385504 0x58CAD3: u_savesub (undo.c:278)
     n1: 385504 0x2F4373: do_sub (ex_cmds.c:4361)
      n1: 385504 0x2F5FF3: ex_substitute (ex_cmds.c:4978)
       n1: 385504 0x2FDF9B: execute_cmd0 (ex_docmd.c:1795)
        n1: 385504 0x2FF90F: do_one_cmd (ex_docmd.c:2424)
         n1: 385504 0x2FB04F: do_cmdline (ex_docmd.c:690)
          n1: 385504 0x4EA963: do_source_ext (runtime.c:2403)
           n1: 385504 0x4E9CDB: do_source_str (runtime.c:2148)
            n1: 385504 0x1F67A3: exec_impl (vimscript.c:83)
             n1: 385504 0x1F6577: nvim_exec2 (vimscript.c:59)
              n1: 385504 0x3A44E3: nlua_api_nvim_exec2 (lua_api_c_bindings.generated.h:7735)
               n1: 385504 0x667DD3: lj_BC_FUNCC (in /work/neovim/build/bin/nvim)
                n1: 385504 0x65401F: lua_pcall (lj_api.c:1135)
                 n1: 385504 0x3B111F: nlua_pcall (executor.c:183)
                  n1: 385504 0x3B5DF3: nlua_exec_file (executor.c:1954)
                   n0: 385504 0x3C28C7: main (main.c:679)
    n0: 24 in 1 place, below massif's threshold (1.00%)
   n0: 89613 in 38 places, all below massif's threshold (1.00%)
  n0: 0 in 1 place, below massif's threshold (1.00%)
 n2: 4033631 0x403DBF: xrealloc (memory.c:193)
  n1: 3670016 0x32E2F7: extmark_splice_impl (extmark.c:638)
   n2: 3670016 0x32DDC7: extmark_splice (extmark.c:546)
    n1: 3670016 0x2F4437: do_sub (ex_cmds.c:4370)
     n1: 3670016 0x2F5FF3: ex_substitute (ex_cmds.c:4978)
      n1: 3670016 0x2FDF9B: execute_cmd0 (ex_docmd.c:1795)
       n1: 3670016 0x2FF90F: do_one_cmd (ex_docmd.c:2424)
        n1: 3670016 0x2FB04F: do_cmdline (ex_docmd.c:690)
         n1: 3670016 0x4EA963: do_source_ext (runtime.c:2403)
          n1: 3670016 0x4E9CDB: do_source_str (runtime.c:2148)
           n1: 3670016 0x1F67A3: exec_impl (vimscript.c:83)
            n1: 3670016 0x1F6577: nvim_exec2 (vimscript.c:59)
             n1: 3670016 0x3A44E3: nlua_api_nvim_exec2 (lua_api_c_bindings.generated.h:7735)
              n1: 3670016 0x667DD3: lj_BC_FUNCC (in /work/neovim/build/bin/nvim)
               n1: 3670016 0x65401F: lua_pcall (lj_api.c:1135)
                n1: 3670016 0x3B111F: nlua_pcall (executor.c:183)
                 n1: 3670016 0x3B5DF3: nlua_exec_file (executor.c:1954)
                  n0: 3670016 0x3C28C7: main (main.c:679)
    n0: 0 in 1 place, below massif's threshold (1.00%)
  n0: 363615 in 28 places, all below massif's threshold (1.00%)
 n2: 702680 0x403D27: xcalloc (memory.c:173)
  n2: 563328 0x3E2F1F: marktree_alloc_node (marktree.c:437)
   n2: 557760 0x3E178F: split_node (marktree.c:184)
    n2: 554144 0x3E22B3: marktree_putp_aux (marktree.c:282)
     n2: 509936 0x3E239F: marktree_putp_aux (marktree.c:290)
      n1: 308672 0x3E239F: marktree_putp_aux (marktree.c:290)
       n1: 308672 0x3E346B: marktree_put_key (marktree.c:508)
        n1: 308672 0x3E24DB: marktree_put (marktree.c:304)
         n1: 308672 0x32BA87: extmark_set (extmark.c:95)
          n1: 308672 0x1C3BDF: nvim_buf_set_extmark (extmark.c:936)
           n1: 308672 0x397D4F: nlua_api_nvim_buf_set_extmark (lua_api_c_bindings.generated.h:3479)
            n1: 308672 0x667DD3: lj_BC_FUNCC (in /work/neovim/build/bin/nvim)
             n1: 308672 0x65401F: lua_pcall (lj_api.c:1135)
              n1: 308672 0x3B111F: nlua_pcall (executor.c:183)
               n1: 308672 0x3B5DF3: nlua_exec_file (executor.c:1954)
                n0: 308672 0x3C28C7: main (main.c:679)
      n1: 201264 0x3E346B: marktree_put_key (marktree.c:508)
       n1: 201264 0x3E24DB: marktree_put (marktree.c:304)
        n1: 201264 0x32BA87: extmark_set (extmark.c:95)
         n1: 201264 0x1C3BDF: nvim_buf_set_extmark (extmark.c:936)
          n1: 201264 0x397D4F: nlua_api_nvim_buf_set_extmark (lua_api_c_bindings.generated.h:3479)
           n1: 201264 0x667DD3: lj_BC_FUNCC (in /work/neovim/build/bin/nvim)
            n1: 201264 0x65401F: lua_pcall (lj_api.c:1135)
             n1: 201264 0x3B111F: nlua_pcall (executor.c:183)
              n1: 201264 0x3B5DF3: nlua_exec_file (executor.c:1954)
               n0: 201264 0x3C28C7: main (main.c:679)
     n0: 44208 in 1 place, below massif's threshold (1.00%)
    n0: 3616 in 1 place, below massif's threshold (1.00%)
   n0: 5568 in 2 places, all below massif's threshold (1.00%)
  n0: 139352 in 20 places, all below massif's threshold (1.00%)
 n0: 39654 in 24 places, all below massif's threshold (1.00%)
#-----------
snapshot=38
#-----------
time=2499522081
mem_heap_B=13149632
mem_heap_extra_B=2057904
mem_stacks_B=0
heap_tree=detailed
n4: 13149632 (heap allocation functions) malloc/new/new[], --alloc-fns, etc.
 n2: 8373667 0x403BD7: try_malloc (memory.c:113)
  n5: 8373667 0x403C5B: xmalloc (memory.c:147)
   n2: 3133942 0x403E53: xmallocz (memory.c:219)
    n2: 3133825 0x403E8B: xmemdupz (memory.c:237)
     n2: 3131879 0x40444F: xstrdup (memory.c:484)
      n2: 3126192 0x593F33: u_save_line_buf (undo.c:3099)
       n2: 3126191 0x58D52F: u_savecommon (undo.c:601)
        n1: 3126070 0x58CAD3: u_savesub (undo.c:278)
         n1: 3126070 0x2F4373: do_sub (ex_cmds.c:4361)
          n1: 3126070 0x2F5FF3: ex_substitute (ex_cmds.c:4978)
           n1: 3126070 0x2FDF9B: execute_cmd0 (ex_docmd.c:1795)
            n1: 3126070 0x2FF90F: do_one_cmd (ex_docmd.c:2424)
             n1: 3126070 0x2FB04F: do_cmdline (ex_docmd.c:690)
              n1: 3126070 0x4EA963: do_source_ext (runtime.c:2403)
               n1: 3126070 0x4E9CDB: do_source_str (runtime.c:2148)
                n1: 3126070 0x1F67A3: exec_impl (vimscript.c:83)
                 n1: 3126070 0x1F6577: nvim_exec2 (vimscript.c:59)
                  n1: 3126070 0x3A44E3: nlua_api_nvim_exec2 (lua_api_c_bindings.generated.h:7735)
                   n1: 3126070 0x667DD3: lj_BC_FUNCC (in /work/neovim/build/bin/nvim)
                    n1: 3126070 0x65401F: lua_pcall (lj_api.c:1135)
                     n1: 3126070 0x3B111F: nlua_pcall (executor.c:183)
                      n1: 3126070 0x3B5DF3: nlua_exec_file (executor.c:1954)
                       n0: 3126070 0x3C28C7: main (main.c:679)
        n0: 121 in 1 place, below massif's threshold (1.00%)
       n0: 1 in 1 place, below massif's threshold (1.00%)
      n0: 5687 in 23 places, all below massif's threshold (1.00%)
     n0: 1946 in 13 places, all below massif's threshold (1.00%)
    n0: 117 in 2 places, all below massif's threshold (1.00%)
   n1: 2789376 0x3F888B: mf_alloc_bhdr (memfile.c:496)
    n2: 2789376 0x3F80CB: mf_new (memfile.c:260)
     n2: 2764800 0x4004F7: ml_new_data (memline.c:2982)
      n1: 2760704 0x3FE26F: ml_append_int (memline.c:2186)
       n1: 2760704 0x3FEFC3: ml_append_flush (memline.c:2454)
        n1: 2760704 0x3FF0CB: ml_append_buf (memline.c:2507)
         n1: 2760704 0x1B6083: nvim_buf_set_lines (buffer.c:370)
          n1: 2760704 0x38FB47: nlua_api_nvim_buf_set_lines (lua_api_c_bindings.generated.h:612)
           n1: 2760704 0x667DD3: lj_BC_FUNCC (in /work/neovim/build/bin/nvim)
            n1: 2760704 0x65401F: lua_pcall (lj_api.c:1135)
             n1: 2760704 0x3B111F: nlua_pcall (executor.c:183)
              n1: 2760704 0x3B5DF3: nlua_exec_file (executor.c:1954)
               n0: 2760704 0x3C28C7: main (main.c:679)
      n0: 4096 in 1 place, below massif's threshold (1.00%)
     n0: 24576 in 2 places, all below massif's threshold (1.00%)
   n2: 1967280 0x58D413: u_savecommon (undo.c:572)
    n1: 1967160 0x58CAD3: u_savesub (undo.c:278)
     n1: 1967160 0x2F4373: do_sub (ex_cmds.c:4361)
      n1: 1967160 0x2F5FF3: ex_substitute (ex_cmds.c:4978)
       n1: 1967160 0x2FDF9B: execute_cmd0 (ex_docmd.c:1795)
        n1: 1967160 0x2FF90F: do_one_cmd (ex_docmd.c:2424)
         n1: 1967160 0x2FB04F: do_cmdline (ex_docmd.c:690)
          n1: 1967160 0x4EA963: do_source_ext (runtime.c:2403)
           n1: 1967160 0x4E9CDB: do_source_str (runtime.c:2148)
            n1: 1967160 0x1F67A3: exec_impl (vimscript.c:83)
             n1: 1967160 0x1F6577: nvim_exec2 (vimscript.c:59)
              n1: 1967160 0x3A44E3: nlua_api_nvim_exec2 (lua_api_c_bindings.generated.h:7735)
               n1: 1967160 0x667DD3: lj_BC_FUNCC (in /work/neovim/build/bin/nvim)
                n1: 1967160 0x65401F: lua_pcall (lj_api.c:1135)
                 n1: 1967160 0x3B111F: nlua_pcall (executor.c:183)
                  n1: 1967160 0x3B5DF3: nlua_exec_file (executor.c:1954)
                   n0: 1967160 0x3C28C7: main (main.c:679)
    n0: 120 in 1 place, below massif's threshold (1.00%)
   n2: 393456 0x58D4B3: u_savecommon (undo.c:592)
    n1: 393432 0x58CAD3: u_savesub (undo.c:278)
     n1: 393432 0x2F4373: do_sub (ex_cmds.c:4361)
      n1: 393432 0x2F5FF3: ex_substitute (ex_cmds.c:4978)
       n1: 393432 0x2FDF9B: execute_cmd0 (ex_docmd.c:1795)
        n1: 393432 0x2FF90F: do_one_cmd (ex_docmd.c:2424)
         n1: 393432 0x2FB04F: do_cmdline (ex_docmd.c:690)
          n1: 393432 0x4EA963: do_source_ext (runtime.c:2403)
           n1: 393432 0x4E9CDB: do_source_str (runtime.c:2148)
            n1: 393432 0x1F67A3: exec_impl (vimscript.c:83)
             n1: 393432 0x1F6577: nvim_exec2 (vimscript.c:59)
              n1: 393432 0x3A44E3: nlua_api_nvim_exec2 (lua_api_c_bindings.generated.h:7735)
               n1: 393432 0x667DD3: lj_BC_FUNCC (in /work/neovim/build/bin/nvim)
                n1: 393432 0x65401F: lua_pcall (lj_api.c:1135)
                 n1: 393432 0x3B111F: nlua_pcall (executor.c:183)
                  n1: 393432 0x3B5DF3: nlua_exec_file (executor.c:1954)
                   n0: 393432 0x3C28C7: main (main.c:679)
    n0: 24 in 1 place, below massif's threshold (1.00%)
   n0: 89613 in 38 places, all below massif's threshold (1.00%)
  n0: 0 in 1 place, below massif's threshold (1.00%)
 n2: 4033631 0x403DBF: xrealloc (memory.c:193)
  n1: 3670016 0x32E2F7: extmark_splice_impl (extmark.c:638)
   n2: 3670016 0x32DDC7: extmark_splice (extmark.c:546)
    n1: 3670016 0x2F4437: do_sub (ex_cmds.c:4370)
     n1: 3670016 0x2F5FF3: ex_substitute (ex_cmds.c:4978)
      n1: 3670016 0x2FDF9B: execute_cmd0 (ex_docmd.c:1795)
       n1: 3670016 0x2FF90F: do_one_cmd (ex_docmd.c:2424)
        n1: 3670016 0x2FB04F: do_cmdline (ex_docmd.c:690)
         n1: 3670016 0x4EA963: do_source_ext (runtime.c:2403)
          n1: 3670016 0x4E9CDB: do_source_str (runtime.c:2148)
           n1: 3670016 0x1F67A3: exec_impl (vimscript.c:83)
            n1: 3670016 0x1F6577: nvim_exec2 (vimscript.c:59)
             n1: 3670016 0x3A44E3: nlua_api_nvim_exec2 (lua_api_c_bindings.generated.h:7735)
              n1: 3670016 0x667DD3: lj_BC_FUNCC (in /work/neovim/build/bin/nvim)
               n1: 3670016 0x65401F: lua_pcall (lj_api.c:1135)
                n1: 3670016 0x3B111F: nlua_pcall (executor.c:183)
                 n1: 3670016 0x3B5DF3: nlua_exec_file (executor.c:1954)
                  n0: 3670016 0x3C28C7: main (main.c:679)
    n0: 0 in 1 place, below massif's threshold (1.00%)
  n0: 363615 in 28 places, all below massif's threshold (1.00%)
 n2: 702680 0x403D27: xcalloc (memory.c:173)
  n2: 563328 0x3E2F1F: marktree_alloc_node (marktree.c:437)
   n2: 557760 0x3E178F: split_node (marktree.c:184)
    n2: 554144 0x3E22B3: marktree_putp_aux (marktree.c:282)
     n2: 509936 0x3E239F: marktree_putp_aux (marktree.c:290)
      n1: 308672 0x3E239F: marktree_putp_aux (marktree.c:290)
       n1: 308672 0x3E346B: marktree_put_key (marktree.c:508)
        n1: 308672 0x3E24DB: marktree_put (marktree.c:304)
         n1: 308672 0x32BA87: extmark_set (extmark.c:95)
          n1: 308672 0x1C3BDF: nvim_buf_set_extmark (extmark.c:936)
           n1: 308672 0x397D4F: nlua_api_nvim_buf_set_extmark (lua_api_c_bindings.generated.h:3479)
            n1: 308672 0x667DD3: lj_BC_FUNCC (in /work/neovim/build/bin/nvim)
             n1: 308672 0x65401F: lua_pcall (lj_api.c:1135)
              n1: 308672 0x3B111F: nlua_pcall (executor.c:183)
               n1: 308672 0x3B5DF3: nlua_exec_file (executor.c:1954)
                n0: 308672 0x3C28C7: main (main.c:679)
      n1: 201264 0x3E346B: marktree_put_key (marktree.c:508)
       n1: 201264 0x3E24DB: marktree_put (marktree.c:304)
        n1: 201264 0x32BA87: extmark_set (extmark.c:95)
         n1: 201264 0x1C3BDF: nvim_buf_set_extmark (extmark.c:936)
          n1: 201264 0x397D4F: nlua_api_nvim_buf_set_extmark (lua_api_c_bindings.generated.h:3479)
           n1: 201264 0x667DD3: lj_BC_FUNCC (in /work/neovim/build/bin/nvim)
            n1: 201264 0x65401F: lua_pcall (lj_api.c:1135)
             n1: 201264 0x3B111F: nlua_pcall (executor.c:183)
              n1: 201264 0x3B5DF3: nlua_exec_file (executor.c:1954)
               n0: 201264 0x3C28C7: main (main.c:679)
     n0: 44208 in 1 place, below massif's threshold (1.00%)
    n0: 3616 in 1 place, below massif's threshold (1.00%)
   n0: 5568 in 2 places, all below massif's threshold (1.00%)
  n0: 139352 in 20 places, all below massif's threshold (1.00%)
 n0: 39654 in 24 places, all below massif's threshold (1.00%)
#-----------
snapshot=39
#-----------
time=2591131098
mem_heap_B=13374161
mem_heap_extra_B=2139199
mem_stacks_B=0
heap_tree=detailed
n4: 13374161 (heap allocation functions) malloc/new/new[], --alloc-fns, etc.
 n2: 8598195 0x403BD7: try_malloc (memory.c:113)
  n5: 8598195 0x403C5B: xmalloc (memory.c:147)
   n2: 3261894 0x403E53: xmallocz (memory.c:219)
    n2: 3261776 0x403E8B: xmemdupz (memory.c:237)
     n2: 3259829 0x40444F: xstrdup (memory.c:484)
      n2: 3254142 0x593F33: u_save_line_buf (undo.c:3099)
       n2: 3254141 0x58D52F: u_savecommon (undo.c:601)
        n1: 3254020 0x58CAD3: u_savesub (undo.c:278)
         n1: 3254020 0x2F4373: do_sub (ex_cmds.c:4361)
          n1: 3254020 0x2F5FF3: ex_substitute (ex_cmds.c:4978)
           n1: 3254020 0x2FDF9B: execute_cmd0 (ex_docmd.c:1795)
            n1: 3254020 0x2FF90F: do_one_cmd (ex_docmd.c:2424)
             n1: 3254020 0x2FB04F: do_cmdline (ex_docmd.c:690)
              n1: 3254020 0x4EA963: do_source_ext (runtime.c:2403)
               n1: 3254020 0x4E9CDB: do_source_str (runtime.c:2148)
                n1: 3254020 0x1F67A3: exec_impl (vimscript.c:83)
                 n1: 3254020 0x1F6577: nvim_exec2 (vimscript.c:59)
                  n1: 3254020 0x3A44E3: nlua_api_nvim_exec2 (lua_api_c_bindings.generated.h:7735)
                   n1: 3254020 0x667DD3: lj_BC_FUNCC (in /work/neovim/build/bin/nvim)
                    n1: 3254020 0x65401F: lua_pcall (lj_api.c:1135)
                     n1: 3254020 0x3B111F: nlua_pcall (executor.c:183)
                      n1: 3254020 0x3B5DF3: nlua_exec_file (executor.c:1954)
                       n0: 3254020 0x3C28C7: main (main.c:679)
        n0: 121 in 1 place, below massif's threshold (1.00%)
       n0: 1 in 1 place, below massif's threshold (1.00%)
      n0: 5687 in 23 places, all below massif's threshold (1.00%)
     n0: 1947 in 13 places, all below massif's threshold (1.00%)
    n0: 118 in 2 places, all below massif's threshold (1.00%)
   n1: 2789376 0x3F888B: mf_alloc_bhdr (memfile.c:496)
    n2: 2789376 0x3F80CB: mf_new (memfile.c:260)
     n2: 2764800 0x4004F7: ml_new_data (memline.c:2982)
      n1: 2760704 0x3FE26F: ml_append_int (memline.c:2186)
       n1: 2760704 0x3FEFC3: ml_append_flush (memline.c:2454)
        n1: 2760704 0x3FF0CB: ml_append_buf (memline.c:2507)
         n1: 2760704 0x1B6083: nvim_buf_set_lines (buffer.c:370)
          n1: 2760704 0x38FB47: nlua_api_nvim_buf_set_lines (lua_api_c_bindings.generated.h:612)
           n1: 2760704 0x667DD3: lj_BC_FUNCC (in /work/neovim/build/bin/nvim)
            n1: 2760704 0x65401F: lua_pcall (lj_api.c:1135)
             n1: 2760704 0x3B111F: nlua_pcall (executor.c:183)
              n1: 2760704 0x3B5DF3: nlua_exec_file (executor.c:1954)
               n0: 2760704 0x3C28C7: main (main.c:679)
      n0: 4096 in 1 place, below massif's threshold (1.00%)
     n0: 24576 in 2 places, all below massif's threshold (1.00%)
   n2: 2047760 0x58D413: u_savecommon (undo.c:572)
    n1: 2047640 0x58CAD3: u_savesub (undo.c:278)
     n1: 2047640 0x2F4373: do_sub (ex_cmds.c:4361)
      n1: 2047640 0x2F5FF3: ex_substitute (ex_cmds.c:4978)
       n1: 2047640 0x2FDF9B: execute_cmd0 (ex_docmd.c:1795)
        n1: 2047640 0x2FF90F: do_one_cmd (ex_docmd.c:2424)
         n1: 2047640 0x2FB04F: do_cmdline (ex_docmd.c:690)
          n1: 2047640 0x4EA963: do_source_ext (runtime.c:2403)
           n1: 2047640 0x4E9CDB: do_source_str (runtime.c:2148)
            n1: 2047640 0x1F67A3: exec_impl (vimscript.c:83)
             n1: 2047640 0x1F6577: nvim_exec2 (vimscript.c:59)
              n1: 2047640 0x3A44E3: nlua_api_nvim_exec2 (lua_api_c_bindings.generated.h:7735)
               n1: 2047640 0x667DD3: lj_BC_FUNCC (in /work/neovim/build/bin/nvim)
                n1: 2047640 0x65401F: lua_pcall (lj_api.c:1135)
                 n1: 2047640 0x3B111F: nlua_pcall (executor.c:183)
                  n1: 2047640 0x3B5DF3: nlua_exec_file (executor.c:1954)
                   n0: 2047640 0x3C28C7: main (main.c:679)
    n0: 120 in 1 place, below massif's threshold (1.00%)
   n2: 409552 0x58D4B3: u_savecommon (undo.c:592)
    n1: 409528 0x58CAD3: u_savesub (undo.c:278)
     n1: 409528 0x2F4373: do_sub (ex_cmds.c:4361)
      n1: 409528 0x2F5FF3: ex_substitute (ex_cmds.c:4978)
       n1: 409528 0x2FDF9B: execute_cmd0 (ex_docmd.c:1795)
        n1: 409528 0x2FF90F: do_one_cmd (ex_docmd.c:2424)
         n1: 409528 0x2FB04F: do_cmdline (ex_docmd.c:690)
          n1: 409528 0x4EA963: do_source_ext (runtime.c:2403)
           n1: 409528 0x4E9CDB: do_source_str (runtime.c:2148)
            n1: 409528 0x1F67A3: exec_impl (vimscript.c:83)
             n1: 409528 0x1F6577: nvim_exec2 (vimscript.c:59)
              n1: 409528 0x3A44E3: nlua_api_nvim_exec2 (lua_api_c_bindings.generated.h:7735)
               n1: 409528 0x667DD3: lj_BC_FUNCC (in /work/neovim/build/bin/nvim)
                n1: 409528 0x65401F: lua_pcall (lj_api.c:1135)
                 n1: 409528 0x3B111F: nlua_pcall (executor.c:183)
                  n1: 409528 0x3B5DF3: nlua_exec_file (executor.c:1954)
                   n0: 409528 0x3C28C7: main (main.c:679)
    n0: 24 in 1 place, below massif's threshold (1.00%)
   n0: 89613 in 38 places, all below massif's threshold (1.00%)
  n0: 0 in 1 place, below massif's threshold (1.00%)
 n2: 4033631 0x403DBF: xrealloc (memory.c:193)
  n1: 3670016 0x32E2F7: extmark_splice_impl (extmark.c:638)
   n2: 3670016 0x32DDC7: extmark_splice (extmark.c:546)
    n1: 3670016 0x2F4437: do_sub (ex_cmds.c:4370)
     n1: 3670016 0x2F5FF3: ex_substitute (ex_cmds.c:4978)
      n1: 3670016 0x2FDF9B: execute_cmd0 (ex_docmd.c:1795)
       n1: 3670016 0x2FF90F: do_one_cmd (ex_docmd.c:2424)
        n1: 3670016 0x2FB04F: do_cmdline (ex_docmd.c:690)
         n1: 3670016 0x4EA963: do_source_ext (runtime.c:2403)
          n1: 3670016 0x4E9CDB: do_source_str (runtime.c:2148)
           n1: 3670016 0x1F67A3: exec_impl (vimscript.c:83)
            n1: 3670016 0x1F6577: nvim_exec2 (vimscript.c:59)
             n1: 3670016 0x3A44E3: nlua_api_nvim_exec2 (lua_api_c_bindings.generated.h:7735)
              n1: 3670016 0x667DD3: lj_BC_FUNCC (in /work/neovim/build/bin/nvim)
               n1: 3670016 0x65401F: lua_pcall (lj_api.c:1135)
                n1: 3670016 0x3B111F: nlua_pcall (executor.c:183)
                 n1: 3670016 0x3B5DF3: nlua_exec_file (executor.c:1954)
                  n0: 3670016 0x3C28C7: main (main.c:679)
    n0: 0 in 1 place, below massif's threshold (1.00%)
  n0: 363615 in 28 places, all below massif's threshold (1.00%)
 n2: 702681 0x403D27: xcalloc (memory.c:173)
  n2: 563328 0x3E2F1F: marktree_alloc_node (marktree.c:437)
   n2: 557760 0x3E178F: split_node (marktree.c:184)
    n2: 554144 0x3E22B3: marktree_putp_aux (marktree.c:282)
     n2: 509936 0x3E239F: marktree_putp_aux (marktree.c:290)
      n1: 308672 0x3E239F: marktree_putp_aux (marktree.c:290)
       n1: 308672 0x3E346B: marktree_put_key (marktree.c:508)
        n1: 308672 0x3E24DB: marktree_put (marktree.c:304)
         n1: 308672 0x32BA87: extmark_set (extmark.c:95)
          n1: 308672 0x1C3BDF: nvim_buf_set_extmark (extmark.c:936)
           n1: 308672 0x397D4F: nlua_api_nvim_buf_set_extmark (lua_api_c_bindings.generated.h:3479)
            n1: 308672 0x667DD3: lj_BC_FUNCC (in /work/neovim/build/bin/nvim)
             n1: 308672 0x65401F: lua_pcall (lj_api.c:1135)
              n1: 308672 0x3B111F: nlua_pcall (executor.c:183)
               n1: 308672 0x3B5DF3: nlua_exec_file (executor.c:1954)
                n0: 308672 0x3C28C7: main (main.c:679)
      n1: 201264 0x3E346B: marktree_put_key (marktree.c:508)
       n1: 201264 0x3E24DB: marktree_put (marktree.c:304)
        n1: 201264 0x32BA87: extmark_set (extmark.c:95)
         n1: 201264 0x1C3BDF: nvim_buf_set_extmark (extmark.c:936)
          n1: 201264 0x397D4F: nlua_api_nvim_buf_set_extmark (lua_api_c_bindings.generated.h:3479)
           n1: 201264 0x667DD3: lj_BC_FUNCC (in /work/neovim/build/bin/nvim)
            n1: 201264 0x65401F: lua_pcall (lj_api.c:1135)
             n1: 201264 0x3B111F: nlua_pcall (executor.c:183)
              n1: 201264 0x3B5DF3: nlua_exec_file (executor.c:1954)
               n0: 201264 0x3C28C7: main (main.c:679)
     n0: 44208 in 1 place, below massif's threshold (1.00%)
    n0: 3616 in 1 place, below massif's threshold (1.00%)
   n0: 5568 in 2 places, all below massif's threshold (1.00%)
  n0: 139353 in 20 places, all below massif's threshold (1.00%)
 n0: 39654 in 24 places, all below massif's threshold (1.00%)
#-----------
snapshot=40
#-----------
time=2653143086
mem_heap_B=13560577
mem_heap_extra_B=2205775
mem_stacks_B=0
heap_tree=empty
#-----------
snapshot=41
#-----------
time=2736381584
mem_heap_B=13777857
mem_heap_extra_B=2283375
mem_stacks_B=0
heap_tree=empty
#-----------
snapshot=42
#-----------
time=2783740483
mem_heap_B=13900761
mem_heap_extra_B=2327287
mem_stacks_B=0
heap_tree=empty
#-----------
snapshot=43
#-----------
time=2832391349
mem_heap_B=14019665
mem_heap_extra_B=2369735
mem_stacks_B=0
heap_tree=empty
#-----------
snapshot=44
#-----------
time=2882595672
mem_heap_B=14133345
mem_heap_extra_B=2410335
mem_stacks_B=0
heap_tree=empty
#-----------
snapshot=45
#-----------
time=2937082910
mem_heap_B=14252625
mem_heap_extra_B=2452935
mem_stacks_B=0
heap_tree=empty
#-----------
snapshot=46
#-----------
time=3019451881
mem_heap_B=14437425
mem_heap_extra_B=2518935
mem_stacks_B=0
heap_tree=empty
#-----------
snapshot=47
#-----------
time=3086826718
mem_heap_B=14642721
mem_heap_extra_B=2592255
mem_stacks_B=0
heap_tree=empty
#-----------
snapshot=48
#-----------
time=3150581015
mem_heap_B=14824673
mem_heap_extra_B=2657239
mem_stacks_B=0
heap_tree=detailed
n4: 14824673 (heap allocation functions) malloc/new/new[], --alloc-fns, etc.
 n2: 10048707 0x403BD7: try_malloc (memory.c:113)
  n5: 10048707 0x403C5B: xmalloc (memory.c:147)
   n2: 4090758 0x403E53: xmallocz (memory.c:219)
    n2: 4090640 0x403E8B: xmemdupz (memory.c:237)
     n2: 4088693 0x40444F: xstrdup (memory.c:484)
      n2: 4083006 0x593F33: u_save_line_buf (undo.c:3099)
       n2: 4083005 0x58D52F: u_savecommon (undo.c:601)
        n1: 4082884 0x58CAD3: u_savesub (undo.c:278)
         n1: 4082884 0x2F4373: do_sub (ex_cmds.c:4361)
          n1: 4082884 0x2F5FF3: ex_substitute (ex_cmds.c:4978)
           n1: 4082884 0x2FDF9B: execute_cmd0 (ex_docmd.c:1795)
            n1: 4082884 0x2FF90F: do_one_cmd (ex_docmd.c:2424)
             n1: 4082884 0x2FB04F: do_cmdline (ex_docmd.c:690)
              n1: 4082884 0x4EA963: do_source_ext (runtime.c:2403)
               n1: 4082884 0x4E9CDB: do_source_str (runtime.c:2148)
                n1: 4082884 0x1F67A3: exec_impl (vimscript.c:83)
                 n1: 4082884 0x1F6577: nvim_exec2 (vimscript.c:59)
                  n1: 4082884 0x3A44E3: nlua_api_nvim_exec2 (lua_api_c_bindings.generated.h:7735)
                   n1: 4082884 0x667DD3: lj_BC_FUNCC (in /work/neovim/build/bin/nvim)
                    n1: 4082884 0x65401F: lua_pcall (lj_api.c:1135)
                     n1: 4082884 0x3B111F: nlua_pcall (executor.c:183)
                      n1: 4082884 0x3B5DF3: nlua_exec_file (executor.c:1954)
                       n0: 4082884 0x3C28C7: main (main.c:679)
        n0: 121 in 1 place, below massif's threshold (1.00%)
       n0: 1 in 1 place, below massif's threshold (1.00%)
      n0: 5687 in 23 places, all below massif's threshold (1.00%)
     n0: 1947 in 13 places, all below massif's threshold (1.00%)
    n0: 118 in 2 places, all below massif's threshold (1.00%)
   n1: 2789376 0x3F888B: mf_alloc_bhdr (memfile.c:496)
    n2: 2789376 0x3F80CB: mf_new (memfile.c:260)
     n2: 2764800 0x4004F7: ml_new_data (memline.c:2982)
      n1: 2760704 0x3FE26F: ml_append_int (memline.c:2186)
       n1: 2760704 0x3FEFC3: ml_append_flush (memline.c:2454)
        n1: 2760704 0x3FF0CB: ml_append_buf (memline.c:2507)
         n1: 2760704 0x1B6083: nvim_buf_set_lines (buffer.c:370)
          n1: 2760704 0x38FB47: nlua_api_nvim_buf_set_lines (lua_api_c_bindings.generated.h:612)
           n1: 2760704 0x667DD3: lj_BC_FUNCC (in /work/neovim/build/bin/nvim)
            n1: 2760704 0x65401F: lua_pcall (lj_api.c:1135)
             n1: 2760704 0x3B111F: nlua_pcall (executor.c:183)
              n1: 2760704 0x3B5DF3: nlua_exec_file (executor.c:1954)
               n0: 2760704 0x3C28C7: main (main.c:679)
      n0: 4096 in 1 place, below massif's threshold (1.00%)
     n0: 24576 in 2 places, all below massif's threshold (1.00%)
   n2: 2565800 0x58D413: u_savecommon (undo.c:572)
    n1: 2565680 0x58CAD3: u_savesub (undo.c:278)
     n1: 2565680 0x2F4373: do_sub (ex_cmds.c:4361)
      n1: 2565680 0x2F5FF3: ex_substitute (ex_cmds.c:4978)
       n1: 2565680 0x2FDF9B: execute_cmd0 (ex_docmd.c:1795)
        n1: 2565680 0x2FF90F: do_one_cmd (ex_docmd.c:2424)
         n1: 2565680 0x2FB04F: do_cmdline (ex_docmd.c:690)
          n1: 2565680 0x4EA963: do_source_ext (runtime.c:2403)
           n1: 2565680 0x4E9CDB: do_source_str (runtime.c:2148)
            n1: 2565680 0x1F67A3: exec_impl (vimscript.c:83)
             n1: 2565680 0x1F6577: nvim_exec2 (vimscript.c:59)
              n1: 2565680 0x3A44E3: nlua_api_nvim_exec2 (lua_api_c_bindings.generated.h:7735)
               n1: 2565680 0x667DD3: lj_BC_FUNCC (in /work/neovim/build/bin/nvim)
                n1: 2565680 0x65401F: lua_pcall (lj_api.c:1135)
                 n1: 2565680 0x3B111F: nlua_pcall (executor.c:183)
                  n1: 2565680 0x3B5DF3: nlua_exec_file (executor.c:1954)
                   n0: 2565680 0x3C28C7: main (main.c:679)
    n0: 120 in 1 place, below massif's threshold (1.00%)
   n2: 513160 0x58D4B3: u_savecommon (undo.c:592)
    n1: 513136 0x58CAD3: u_savesub (undo.c:278)
     n1: 513136 0x2F4373: do_sub (ex_cmds.c:4361)
      n1: 513136 0x2F5FF3: ex_substitute (ex_cmds.c:4978)
       n1: 513136 0x2FDF9B: execute_cmd0 (ex_docmd.c:1795)
        n1: 513136 0x2FF90F: do_one_cmd (ex_docmd.c:2424)
         n1: 513136 0x2FB04F: do_cmdline (ex_docmd.c:690)
          n1: 513136 0x4EA963: do_source_ext (runtime.c:2403)
           n1: 513136 0x4E9CDB: do_source_str (runtime.c:2148)
            n1: 513136 0x1F67A3: exec_impl (vimscript.c:83)
             n1: 513136 0x1F6577: nvim_exec2 (vimscript.c:59)
              n1: 513136 0x3A44E3: nlua_api_nvim_exec2 (lua_api_c_bindings.generated.h:7735)
               n1: 513136 0x667DD3: lj_BC_FUNCC (in /work/neovim/build/bin/nvim)
                n1: 513136 0x65401F: lua_pcall (lj_api.c:1135)
                 n1: 513136 0x3B111F: nlua_pcall (executor.c:183)
                  n1: 513136 0x3B5DF3: nlua_exec_file (executor.c:1954)
                   n0: 513136 0x3C28C7: main (main.c:679)
    n0: 24 in 1 place, below massif's threshold (1.00%)
   n0: 89613 in 38 places, all below massif's threshold (1.00%)
  n0: 0 in 1 place, below massif's threshold (1.00%)
 n2: 4033631 0x403DBF: xrealloc (memory.c:193)
  n1: 3670016 0x32E2F7: extmark_splice_impl (extmark.c:638)
   n2: 3670016 0x32DDC7: extmark_splice (extmark.c:546)
    n1: 3670016 0x2F4437: do_sub (ex_cmds.c:4370)
     n1: 3670016 0x2F5FF3: ex_substitute (ex_cmds.c:4978)
      n1: 3670016 0x2FDF9B: execute_cmd0 (ex_docmd.c:1795)
       n1: 3670016 0x2FF90F: do_one_cmd (ex_docmd.c:2424)
        n1: 3670016 0x2FB04F: do_cmdline (ex_docmd.c:690)
         n1: 3670016 0x4EA963: do_source_ext (runtime.c:2403)
          n1: 3670016 0x4E9CDB: do_source_str (runtime.c:2148)
           n1: 3670016 0x1F67A3: exec_impl (vimscript.c:83)
            n1: 3670016 0x1F6577: nvim_exec2 (vimscript.c:59)
             n1: 3670016 0x3A44E3: nlua_api_nvim_exec2 (lua_api_c_bindings.generated.h:7735)
              n1: 3670016 0x667DD3: lj_BC_FUNCC (in /work/neovim/build/bin/nvim)
               n1: 3670016 0x65401F: lua_pcall (lj_api.c:1135)
                n1: 3670016 0x3B111F: nlua_pcall (executor.c:183)
                 n1: 3670016 0x3B5DF3: nlua_exec_file (executor.c:1954)
                  n0: 3670016 0x3C28C7: main (main.c:679)
    n0: 0 in 1 place, below massif's threshold (1.00%)
  n0: 363615 in 28 places, all below massif's threshold (1.00%)
 n2: 702681 0x403D27: xcalloc (memory.c:173)
  n2: 563328 0x3E2F1F: marktree_alloc_node (marktree.c:437)
   n2: 557760 0x3E178F: split_node (marktree.c:184)
    n2: 554144 0x3E22B3: marktree_putp_aux (marktree.c:282)
     n2: 509936 0x3E239F: marktree_putp_aux (marktree.c:290)
      n1: 308672 0x3E239F: marktree_putp_aux (marktree.c:290)
       n1: 308672 0x3E346B: marktree_put_key (marktree.c:508)
        n1: 308672 0x3E24DB: marktree_put (marktree.c:304)
         n1: 308672 0x32BA87: extmark_set (extmark.c:95)
          n1: 308672 0x1C3BDF: nvim_buf_set_extmark (extmark.c:936)
           n1: 308672 0x397D4F: nlua_api_nvim_buf_set_extmark (lua_api_c_bindings.generated.h:3479)
            n1: 308672 0x667DD3: lj_BC_FUNCC (in /work/neovim/build/bin/nvim)
             n1: 308672 0x65401F: lua_pcall (lj_api.c:1135)
              n1: 308672 0x3B111F: nlua_pcall (executor.c:183)
               n1: 308672 0x3B5DF3: nlua_exec_file (executor.c:1954)
                n0: 308672 0x3C28C7: main (main.c:679)
      n1: 201264 0x3E346B: marktree_put_key (marktree.c:508)
       n1: 201264 0x3E24DB: marktree_put (marktree.c:304)
        n1: 201264 0x32BA87: extmark_set (extmark.c:95)
         n1: 201264 0x1C3BDF: nvim_buf_set_extmark (extmark.c:936)
          n1: 201264 0x397D4F: nlua_api_nvim_buf_set_extmark (lua_api_c_bindings.generated.h:3479)
           n1: 201264 0x667DD3: lj_BC_FUNCC (in /work/neovim/build/bin/nvim)
            n1: 201264 0x65401F: lua_pcall (lj_api.c:1135)
             n1: 201264 0x3B111F: nlua_pcall (executor.c:183)
              n1: 201264 0x3B5DF3: nlua_exec_file (executor.c:1954)
               n0: 201264 0x3C28C7: main (main.c:679)
     n0: 44208 in 1 place, below massif's threshold (1.00%)
    n0: 3616 in 1 place, below massif's threshold (1.00%)
   n0: 5568 in 2 places, all below massif's threshold (1.00%)
  n0: 139353 in 20 places, all below massif's threshold (1.00%)
 n0: 39654 in 24 places, all below massif's threshold (1.00%)
#-----------
snapshot=49
#-----------
time=3175578849
mem_heap_B=14889745
mem_heap_extra_B=2680479
mem_stacks_B=0
heap_tree=empty
#-----------
snapshot=50
#-----------
time=3199290747
mem_heap_B=14953585
mem_heap_extra_B=2703279
mem_stacks_B=0
heap_tree=detailed
n4: 14953585 (heap allocation functions) malloc/new/new[], --alloc-fns, etc.
 n2: 10177619 0x403BD7: try_malloc (memory.c:113)
  n5: 10177619 0x403C5B: xmalloc (memory.c:147)
   n2: 4164422 0x403E53: xmallocz (memory.c:219)
    n2: 4164304 0x403E8B: xmemdupz (memory.c:237)
     n2: 4162357 0x40444F: xstrdup (memory.c:484)
      n2: 4156670 0x593F33: u_save_line_buf (undo.c:3099)
       n2: 4156669 0x58D52F: u_savecommon (undo.c:601)
        n1: 4156548 0x58CAD3: u_savesub (undo.c:278)
         n1: 4156548 0x2F4373: do_sub (ex_cmds.c:4361)
          n1: 4156548 0x2F5FF3: ex_substitute (ex_cmds.c:4978)
           n1: 4156548 0x2FDF9B: execute_cmd0 (ex_docmd.c:1795)
            n1: 4156548 0x2FF90F: do_one_cmd (ex_docmd.c:2424)
             n1: 4156548 0x2FB04F: do_cmdline (ex_docmd.c:690)
              n1: 4156548 0x4EA963: do_source_ext (runtime.c:2403)
               n1: 4156548 0x4E9CDB: do_source_str (runtime.c:2148)
                n1: 4156548 0x1F67A3: exec_impl (vimscript.c:83)
                 n1: 4156548 0x1F6577: nvim_exec2 (vimscript.c:59)
                  n1: 4156548 0x3A44E3: nlua_api_nvim_exec2 (lua_api_c_bindings.generated.h:7735)
                   n1: 4156548 0x667DD3: lj_BC_FUNCC (in /work/neovim/build/bin/nvim)
                    n1: 4156548 0x65401F: lua_pcall (lj_api.c:1135)
                     n1: 4156548 0x3B111F: nlua_pcall (executor.c:183)
                      n1: 4156548 0x3B5DF3: nlua_exec_file (executor.c:1954)
                       n0: 4156548 0x3C28C7: main (main.c:679)
        n0: 121 in 1 place, below massif's threshold (1.00%)
       n0: 1 in 1 place, below massif's threshold (1.00%)
      n0: 5687 in 23 places, all below massif's threshold (1.00%)
     n0: 1947 in 13 places, all below massif's threshold (1.00%)
    n0: 118 in 2 places, all below massif's threshold (1.00%)
   n1: 2789376 0x3F888B: mf_alloc_bhdr (memfile.c:496)
    n2: 2789376 0x3F80CB: mf_new (memfile.c:260)
     n2: 2764800 0x4004F7: ml_new_data (memline.c:2982)
      n1: 2760704 0x3FE26F: ml_append_int (memline.c:2186)
       n1: 2760704 0x3FEFC3: ml_append_flush (memline.c:2454)
        n1: 2760704 0x3FF0CB: ml_append_buf (memline.c:2507)
         n1: 2760704 0x1B6083: nvim_buf_set_lines (buffer.c:370)
          n1: 2760704 0x38FB47: nlua_api_nvim_buf_set_lines (lua_api_c_bindings.generated.h:612)
           n1: 2760704 0x667DD3: lj_BC_FUNCC (in /work/neovim/build/bin/nvim)
            n1: 2760704 0x65401F: lua_pcall (lj_api.c:1135)
             n1: 2760704 0x3B111F: nlua_pcall (executor.c:183)
              n1: 2760704 0x3B5DF3: nlua_exec_file (executor.c:1954)
               n0: 2760704 0x3C28C7: main (main.c:679)
      n0: 4096 in 1 place, below massif's threshold (1.00%)
     n0: 24576 in 2 places, all below massif's threshold (1.00%)
   n2: 2611840 0x58D413: u_savecommon (undo.c:572)
    n1: 2611720 0x58CAD3: u_savesub (undo.c:278)
     n1: 2611720 0x2F4373: do_sub (ex_cmds.c:4361)
      n1: 2611720 0x2F5FF3: ex_substitute (ex_cmds.c:4978)
       n1: 2611720 0x2FDF9B: execute_cmd0 (ex_docmd.c:1795)
        n1: 2611720 0x2FF90F: do_one_cmd (ex_docmd.c:2424)
         n1: 2611720 0x2FB04F: do_cmdline (ex_docmd.c:690)
          n1: 2611720 0x4EA963: do_source_ext (runtime.c:2403)
           n1: 2611720 0x4E9CDB: do_source_str (runtime.c:2148)
            n1: 2611720 0x1F67A3: exec_impl (vimscript.c:83)
             n1: 2611720 0x1F6577: nvim_exec2 (vimscript.c:59)
              n1: 2611720 0x3A44E3: nlua_api_nvim_exec2 (lua_api_c_bindings.generated.h:7735)
               n1: 2611720 0x667DD3: lj_BC_FUNCC (in /work/neovim/build/bin/nvim)
                n1: 2611720 0x65401F: lua_pcall (lj_api.c:1135)
                 n1: 2611720 0x3B111F: nlua_pcall (executor.c:183)
                  n1: 2611720 0x3B5DF3: nlua_exec_file (executor.c:1954)
                   n0: 2611720 0x3C28C7: main (main.c:679)
    n0: 120 in 1 place, below massif's threshold (1.00%)
   n2: 522368 0x58D4B3: u_savecommon (undo.c:592)
    n1: 522344 0x58CAD3: u_savesub (undo.c:278)
     n1: 522344 0x2F4373: do_sub (ex_cmds.c:4361)
      n1: 522344 0x2F5FF3: ex_substitute (ex_cmds.c:4978)
       n1: 522344 0x2FDF9B: execute_cmd0 (ex_docmd.c:1795)
        n1: 522344 0x2FF90F: do_one_cmd (ex_docmd.c:2424)
         n1: 522344 0x2FB04F: do_cmdline (ex_docmd.c:690)
          n1: 522344 0x4EA963: do_source_ext (runtime.c:2403)
           n1: 522344 0x4E9CDB: do_source_str (runtime.c:2148)
            n1: 522344 0x1F67A3: exec_impl (vimscript.c:83)
             n1: 522344 0x1F6577: nvim_exec2 (vimscript.c:59)
              n1: 522344 0x3A44E3: nlua_api_nvim_exec2 (lua_api_c_bindings.generated.h:7735)
               n1: 522344 0x667DD3: lj_BC_FUNCC (in /work/neovim/build/bin/nvim)
                n1: 522344 0x65401F: lua_pcall (lj_api.c:1135)
                 n1: 522344 0x3B111F: nlua_pcall (executor.c:183)
                  n1: 522344 0x3B5DF3: nlua_exec_file (executor.c:1954)
                   n0: 522344 0x3C28C7: main (main.c:679)
    n0: 24 in 1 place, below massif's threshold (1.00%)
   n0: 89613 in 38 places, all below massif's threshold (1.00%)
  n0: 0 in 1 place, below massif's threshold (1.00%)
 n2: 4033631 0x403DBF: xrealloc (memory.c:193)
  n1: 3670016 0x32E2F7: extmark_splice_impl (extmark.c:638)
   n2: 3670016 0x32DDC7: extmark_splice (extmark.c:546)
    n1: 3670016 0x2F4437: do_sub (ex_cmds.c:4370)
     n1: 3670016 0x2F5FF3: ex_substitute (ex_cmds.c:4978)
      n1: 3670016 0x2FDF9B: execute_cmd0 (ex_docmd.c:1795)
       n1: 3670016 0x2FF90F: do_one_cmd (ex_docmd.c:2424)
        n1: 3670016 0x2FB04F: do_cmdline (ex_docmd.c:690)
         n1: 3670016 0x4EA963: do_source_ext (runtime.c:2403)
          n1: 3670016 0x4E9CDB: do_source_str (runtime.c:2148)
           n1: 3670016 0x1F67A3: exec_impl (vimscript.c:83)
            n1: 3670016 0x1F6577: nvim_exec2 (vimscript.c:59)
             n1: 3670016 0x3A44E3: nlua_api_nvim_exec2 (lua_api_c_bindings.generated.h:7735)
              n1: 3670016 0x667DD3: lj_BC_FUNCC (in /work/neovim/build/bin/nvim)
               n1: 3670016 0x65401F: lua_pcall (lj_api.c:1135)
                n1: 3670016 0x3B111F: nlua_pcall (executor.c:183)
                 n1: 3670016 0x3B5DF3: nlua_exec_file (executor.c:1954)
                  n0: 3670016 0x3C28C7: main (main.c:679)
    n0: 0 in 1 place, below massif's threshold (1.00%)
  n0: 363615 in 28 places, all below massif's threshold (1.00%)
 n2: 702681 0x403D27: xcalloc (memory.c:173)
  n2: 563328 0x3E2F1F: marktree_alloc_node (marktree.c:437)
   n2: 557760 0x3E178F: split_node (marktree.c:184)
    n2: 554144 0x3E22B3: marktree_putp_aux (marktree.c:282)
     n2: 509936 0x3E239F: marktree_putp_aux (marktree.c:290)
      n1: 308672 0x3E239F: marktree_putp_aux (marktree.c:290)
       n1: 308672 0x3E346B: marktree_put_key (marktree.c:508)
        n1: 308672 0x3E24DB: marktree_put (marktree.c:304)
         n1: 308672 0x32BA87: extmark_set (extmark.c:95)
          n1: 308672 0x1C3BDF: nvim_buf_set_extmark (extmark.c:936)
           n1: 308672 0x397D4F: nlua_api_nvim_buf_set_extmark (lua_api_c_bindings.generated.h:3479)
            n1: 308672 0x667DD3: lj_BC_FUNCC (in /work/neovim/build/bin/nvim)
             n1: 308672 0x65401F: lua_pcall (lj_api.c:1135)
              n1: 308672 0x3B111F: nlua_pcall (executor.c:183)
               n1: 308672 0x3B5DF3: nlua_exec_file (executor.c:1954)
                n0: 308672 0x3C28C7: main (main.c:679)
      n1: 201264 0x3E346B: marktree_put_key (marktree.c:508)
       n1: 201264 0x3E24DB: marktree_put (marktree.c:304)
        n1: 201264 0x32BA87: extmark_set (extmark.c:95)
         n1: 201264 0x1C3BDF: nvim_buf_set_extmark (extmark.c:936)
          n1: 201264 0x397D4F: nlua_api_nvim_buf_set_extmark (lua_api_c_bindings.generated.h:3479)
           n1: 201264 0x667DD3: lj_BC_FUNCC (in /work/neovim/build/bin/nvim)
            n1: 201264 0x65401F: lua_pcall (lj_api.c:1135)
             n1: 201264 0x3B111F: nlua_pcall (executor.c:183)
              n1: 201264 0x3B5DF3: nlua_exec_file (executor.c:1954)
               n0: 201264 0x3C28C7: main (main.c:679)
     n0: 44208 in 1 place, below massif's threshold (1.00%)
    n0: 3616 in 1 place, below massif's threshold (1.00%)
   n0: 5568 in 2 places, all below massif's threshold (1.00%)
  n0: 139353 in 20 places, all below massif's threshold (1.00%)
 n0: 39654 in 24 places, all below massif's threshold (1.00%)
#-----------
snapshot=51
#-----------
time=3211122990
mem_heap_B=18650593
mem_heap_extra_B=2716951
mem_stacks_B=0
heap_tree=detailed
n4: 18650593 (heap allocation functions) malloc/new/new[], --alloc-fns, etc.
 n2: 10204611 0x403BD7: try_malloc (memory.c:113)
  n5: 10204611 0x403C5B: xmalloc (memory.c:147)
   n2: 4179846 0x403E53: xmallocz (memory.c:219)
    n2: 4179728 0x403E8B: xmemdupz (memory.c:237)
     n2: 4177781 0x40444F: xstrdup (memory.c:484)
      n2: 4172094 0x593F33: u_save_line_buf (undo.c:3099)
       n2: 4172093 0x58D52F: u_savecommon (undo.c:601)
        n1: 4171972 0x58CAD3: u_savesub (undo.c:278)
         n1: 4171972 0x2F4373: do_sub (ex_cmds.c:4361)
          n1: 4171972 0x2F5FF3: ex_substitute (ex_cmds.c:4978)
           n1: 4171972 0x2FDF9B: execute_cmd0 (ex_docmd.c:1795)
            n1: 4171972 0x2FF90F: do_one_cmd (ex_docmd.c:2424)
             n1: 4171972 0x2FB04F: do_cmdline (ex_docmd.c:690)
              n1: 4171972 0x4EA963: do_source_ext (runtime.c:2403)
               n1: 4171972 0x4E9CDB: do_source_str (runtime.c:2148)
                n1: 4171972 0x1F67A3: exec_impl (vimscript.c:83)
                 n1: 4171972 0x1F6577: nvim_exec2 (vimscript.c:59)
                  n1: 4171972 0x3A44E3: nlua_api_nvim_exec2 (lua_api_c_bindings.generated.h:7735)
                   n1: 4171972 0x667DD3: lj_BC_FUNCC (in /work/neovim/build/bin/nvim)
                    n1: 4171972 0x65401F: lua_pcall (lj_api.c:1135)
                     n1: 4171972 0x3B111F: nlua_pcall (executor.c:183)
                      n1: 4171972 0x3B5DF3: nlua_exec_file (executor.c:1954)
                       n0: 4171972 0x3C28C7: main (main.c:679)
        n0: 121 in 1 place, below massif's threshold (1.00%)
       n0: 1 in 1 place, below massif's threshold (1.00%)
      n0: 5687 in 23 places, all below massif's threshold (1.00%)
     n0: 1947 in 13 places, all below massif's threshold (1.00%)
    n0: 118 in 2 places, all below massif's threshold (1.00%)
   n1: 2789376 0x3F888B: mf_alloc_bhdr (memfile.c:496)
    n2: 2789376 0x3F80CB: mf_new (memfile.c:260)
     n2: 2764800 0x4004F7: ml_new_data (memline.c:2982)
      n1: 2760704 0x3FE26F: ml_append_int (memline.c:2186)
       n1: 2760704 0x3FEFC3: ml_append_flush (memline.c:2454)
        n1: 2760704 0x3FF0CB: ml_append_buf (memline.c:2507)
         n1: 2760704 0x1B6083: nvim_buf_set_lines (buffer.c:370)
          n1: 2760704 0x38FB47: nlua_api_nvim_buf_set_lines (lua_api_c_bindings.generated.h:612)
           n1: 2760704 0x667DD3: lj_BC_FUNCC (in /work/neovim/build/bin/nvim)
            n1: 2760704 0x65401F: lua_pcall (lj_api.c:1135)
             n1: 2760704 0x3B111F: nlua_pcall (executor.c:183)
              n1: 2760704 0x3B5DF3: nlua_exec_file (executor.c:1954)
               n0: 2760704 0x3C28C7: main (main.c:679)
      n0: 4096 in 1 place, below massif's threshold (1.00%)
     n0: 24576 in 2 places, all below massif's threshold (1.00%)
   n2: 2621480 0x58D413: u_savecommon (undo.c:572)
    n1: 2621360 0x58CAD3: u_savesub (undo.c:278)
     n1: 2621360 0x2F4373: do_sub (ex_cmds.c:4361)
      n1: 2621360 0x2F5FF3: ex_substitute (ex_cmds.c:4978)
       n1: 2621360 0x2FDF9B: execute_cmd0 (ex_docmd.c:1795)
        n1: 2621360 0x2FF90F: do_one_cmd (ex_docmd.c:2424)
         n1: 2621360 0x2FB04F: do_cmdline (ex_docmd.c:690)
          n1: 2621360 0x4EA963: do_source_ext (runtime.c:2403)
           n1: 2621360 0x4E9CDB: do_source_str (runtime.c:2148)
            n1: 2621360 0x1F67A3: exec_impl (vimscript.c:83)
             n1: 2621360 0x1F6577: nvim_exec2 (vimscript.c:59)
              n1: 2621360 0x3A44E3: nlua_api_nvim_exec2 (lua_api_c_bindings.generated.h:7735)
               n1: 2621360 0x667DD3: lj_BC_FUNCC (in /work/neovim/build/bin/nvim)
                n1: 2621360 0x65401F: lua_pcall (lj_api.c:1135)
                 n1: 2621360 0x3B111F: nlua_pcall (executor.c:183)
                  n1: 2621360 0x3B5DF3: nlua_exec_file (executor.c:1954)
                   n0: 2621360 0x3C28C7: main (main.c:679)
    n0: 120 in 1 place, below massif's threshold (1.00%)
   n2: 524296 0x58D4B3: u_savecommon (undo.c:592)
    n1: 524272 0x58CAD3: u_savesub (undo.c:278)
     n1: 524272 0x2F4373: do_sub (ex_cmds.c:4361)
      n1: 524272 0x2F5FF3: ex_substitute (ex_cmds.c:4978)
       n1: 524272 0x2FDF9B: execute_cmd0 (ex_docmd.c:1795)
        n1: 524272 0x2FF90F: do_one_cmd (ex_docmd.c:2424)
         n1: 524272 0x2FB04F: do_cmdline (ex_docmd.c:690)
          n1: 524272 0x4EA963: do_source_ext (runtime.c:2403)
           n1: 524272 0x4E9CDB: do_source_str (runtime.c:2148)
            n1: 524272 0x1F67A3: exec_impl (vimscript.c:83)
             n1: 524272 0x1F6577: nvim_exec2 (vimscript.c:59)
              n1: 524272 0x3A44E3: nlua_api_nvim_exec2 (lua_api_c_bindings.generated.h:7735)
               n1: 524272 0x667DD3: lj_BC_FUNCC (in /work/neovim/build/bin/nvim)
                n1: 524272 0x65401F: lua_pcall (lj_api.c:1135)
                 n1: 524272 0x3B111F: nlua_pcall (executor.c:183)
                  n1: 524272 0x3B5DF3: nlua_exec_file (executor.c:1954)
                   n0: 524272 0x3C28C7: main (main.c:679)
    n0: 24 in 1 place, below massif's threshold (1.00%)
   n0: 89613 in 38 places, all below massif's threshold (1.00%)
  n0: 0 in 1 place, below massif's threshold (1.00%)
 n2: 7703647 0x403DBF: xrealloc (memory.c:193)
  n1: 7340032 0x32E2F7: extmark_splice_impl (extmark.c:638)
   n2: 7340032 0x32DDC7: extmark_splice (extmark.c:546)
    n1: 7340032 0x2F4437: do_sub (ex_cmds.c:4370)
     n1: 7340032 0x2F5FF3: ex_substitute (ex_cmds.c:4978)
      n1: 7340032 0x2FDF9B: execute_cmd0 (ex_docmd.c:1795)
       n1: 7340032 0x2FF90F: do_one_cmd (ex_docmd.c:2424)
        n1: 7340032 0x2FB04F: do_cmdline (ex_docmd.c:690)
         n1: 7340032 0x4EA963: do_source_ext (runtime.c:2403)
          n1: 7340032 0x4E9CDB: do_source_str (runtime.c:2148)
           n1: 7340032 0x1F67A3: exec_impl (vimscript.c:83)
            n1: 7340032 0x1F6577: nvim_exec2 (vimscript.c:59)
             n1: 7340032 0x3A44E3: nlua_api_nvim_exec2 (lua_api_c_bindings.generated.h:7735)
              n1: 7340032 0x667DD3: lj_BC_FUNCC (in /work/neovim/build/bin/nvim)
               n1: 7340032 0x65401F: lua_pcall (lj_api.c:1135)
                n1: 7340032 0x3B111F: nlua_pcall (executor.c:183)
                 n1: 7340032 0x3B5DF3: nlua_exec_file (executor.c:1954)
                  n0: 7340032 0x3C28C7: main (main.c:679)
    n0: 0 in 1 place, below massif's threshold (1.00%)
  n0: 363615 in 28 places, all below massif's threshold (1.00%)
 n2: 702681 0x403D27: xcalloc (memory.c:173)
  n2: 563328 0x3E2F1F: marktree_alloc_node (marktree.c:437)
   n2: 557760 0x3E178F: split_node (marktree.c:184)
    n2: 554144 0x3E22B3: marktree_putp_aux (marktree.c:282)
     n2: 509936 0x3E239F: marktree_putp_aux (marktree.c:290)
      n1: 308672 0x3E239F: marktree_putp_aux (marktree.c:290)
       n1: 308672 0x3E346B: marktree_put_key (marktree.c:508)
        n1: 308672 0x3E24DB: marktree_put (marktree.c:304)
         n1: 308672 0x32BA87: extmark_set (extmark.c:95)
          n1: 308672 0x1C3BDF: nvim_buf_set_extmark (extmark.c:936)
           n1: 308672 0x397D4F: nlua_api_nvim_buf_set_extmark (lua_api_c_bindings.generated.h:3479)
            n1: 308672 0x667DD3: lj_BC_FUNCC (in /work/neovim/build/bin/nvim)
             n1: 308672 0x65401F: lua_pcall (lj_api.c:1135)
              n1: 308672 0x3B111F: nlua_pcall (executor.c:183)
               n1: 308672 0x3B5DF3: nlua_exec_file (executor.c:1954)
                n0: 308672 0x3C28C7: main (main.c:679)
      n0: 201264 in 1 place, below massif's threshold (1.00%)
     n0: 44208 in 1 place, below massif's threshold (1.00%)
    n0: 3616 in 1 place, below massif's threshold (1.00%)
   n0: 5568 in 2 places, all below massif's threshold (1.00%)
  n0: 139353 in 20 places, all below massif's threshold (1.00%)
 n0: 39654 in 24 places, all below massif's threshold (1.00%)
#-----------
snapshot=52
#-----------
time=3251312011
mem_heap_B=18745953
mem_heap_extra_B=2751007
mem_stacks_B=0
heap_tree=empty
#-----------
snapshot=53
#-----------
time=3273575431
mem_heap_B=18808065
mem_heap_extra_B=2773191
mem_stacks_B=0
heap_tree=detailed
n4: 18808065 (heap allocation functions) malloc/new/new[], --alloc-fns, etc.
 n2: 10362083 0x403BD7: try_malloc (memory.c:113)
  n5: 10362083 0x403C5B: xmalloc (memory.c:147)
   n2: 4269830 0x403E53: xmallocz (memory.c:219)
    n2: 4269712 0x403E8B: xmemdupz (memory.c:237)
     n2: 4267765 0x40444F: xstrdup (memory.c:484)
      n2: 4262078 0x593F33: u_save_line_buf (undo.c:3099)
       n2: 4262077 0x58D52F: u_savecommon (undo.c:601)
        n1: 4261956 0x58CAD3: u_savesub (undo.c:278)
         n1: 4261956 0x2F4373: do_sub (ex_cmds.c:4361)
          n1: 4261956 0x2F5FF3: ex_substitute (ex_cmds.c:4978)
           n1: 4261956 0x2FDF9B: execute_cmd0 (ex_docmd.c:1795)
            n1: 4261956 0x2FF90F: do_one_cmd (ex_docmd.c:2424)
             n1: 4261956 0x2FB04F: do_cmdline (ex_docmd.c:690)
              n1: 4261956 0x4EA963: do_source_ext (runtime.c:2403)
               n1: 4261956 0x4E9CDB: do_source_str (runtime.c:2148)
                n1: 4261956 0x1F67A3: exec_impl (vimscript.c:83)
                 n1: 4261956 0x1F6577: nvim_exec2 (vimscript.c:59)
                  n1: 4261956 0x3A44E3: nlua_api_nvim_exec2 (lua_api_c_bindings.generated.h:7735)
                   n1: 4261956 0x667DD3: lj_BC_FUNCC (in /work/neovim/build/bin/nvim)
                    n1: 4261956 0x65401F: lua_pcall (lj_api.c:1135)
                     n1: 4261956 0x3B111F: nlua_pcall (executor.c:183)
                      n1: 4261956 0x3B5DF3: nlua_exec_file (executor.c:1954)
                       n0: 4261956 0x3C28C7: main (main.c:679)
        n0: 121 in 1 place, below massif's threshold (1.00%)
       n0: 1 in 1 place, below massif's threshold (1.00%)
      n0: 5687 in 23 places, all below massif's threshold (1.00%)
     n0: 1947 in 13 places, all below massif's threshold (1.00%)
    n0: 118 in 2 places, all below massif's threshold (1.00%)
   n1: 2789376 0x3F888B: mf_alloc_bhdr (memfile.c:496)
    n2: 2789376 0x3F80CB: mf_new (memfile.c:260)
     n2: 2764800 0x4004F7: ml_new_data (memline.c:2982)
      n1: 2760704 0x3FE26F: ml_append_int (memline.c:2186)
       n1: 2760704 0x3FEFC3: ml_append_flush (memline.c:2454)
        n1: 2760704 0x3FF0CB: ml_append_buf (memline.c:2507)
         n1: 2760704 0x1B6083: nvim_buf_set_lines (buffer.c:370)
          n1: 2760704 0x38FB47: nlua_api_nvim_buf_set_lines (lua_api_c_bindings.generated.h:612)
           n1: 2760704 0x667DD3: lj_BC_FUNCC (in /work/neovim/build/bin/nvim)
            n1: 2760704 0x65401F: lua_pcall (lj_api.c:1135)
             n1: 2760704 0x3B111F: nlua_pcall (executor.c:183)
              n1: 2760704 0x3B5DF3: nlua_exec_file (executor.c:1954)
               n0: 2760704 0x3C28C7: main (main.c:679)
      n0: 4096 in 1 place, below massif's threshold (1.00%)
     n0: 24576 in 2 places, all below massif's threshold (1.00%)
   n2: 2677720 0x58D413: u_savecommon (undo.c:572)
    n1: 2677600 0x58CAD3: u_savesub (undo.c:278)
     n1: 2677600 0x2F4373: do_sub (ex_cmds.c:4361)
      n1: 2677600 0x2F5FF3: ex_substitute (ex_cmds.c:4978)
       n1: 2677600 0x2FDF9B: execute_cmd0 (ex_docmd.c:1795)
        n1: 2677600 0x2FF90F: do_one_cmd (ex_docmd.c:2424)
         n1: 2677600 0x2FB04F: do_cmdline (ex_docmd.c:690)
          n1: 2677600 0x4EA963: do_source_ext (runtime.c:2403)
           n1: 2677600 0x4E9CDB: do_source_str (runtime.c:2148)
            n1: 2677600 0x1F67A3: exec_impl (vimscript.c:83)
             n1: 2677600 0x1F6577: nvim_exec2 (vimscript.c:59)
              n1: 2677600 0x3A44E3: nlua_api_nvim_exec2 (lua_api_c_bindings.generated.h:7735)
               n1: 2677600 0x667DD3: lj_BC_FUNCC (in /work/neovim/build/bin/nvim)
                n1: 2677600 0x65401F: lua_pcall (lj_api.c:1135)
                 n1: 2677600 0x3B111F: nlua_pcall (executor.c:183)
                  n1: 2677600 0x3B5DF3: nlua_exec_file (executor.c:1954)
                   n0: 2677600 0x3C28C7: main (main.c:679)
    n0: 120 in 1 place, below massif's threshold (1.00%)
   n2: 535544 0x58D4B3: u_savecommon (undo.c:592)
    n1: 535520 0x58CAD3: u_savesub (undo.c:278)
     n1: 535520 0x2F4373: do_sub (ex_cmds.c:4361)
      n1: 535520 0x2F5FF3: ex_substitute (ex_cmds.c:4978)
       n1: 535520 0x2FDF9B: execute_cmd0 (ex_docmd.c:1795)
        n1: 535520 0x2FF90F: do_one_cmd (ex_docmd.c:2424)
         n1: 535520 0x2FB04F: do_cmdline (ex_docmd.c:690)
          n1: 535520 0x4EA963: do_source_ext (runtime.c:2403)
           n1: 535520 0x4E9CDB: do_source_str (runtime.c:2148)
            n1: 535520 0x1F67A3: exec_impl (vimscript.c:83)
             n1: 535520 0x1F6577: nvim_exec2 (vimscript.c:59)
              n1: 535520 0x3A44E3: nlua_api_nvim_exec2 (lua_api_c_bindings.generated.h:7735)
               n1: 535520 0x667DD3: lj_BC_FUNCC (in /work/neovim/build/bin/nvim)
                n1: 535520 0x65401F: lua_pcall (lj_api.c:1135)
                 n1: 535520 0x3B111F: nlua_pcall (executor.c:183)
                  n1: 535520 0x3B5DF3: nlua_exec_file (executor.c:1954)
                   n0: 535520 0x3C28C7: main (main.c:679)
    n0: 24 in 1 place, below massif's threshold (1.00%)
   n0: 89613 in 38 places, all below massif's threshold (1.00%)
  n0: 0 in 1 place, below massif's threshold (1.00%)
 n2: 7703647 0x403DBF: xrealloc (memory.c:193)
  n1: 7340032 0x32E2F7: extmark_splice_impl (extmark.c:638)
   n2: 7340032 0x32DDC7: extmark_splice (extmark.c:546)
    n1: 7340032 0x2F4437: do_sub (ex_cmds.c:4370)
     n1: 7340032 0x2F5FF3: ex_substitute (ex_cmds.c:4978)
      n1: 7340032 0x2FDF9B: execute_cmd0 (ex_docmd.c:1795)
       n1: 7340032 0x2FF90F: do_one_cmd (ex_docmd.c:2424)
        n1: 7340032 0x2FB04F: do_cmdline (ex_docmd.c:690)
         n1: 7340032 0x4EA963: do_source_ext (runtime.c:2403)
          n1: 7340032 0x4E9CDB: do_source_str (runtime.c:2148)
           n1: 7340032 0x1F67A3: exec_impl (vimscript.c:83)
            n1: 7340032 0x1F6577: nvim_exec2 (vimscript.c:59)
             n1: 7340032 0x3A44E3: nlua_api_nvim_exec2 (lua_api_c_bindings.generated.h:7735)
              n1: 7340032 0x667DD3: lj_BC_FUNCC (in /work/neovim/build/bin/nvim)
               n1: 7340032 0x65401F: lua_pcall (lj_api.c:1135)
                n1: 7340032 0x3B111F: nlua_pcall (executor.c:183)
                 n1: 7340032 0x3B5DF3: nlua_exec_file (executor.c:1954)
                  n0: 7340032 0x3C28C7: main (main.c:679)
    n0: 0 in 1 place, below massif's threshold (1.00%)
  n0: 363615 in 28 places, all below massif's threshold (1.00%)
 n2: 702681 0x403D27: xcalloc (memory.c:173)
  n2: 563328 0x3E2F1F: marktree_alloc_node (marktree.c:437)
   n2: 557760 0x3E178F: split_node (marktree.c:184)
    n2: 554144 0x3E22B3: marktree_putp_aux (marktree.c:282)
     n2: 509936 0x3E239F: marktree_putp_aux (marktree.c:290)
      n1: 308672 0x3E239F: marktree_putp_aux (marktree.c:290)
       n1: 308672 0x3E346B: marktree_put_key (marktree.c:508)
        n1: 308672 0x3E24DB: marktree_put (marktree.c:304)
         n1: 308672 0x32BA87: extmark_set (extmark.c:95)
          n1: 308672 0x1C3BDF: nvim_buf_set_extmark (extmark.c:936)
           n1: 308672 0x397D4F: nlua_api_nvim_buf_set_extmark (lua_api_c_bindings.generated.h:3479)
            n1: 308672 0x667DD3: lj_BC_FUNCC (in /work/neovim/build/bin/nvim)
             n1: 308672 0x65401F: lua_pcall (lj_api.c:1135)
              n1: 308672 0x3B111F: nlua_pcall (executor.c:183)
               n1: 308672 0x3B5DF3: nlua_exec_file (executor.c:1954)
                n0: 308672 0x3C28C7: main (main.c:679)
      n0: 201264 in 1 place, below massif's threshold (1.00%)
     n0: 44208 in 1 place, below massif's threshold (1.00%)
    n0: 3616 in 1 place, below massif's threshold (1.00%)
   n0: 5568 in 2 places, all below massif's threshold (1.00%)
  n0: 139353 in 20 places, all below massif's threshold (1.00%)
 n0: 39654 in 24 places, all below massif's threshold (1.00%)
#-----------
snapshot=54
#-----------
time=3313748000
mem_heap_B=18901857
mem_heap_extra_B=2806687
mem_stacks_B=0
heap_tree=empty
#-----------
snapshot=55
#-----------
time=3343778205
mem_heap_B=18967105
mem_heap_extra_B=2829991
mem_stacks_B=0
heap_tree=detailed
n4: 18967105 (heap allocation functions) malloc/new/new[], --alloc-fns, etc.
 n2: 10521123 0x403BD7: try_malloc (memory.c:113)
  n5: 10521123 0x403C5B: xmalloc (memory.c:147)
   n2: 4360710 0x403E53: xmallocz (memory.c:219)
    n2: 4360592 0x403E8B: xmemdupz (memory.c:237)
     n2: 4358645 0x40444F: xstrdup (memory.c:484)
      n2: 4352958 0x593F33: u_save_line_buf (undo.c:3099)
       n2: 4352957 0x58D52F: u_savecommon (undo.c:601)
        n1: 4352836 0x58CAD3: u_savesub (undo.c:278)
         n1: 4352836 0x2F4373: do_sub (ex_cmds.c:4361)
          n1: 4352836 0x2F5FF3: ex_substitute (ex_cmds.c:4978)
           n1: 4352836 0x2FDF9B: execute_cmd0 (ex_docmd.c:1795)
            n1: 4352836 0x2FF90F: do_one_cmd (ex_docmd.c:2424)
             n1: 4352836 0x2FB04F: do_cmdline (ex_docmd.c:690)
              n1: 4352836 0x4EA963: do_source_ext (runtime.c:2403)
               n1: 4352836 0x4E9CDB: do_source_str (runtime.c:2148)
                n1: 4352836 0x1F67A3: exec_impl (vimscript.c:83)
                 n1: 4352836 0x1F6577: nvim_exec2 (vimscript.c:59)
                  n1: 4352836 0x3A44E3: nlua_api_nvim_exec2 (lua_api_c_bindings.generated.h:7735)
                   n1: 4352836 0x667DD3: lj_BC_FUNCC (in /work/neovim/build/bin/nvim)
                    n1: 4352836 0x65401F: lua_pcall (lj_api.c:1135)
                     n1: 4352836 0x3B111F: nlua_pcall (executor.c:183)
                      n1: 4352836 0x3B5DF3: nlua_exec_file (executor.c:1954)
                       n0: 4352836 0x3C28C7: main (main.c:679)
        n0: 121 in 1 place, below massif's threshold (1.00%)
       n0: 1 in 1 place, below massif's threshold (1.00%)
      n0: 5687 in 23 places, all below massif's threshold (1.00%)
     n0: 1947 in 13 places, all below massif's threshold (1.00%)
    n0: 118 in 2 places, all below massif's threshold (1.00%)
   n1: 2789376 0x3F888B: mf_alloc_bhdr (memfile.c:496)
    n2: 2789376 0x3F80CB: mf_new (memfile.c:260)
     n2: 2764800 0x4004F7: ml_new_data (memline.c:2982)
      n1: 2760704 0x3FE26F: ml_append_int (memline.c:2186)
       n1: 2760704 0x3FEFC3: ml_append_flush (memline.c:2454)
        n1: 2760704 0x3FF0CB: ml_append_buf (memline.c:2507)
         n1: 2760704 0x1B6083: nvim_buf_set_lines (buffer.c:370)
          n1: 2760704 0x38FB47: nlua_api_nvim_buf_set_lines (lua_api_c_bindings.generated.h:612)
           n1: 2760704 0x667DD3: lj_BC_FUNCC (in /work/neovim/build/bin/nvim)
            n1: 2760704 0x65401F: lua_pcall (lj_api.c:1135)
             n1: 2760704 0x3B111F: nlua_pcall (executor.c:183)
              n1: 2760704 0x3B5DF3: nlua_exec_file (executor.c:1954)
               n0: 2760704 0x3C28C7: main (main.c:679)
      n0: 4096 in 1 place, below massif's threshold (1.00%)
     n0: 24576 in 2 places, all below massif's threshold (1.00%)
   n2: 2734520 0x58D413: u_savecommon (undo.c:572)
    n1: 2734400 0x58CAD3: u_savesub (undo.c:278)
     n1: 2734400 0x2F4373: do_sub (ex_cmds.c:4361)
      n1: 2734400 0x2F5FF3: ex_substitute (ex_cmds.c:4978)
       n1: 2734400 0x2FDF9B: execute_cmd0 (ex_docmd.c:1795)
        n1: 2734400 0x2FF90F: do_one_cmd (ex_docmd.c:2424)
         n1: 2734400 0x2FB04F: do_cmdline (ex_docmd.c:690)
          n1: 2734400 0x4EA963: do_source_ext (runtime.c:2403)
           n1: 2734400 0x4E9CDB: do_source_str (runtime.c:2148)
            n1: 2734400 0x1F67A3: exec_impl (vimscript.c:83)
             n1: 2734400 0x1F6577: nvim_exec2 (vimscript.c:59)
              n1: 2734400 0x3A44E3: nlua_api_nvim_exec2 (lua_api_c_bindings.generated.h:7735)
               n1: 2734400 0x667DD3: lj_BC_FUNCC (in /work/neovim/build/bin/nvim)
                n1: 2734400 0x65401F: lua_pcall (lj_api.c:1135)
                 n1: 2734400 0x3B111F: nlua_pcall (executor.c:183)
                  n1: 2734400 0x3B5DF3: nlua_exec_file (executor.c:1954)
                   n0: 2734400 0x3C28C7: main (main.c:679)
    n0: 120 in 1 place, below massif's threshold (1.00%)
   n2: 546904 0x58D4B3: u_savecommon (undo.c:592)
    n1: 546880 0x58CAD3: u_savesub (undo.c:278)
     n1: 546880 0x2F4373: do_sub (ex_cmds.c:4361)
      n1: 546880 0x2F5FF3: ex_substitute (ex_cmds.c:4978)
       n1: 546880 0x2FDF9B: execute_cmd0 (ex_docmd.c:1795)
        n1: 546880 0x2FF90F: do_one_cmd (ex_docmd.c:2424)
         n1: 546880 0x2FB04F: do_cmdline (ex_docmd.c:690)
          n1: 546880 0x4EA963: do_source_ext (runtime.c:2403)
           n1: 546880 0x4E9CDB: do_source_str (runtime.c:2148)
            n1: 546880 0x1F67A3: exec_impl (vimscript.c:83)
             n1: 546880 0x1F6577: nvim_exec2 (vimscript.c:59)
              n1: 546880 0x3A44E3: nlua_api_nvim_exec2 (lua_api_c_bindings.generated.h:7735)
               n1: 546880 0x667DD3: lj_BC_FUNCC (in /work/neovim/build/bin/nvim)
                n1: 546880 0x65401F: lua_pcall (lj_api.c:1135)
                 n1: 546880 0x3B111F: nlua_pcall (executor.c:183)
                  n1: 546880 0x3B5DF3: nlua_exec_file (executor.c:1954)
                   n0: 546880 0x3C28C7: main (main.c:679)
    n0: 24 in 1 place, below massif's threshold (1.00%)
   n0: 89613 in 38 places, all below massif's threshold (1.00%)
  n0: 0 in 1 place, below massif's threshold (1.00%)
 n2: 7703647 0x403DBF: xrealloc (memory.c:193)
  n1: 7340032 0x32E2F7: extmark_splice_impl (extmark.c:638)
   n2: 7340032 0x32DDC7: extmark_splice (extmark.c:546)
    n1: 7340032 0x2F4437: do_sub (ex_cmds.c:4370)
     n1: 7340032 0x2F5FF3: ex_substitute (ex_cmds.c:4978)
      n1: 7340032 0x2FDF9B: execute_cmd0 (ex_docmd.c:1795)
       n1: 7340032 0x2FF90F: do_one_cmd (ex_docmd.c:2424)
        n1: 7340032 0x2FB04F: do_cmdline (ex_docmd.c:690)
         n1: 7340032 0x4EA963: do_source_ext (runtime.c:2403)
          n1: 7340032 0x4E9CDB: do_source_str (runtime.c:2148)
           n1: 7340032 0x1F67A3: exec_impl (vimscript.c:83)
            n1: 7340032 0x1F6577: nvim_exec2 (vimscript.c:59)
             n1: 7340032 0x3A44E3: nlua_api_nvim_exec2 (lua_api_c_bindings.generated.h:7735)
              n1: 7340032 0x667DD3: lj_BC_FUNCC (in /work/neovim/build/bin/nvim)
               n1: 7340032 0x65401F: lua_pcall (lj_api.c:1135)
                n1: 7340032 0x3B111F: nlua_pcall (executor.c:183)
                 n1: 7340032 0x3B5DF3: nlua_exec_file (executor.c:1954)
                  n0: 7340032 0x3C28C7: main (main.c:679)
    n0: 0 in 1 place, below massif's threshold (1.00%)
  n0: 363615 in 28 places, all below massif's threshold (1.00%)
 n2: 702681 0x403D27: xcalloc (memory.c:173)
  n2: 563328 0x3E2F1F: marktree_alloc_node (marktree.c:437)
   n2: 557760 0x3E178F: split_node (marktree.c:184)
    n2: 554144 0x3E22B3: marktree_putp_aux (marktree.c:282)
     n2: 509936 0x3E239F: marktree_putp_aux (marktree.c:290)
      n1: 308672 0x3E239F: marktree_putp_aux (marktree.c:290)
       n1: 308672 0x3E346B: marktree_put_key (marktree.c:508)
        n1: 308672 0x3E24DB: marktree_put (marktree.c:304)
         n1: 308672 0x32BA87: extmark_set (extmark.c:95)
          n1: 308672 0x1C3BDF: nvim_buf_set_extmark (extmark.c:936)
           n1: 308672 0x397D4F: nlua_api_nvim_buf_set_extmark (lua_api_c_bindings.generated.h:3479)
            n1: 308672 0x667DD3: lj_BC_FUNCC (in /work/neovim/build/bin/nvim)
             n1: 308672 0x65401F: lua_pcall (lj_api.c:1135)
              n1: 308672 0x3B111F: nlua_pcall (executor.c:183)
               n1: 308672 0x3B5DF3: nlua_exec_file (executor.c:1954)
                n0: 308672 0x3C28C7: main (main.c:679)
      n0: 201264 in 1 place, below massif's threshold (1.00%)
     n0: 44208 in 1 place, below massif's threshold (1.00%)
    n0: 3616 in 1 place, below massif's threshold (1.00%)
   n0: 5568 in 2 places, all below massif's threshold (1.00%)
  n0: 139353 in 20 places, all below massif's threshold (1.00%)
 n0: 39654 in 24 places, all below massif's threshold (1.00%)
#-----------
snapshot=56
#-----------
time=3383961014
mem_heap_B=19056081
mem_heap_extra_B=2861767
mem_stacks_B=0
heap_tree=empty
#-----------
snapshot=57
#-----------
time=3416235736
mem_heap_B=19127825
mem_heap_extra_B=2887391
mem_stacks_B=0
heap_tree=detailed
n4: 19127825 (heap allocation functions) malloc/new/new[], --alloc-fns, etc.
 n2: 10681843 0x403BD7: try_malloc (memory.c:113)
  n5: 10681843 0x403C5B: xmalloc (memory.c:147)
   n2: 4452550 0x403E53: xmallocz (memory.c:219)
    n2: 4452432 0x403E8B: xmemdupz (memory.c:237)
     n2: 4450485 0x40444F: xstrdup (memory.c:484)
      n2: 4444798 0x593F33: u_save_line_buf (undo.c:3099)
       n2: 4444797 0x58D52F: u_savecommon (undo.c:601)
        n1: 4444676 0x58CAD3: u_savesub (undo.c:278)
         n1: 4444676 0x2F4373: do_sub (ex_cmds.c:4361)
          n1: 4444676 0x2F5FF3: ex_substitute (ex_cmds.c:4978)
           n1: 4444676 0x2FDF9B: execute_cmd0 (ex_docmd.c:1795)
            n1: 4444676 0x2FF90F: do_one_cmd (ex_docmd.c:2424)
             n1: 4444676 0x2FB04F: do_cmdline (ex_docmd.c:690)
              n1: 4444676 0x4EA963: do_source_ext (runtime.c:2403)
               n1: 4444676 0x4E9CDB: do_source_str (runtime.c:2148)
                n1: 4444676 0x1F67A3: exec_impl (vimscript.c:83)
                 n1: 4444676 0x1F6577: nvim_exec2 (vimscript.c:59)
                  n1: 4444676 0x3A44E3: nlua_api_nvim_exec2 (lua_api_c_bindings.generated.h:7735)
                   n1: 4444676 0x667DD3: lj_BC_FUNCC (in /work/neovim/build/bin/nvim)
                    n1: 4444676 0x65401F: lua_pcall (lj_api.c:1135)
                     n1: 4444676 0x3B111F: nlua_pcall (executor.c:183)
                      n1: 4444676 0x3B5DF3: nlua_exec_file (executor.c:1954)
                       n0: 4444676 0x3C28C7: main (main.c:679)
        n0: 121 in 1 place, below massif's threshold (1.00%)
       n0: 1 in 1 place, below massif's threshold (1.00%)
      n0: 5687 in 23 places, all below massif's threshold (1.00%)
     n0: 1947 in 13 places, all below massif's threshold (1.00%)
    n0: 118 in 2 places, all below massif's threshold (1.00%)
   n2: 2791920 0x58D413: u_savecommon (undo.c:572)
    n1: 2791800 0x58CAD3: u_savesub (undo.c:278)
     n1: 2791800 0x2F4373: do_sub (ex_cmds.c:4361)
      n1: 2791800 0x2F5FF3: ex_substitute (ex_cmds.c:4978)
       n1: 2791800 0x2FDF9B: execute_cmd0 (ex_docmd.c:1795)
        n1: 2791800 0x2FF90F: do_one_cmd (ex_docmd.c:2424)
         n1: 2791800 0x2FB04F: do_cmdline (ex_docmd.c:690)
          n1: 2791800 0x4EA963: do_source_ext (runtime.c:2403)
           n1: 2791800 0x4E9CDB: do_source_str (runtime.c:2148)
            n1: 2791800 0x1F67A3: exec_impl (vimscript.c:83)
             n1: 2791800 0x1F6577: nvim_exec2 (vimscript.c:59)
              n1: 2791800 0x3A44E3: nlua_api_nvim_exec2 (lua_api_c_bindings.generated.h:7735)
               n1: 2791800 0x667DD3: lj_BC_FUNCC (in /work/neovim/build/bin/nvim)
                n1: 2791800 0x65401F: lua_pcall (lj_api.c:1135)
                 n1: 2791800 0x3B111F: nlua_pcall (executor.c:183)
                  n1: 2791800 0x3B5DF3: nlua_exec_file (executor.c:1954)
                   n0: 2791800 0x3C28C7: main (main.c:679)
    n0: 120 in 1 place, below massif's threshold (1.00%)
   n1: 2789376 0x3F888B: mf_alloc_bhdr (memfile.c:496)
    n2: 2789376 0x3F80CB: mf_new (memfile.c:260)
     n2: 2764800 0x4004F7: ml_new_data (memline.c:2982)
      n1: 2760704 0x3FE26F: ml_append_int (memline.c:2186)
       n1: 2760704 0x3FEFC3: ml_append_flush (memline.c:2454)
        n1: 2760704 0x3FF0CB: ml_append_buf (memline.c:2507)
         n1: 2760704 0x1B6083: nvim_buf_set_lines (buffer.c:370)
          n1: 2760704 0x38FB47: nlua_api_nvim_buf_set_lines (lua_api_c_bindings.generated.h:612)
           n1: 2760704 0x667DD3: lj_BC_FUNCC (in /work/neovim/build/bin/nvim)
            n1: 2760704 0x65401F: lua_pcall (lj_api.c:1135)
             n1: 2760704 0x3B111F: nlua_pcall (executor.c:183)
              n1: 2760704 0x3B5DF3: nlua_exec_file (executor.c:1954)
               n0: 2760704 0x3C28C7: main (main.c:679)
      n0: 4096 in 1 place, below massif's threshold (1.00%)
     n0: 24576 in 2 places, all below massif's threshold (1.00%)
   n2: 558384 0x58D4B3: u_savecommon (undo.c:592)
    n1: 558360 0x58CAD3: u_savesub (undo.c:278)
     n1: 558360 0x2F4373: do_sub (ex_cmds.c:4361)
      n1: 558360 0x2F5FF3: ex_substitute (ex_cmds.c:4978)
       n1: 558360 0x2FDF9B: execute_cmd0 (ex_docmd.c:1795)
        n1: 558360 0x2FF90F: do_one_cmd (ex_docmd.c:2424)
         n1: 558360 0x2FB04F: do_cmdline (ex_docmd.c:690)
          n1: 558360 0x4EA963: do_source_ext (runtime.c:2403)
           n1: 558360 0x4E9CDB: do_source_str (runtime.c:2148)
            n1: 558360 0x1F67A3: exec_impl (vimscript.c:83)
             n1: 558360 0x1F6577: nvim_exec2 (vimscript.c:59)
              n1: 558360 0x3A44E3: nlua_api_nvim_exec2 (lua_api_c_bindings.generated.h:7735)
               n1: 558360 0x667DD3: lj_BC_FUNCC (in /work/neovim/build/bin/nvim)
                n1: 558360 0x65401F: lua_pcall (lj_api.c:1135)
                 n1: 558360 0x3B111F: nlua_pcall (executor.c:183)
                  n1: 558360 0x3B5DF3: nlua_exec_file (executor.c:1954)
                   n0: 558360 0x3C28C7: main (main.c:679)
    n0: 24 in 1 place, below massif's threshold (1.00%)
   n0: 89613 in 38 places, all below massif's threshold (1.00%)
  n0: 0 in 1 place, below massif's threshold (1.00%)
 n2: 7703647 0x403DBF: xrealloc (memory.c:193)
  n1: 7340032 0x32E2F7: extmark_splice_impl (extmark.c:638)
   n2: 7340032 0x32DDC7: extmark_splice (extmark.c:546)
    n1: 7340032 0x2F4437: do_sub (ex_cmds.c:4370)
     n1: 7340032 0x2F5FF3: ex_substitute (ex_cmds.c:4978)
      n1: 7340032 0x2FDF9B: execute_cmd0 (ex_docmd.c:1795)
       n1: 7340032 0x2FF90F: do_one_cmd (ex_docmd.c:2424)
        n1: 7340032 0x2FB04F: do_cmdline (ex_docmd.c:690)
         n1: 7340032 0x4EA963: do_source_ext (runtime.c:2403)
          n1: 7340032 0x4E9CDB: do_source_str (runtime.c:2148)
           n1: 7340032 0x1F67A3: exec_impl (vimscript.c:83)
            n1: 7340032 0x1F6577: nvim_exec2 (vimscript.c:59)
             n1: 7340032 0x3A44E3: nlua_api_nvim_exec2 (lua_api_c_bindings.generated.h:7735)
              n1: 7340032 0x667DD3: lj_BC_FUNCC (in /work/neovim/build/bin/nvim)
               n1: 7340032 0x65401F: lua_pcall (lj_api.c:1135)
                n1: 7340032 0x3B111F: nlua_pcall (executor.c:183)
                 n1: 7340032 0x3B5DF3: nlua_exec_file (executor.c:1954)
                  n0: 7340032 0x3C28C7: main (main.c:679)
    n0: 0 in 1 place, below massif's threshold (1.00%)
  n0: 363615 in 28 places, all below massif's threshold (1.00%)
 n2: 702681 0x403D27: xcalloc (memory.c:173)
  n2: 563328 0x3E2F1F: marktree_alloc_node (marktree.c:437)
   n2: 557760 0x3E178F: split_node (marktree.c:184)
    n2: 554144 0x3E22B3: marktree_putp_aux (marktree.c:282)
     n2: 509936 0x3E239F: marktree_putp_aux (marktree.c:290)
      n1: 308672 0x3E239F: marktree_putp_aux (marktree.c:290)
       n1: 308672 0x3E346B: marktree_put_key (marktree.c:508)
        n1: 308672 0x3E24DB: marktree_put (marktree.c:304)
         n1: 308672 0x32BA87: extmark_set (extmark.c:95)
          n1: 308672 0x1C3BDF: nvim_buf_set_extmark (extmark.c:936)
           n1: 308672 0x397D4F: nlua_api_nvim_buf_set_extmark (lua_api_c_bindings.generated.h:3479)
            n1: 308672 0x667DD3: lj_BC_FUNCC (in /work/neovim/build/bin/nvim)
             n1: 308672 0x65401F: lua_pcall (lj_api.c:1135)
              n1: 308672 0x3B111F: nlua_pcall (executor.c:183)
               n1: 308672 0x3B5DF3: nlua_exec_file (executor.c:1954)
                n0: 308672 0x3C28C7: main (main.c:679)
      n0: 201264 in 1 place, below massif's threshold (1.00%)
     n0: 44208 in 1 place, below massif's threshold (1.00%)
    n0: 3616 in 1 place, below massif's threshold (1.00%)
   n0: 5568 in 2 places, all below massif's threshold (1.00%)
  n0: 139353 in 20 places, all below massif's threshold (1.00%)
 n0: 39654 in 24 places, all below massif's threshold (1.00%)
#-----------
snapshot=58
#-----------
time=3456421433
mem_heap_B=19223409
mem_heap_extra_B=2921527
mem_stacks_B=0
heap_tree=empty
#-----------
snapshot=59
#-----------
time=3477474084
mem_heap_B=19290113
mem_heap_extra_B=2945351
mem_stacks_B=0
heap_tree=detailed
n4: 19290113 (heap allocation functions) malloc/new/new[], --alloc-fns, etc.
 n2: 10844131 0x403BD7: try_malloc (memory.c:113)
  n5: 10844131 0x403C5B: xmalloc (memory.c:147)
   n2: 4545286 0x403E53: xmallocz (memory.c:219)
    n2: 4545168 0x403E8B: xmemdupz (memory.c:237)
     n2: 4543221 0x40444F: xstrdup (memory.c:484)
      n2: 4537534 0x593F33: u_save_line_buf (undo.c:3099)
       n2: 4537533 0x58D52F: u_savecommon (undo.c:601)
        n1: 4537412 0x58CAD3: u_savesub (undo.c:278)
         n1: 4537412 0x2F4373: do_sub (ex_cmds.c:4361)
          n1: 4537412 0x2F5FF3: ex_substitute (ex_cmds.c:4978)
           n1: 4537412 0x2FDF9B: execute_cmd0 (ex_docmd.c:1795)
            n1: 4537412 0x2FF90F: do_one_cmd (ex_docmd.c:2424)
             n1: 4537412 0x2FB04F: do_cmdline (ex_docmd.c:690)
              n1: 4537412 0x4EA963: do_source_ext (runtime.c:2403)
               n1: 4537412 0x4E9CDB: do_source_str (runtime.c:2148)
                n1: 4537412 0x1F67A3: exec_impl (vimscript.c:83)
                 n1: 4537412 0x1F6577: nvim_exec2 (vimscript.c:59)
                  n1: 4537412 0x3A44E3: nlua_api_nvim_exec2 (lua_api_c_bindings.generated.h:7735)
                   n1: 4537412 0x667DD3: lj_BC_FUNCC (in /work/neovim/build/bin/nvim)
                    n1: 4537412 0x65401F: lua_pcall (lj_api.c:1135)
                     n1: 4537412 0x3B111F: nlua_pcall (executor.c:183)
                      n1: 4537412 0x3B5DF3: nlua_exec_file (executor.c:1954)
                       n0: 4537412 0x3C28C7: main (main.c:679)
        n0: 121 in 1 place, below massif's threshold (1.00%)
       n0: 1 in 1 place, below massif's threshold (1.00%)
      n0: 5687 in 23 places, all below massif's threshold (1.00%)
     n0: 1947 in 13 places, all below massif's threshold (1.00%)
    n0: 118 in 2 places, all below massif's threshold (1.00%)
   n2: 2849880 0x58D413: u_savecommon (undo.c:572)
    n1: 2849760 0x58CAD3: u_savesub (undo.c:278)
     n1: 2849760 0x2F4373: do_sub (ex_cmds.c:4361)
      n1: 2849760 0x2F5FF3: ex_substitute (ex_cmds.c:4978)
       n1: 2849760 0x2FDF9B: execute_cmd0 (ex_docmd.c:1795)
        n1: 2849760 0x2FF90F: do_one_cmd (ex_docmd.c:2424)
         n1: 2849760 0x2FB04F: do_cmdline (ex_docmd.c:690)
          n1: 2849760 0x4EA963: do_source_ext (runtime.c:2403)
           n1: 2849760 0x4E9CDB: do_source_str (runtime.c:2148)
            n1: 2849760 0x1F67A3: exec_impl (vimscript.c:83)
             n1: 2849760 0x1F6577: nvim_exec2 (vimscript.c:59)
              n1: 2849760 0x3A44E3: nlua_api_nvim_exec2 (lua_api_c_bindings.generated.h:7735)
               n1: 2849760 0x667DD3: lj_BC_FUNCC (in /work/neovim/build/bin/nvim)
                n1: 2849760 0x65401F: lua_pcall (lj_api.c:1135)
                 n1: 2849760 0x3B111F: nlua_pcall (executor.c:183)
                  n1: 2849760 0x3B5DF3: nlua_exec_file (executor.c:1954)
                   n0: 2849760 0x3C28C7: main (main.c:679)
    n0: 120 in 1 place, below massif's threshold (1.00%)
   n1: 2789376 0x3F888B: mf_alloc_bhdr (memfile.c:496)
    n2: 2789376 0x3F80CB: mf_new (memfile.c:260)
     n2: 2764800 0x4004F7: ml_new_data (memline.c:2982)
      n1: 2760704 0x3FE26F: ml_append_int (memline.c:2186)
       n1: 2760704 0x3FEFC3: ml_append_flush (memline.c:2454)
        n1: 2760704 0x3FF0CB: ml_append_buf (memline.c:2507)
         n1: 2760704 0x1B6083: nvim_buf_set_lines (buffer.c:370)
          n1: 2760704 0x38FB47: nlua_api_nvim_buf_set_lines (lua_api_c_bindings.generated.h:612)
           n1: 2760704 0x667DD3: lj_BC_FUNCC (in /work/neovim/build/bin/nvim)
            n1: 2760704 0x65401F: lua_pcall (lj_api.c:1135)
             n1: 2760704 0x3B111F: nlua_pcall (executor.c:183)
              n1: 2760704 0x3B5DF3: nlua_exec_file (executor.c:1954)
               n0: 2760704 0x3C28C7: main (main.c:679)
      n0: 4096 in 1 place, below massif's threshold (1.00%)
     n0: 24576 in 2 places, all below massif's threshold (1.00%)
   n2: 569976 0x58D4B3: u_savecommon (undo.c:592)
    n1: 569952 0x58CAD3: u_savesub (undo.c:278)
     n1: 569952 0x2F4373: do_sub (ex_cmds.c:4361)
      n1: 569952 0x2F5FF3: ex_substitute (ex_cmds.c:4978)
       n1: 569952 0x2FDF9B: execute_cmd0 (ex_docmd.c:1795)
        n1: 569952 0x2FF90F: do_one_cmd (ex_docmd.c:2424)
         n1: 569952 0x2FB04F: do_cmdline (ex_docmd.c:690)
          n1: 569952 0x4EA963: do_source_ext (runtime.c:2403)
           n1: 569952 0x4E9CDB: do_source_str (runtime.c:2148)
            n1: 569952 0x1F67A3: exec_impl (vimscript.c:83)
             n1: 569952 0x1F6577: nvim_exec2 (vimscript.c:59)
              n1: 569952 0x3A44E3: nlua_api_nvim_exec2 (lua_api_c_bindings.generated.h:7735)
               n1: 569952 0x667DD3: lj_BC_FUNCC (in /work/neovim/build/bin/nvim)
                n1: 569952 0x65401F: lua_pcall (lj_api.c:1135)
                 n1: 569952 0x3B111F: nlua_pcall (executor.c:183)
                  n1: 569952 0x3B5DF3: nlua_exec_file (executor.c:1954)
                   n0: 569952 0x3C28C7: main (main.c:679)
    n0: 24 in 1 place, below massif's threshold (1.00%)
   n0: 89613 in 38 places, all below massif's threshold (1.00%)
  n0: 0 in 1 place, below massif's threshold (1.00%)
 n2: 7703647 0x403DBF: xrealloc (memory.c:193)
  n1: 7340032 0x32E2F7: extmark_splice_impl (extmark.c:638)
   n2: 7340032 0x32DDC7: extmark_splice (extmark.c:546)
    n1: 7340032 0x2F4437: do_sub (ex_cmds.c:4370)
     n1: 7340032 0x2F5FF3: ex_substitute (ex_cmds.c:4978)
      n1: 7340032 0x2FDF9B: execute_cmd0 (ex_docmd.c:1795)
       n1: 7340032 0x2FF90F: do_one_cmd (ex_docmd.c:2424)
        n1: 7340032 0x2FB04F: do_cmdline (ex_docmd.c:690)
         n1: 7340032 0x4EA963: do_source_ext (runtime.c:2403)
          n1: 7340032 0x4E9CDB: do_source_str (runtime.c:2148)
           n1: 7340032 0x1F67A3: exec_impl (vimscript.c:83)
            n1: 7340032 0x1F6577: nvim_exec2 (vimscript.c:59)
             n1: 7340032 0x3A44E3: nlua_api_nvim_exec2 (lua_api_c_bindings.generated.h:7735)
              n1: 7340032 0x667DD3: lj_BC_FUNCC (in /work/neovim/build/bin/nvim)
               n1: 7340032 0x65401F: lua_pcall (lj_api.c:1135)
                n1: 7340032 0x3B111F: nlua_pcall (executor.c:183)
                 n1: 7340032 0x3B5DF3: nlua_exec_file (executor.c:1954)
                  n0: 7340032 0x3C28C7: main (main.c:679)
    n0: 0 in 1 place, below massif's threshold (1.00%)
  n0: 363615 in 28 places, all below massif's threshold (1.00%)
 n2: 702681 0x403D27: xcalloc (memory.c:173)
  n2: 563328 0x3E2F1F: marktree_alloc_node (marktree.c:437)
   n2: 557760 0x3E178F: split_node (marktree.c:184)
    n2: 554144 0x3E22B3: marktree_putp_aux (marktree.c:282)
     n2: 509936 0x3E239F: marktree_putp_aux (marktree.c:290)
      n1: 308672 0x3E239F: marktree_putp_aux (marktree.c:290)
       n1: 308672 0x3E346B: marktree_put_key (marktree.c:508)
        n1: 308672 0x3E24DB: marktree_put (marktree.c:304)
         n1: 308672 0x32BA87: extmark_set (extmark.c:95)
          n1: 308672 0x1C3BDF: nvim_buf_set_extmark (extmark.c:936)
           n1: 308672 0x397D4F: nlua_api_nvim_buf_set_extmark (lua_api_c_bindings.generated.h:3479)
            n1: 308672 0x667DD3: lj_BC_FUNCC (in /work/neovim/build/bin/nvim)
             n1: 308672 0x65401F: lua_pcall (lj_api.c:1135)
              n1: 308672 0x3B111F: nlua_pcall (executor.c:183)
               n1: 308672 0x3B5DF3: nlua_exec_file (executor.c:1954)
                n0: 308672 0x3C28C7: main (main.c:679)
      n0: 201264 in 1 place, below massif's threshold (1.00%)
     n0: 44208 in 1 place, below massif's threshold (1.00%)
    n0: 3616 in 1 place, below massif's threshold (1.00%)
   n0: 5568 in 2 places, all below massif's threshold (1.00%)
  n0: 139353 in 20 places, all below massif's threshold (1.00%)
 n0: 39654 in 24 places, all below massif's threshold (1.00%)
#-----------
snapshot=60
#-----------
time=3517680900
mem_heap_B=19418289
mem_heap_extra_B=2991127
mem_stacks_B=0
heap_tree=empty
#-----------
snapshot=61
#-----------
time=3527416658
mem_heap_B=19453969
mem_heap_extra_B=3003871
mem_stacks_B=0
heap_tree=detailed
n4: 19453969 (heap allocation functions) malloc/new/new[], --alloc-fns, etc.
 n2: 11007987 0x403BD7: try_malloc (memory.c:113)
  n5: 11007987 0x403C5B: xmalloc (memory.c:147)
   n2: 4638918 0x403E53: xmallocz (memory.c:219)
    n2: 4638800 0x403E8B: xmemdupz (memory.c:237)
     n2: 4636853 0x40444F: xstrdup (memory.c:484)
      n2: 4631166 0x593F33: u_save_line_buf (undo.c:3099)
       n2: 4631165 0x58D52F: u_savecommon (undo.c:601)
        n1: 4631044 0x58CAD3: u_savesub (undo.c:278)
         n1: 4631044 0x2F4373: do_sub (ex_cmds.c:4361)
          n1: 4631044 0x2F5FF3: ex_substitute (ex_cmds.c:4978)
           n1: 4631044 0x2FDF9B: execute_cmd0 (ex_docmd.c:1795)
            n1: 4631044 0x2FF90F: do_one_cmd (ex_docmd.c:2424)
             n1: 4631044 0x2FB04F: do_cmdline (ex_docmd.c:690)
              n1: 4631044 0x4EA963: do_source_ext (runtime.c:2403)
               n1: 4631044 0x4E9CDB: do_source_str (runtime.c:2148)
                n1: 4631044 0x1F67A3: exec_impl (vimscript.c:83)
                 n1: 4631044 0x1F6577: nvim_exec2 (vimscript.c:59)
                  n1: 4631044 0x3A44E3: nlua_api_nvim_exec2 (lua_api_c_bindings.generated.h:7735)
                   n1: 4631044 0x667DD3: lj_BC_FUNCC (in /work/neovim/build/bin/nvim)
                    n1: 4631044 0x65401F: lua_pcall (lj_api.c:1135)
                     n1: 4631044 0x3B111F: nlua_pcall (executor.c:183)
                      n1: 4631044 0x3B5DF3: nlua_exec_file (executor.c:1954)
                       n0: 4631044 0x3C28C7: main (main.c:679)
        n0: 121 in 1 place, below massif's threshold (1.00%)
       n0: 1 in 1 place, below massif's threshold (1.00%)
      n0: 5687 in 23 places, all below massif's threshold (1.00%)
     n0: 1947 in 13 places, all below massif's threshold (1.00%)
    n0: 118 in 2 places, all below massif's threshold (1.00%)
   n2: 2908400 0x58D413: u_savecommon (undo.c:572)
    n1: 2908280 0x58CAD3: u_savesub (undo.c:278)
     n1: 2908280 0x2F4373: do_sub (ex_cmds.c:4361)
      n1: 2908280 0x2F5FF3: ex_substitute (ex_cmds.c:4978)
       n1: 2908280 0x2FDF9B: execute_cmd0 (ex_docmd.c:1795)
        n1: 2908280 0x2FF90F: do_one_cmd (ex_docmd.c:2424)
         n1: 2908280 0x2FB04F: do_cmdline (ex_docmd.c:690)
          n1: 2908280 0x4EA963: do_source_ext (runtime.c:2403)
           n1: 2908280 0x4E9CDB: do_source_str (runtime.c:2148)
            n1: 2908280 0x1F67A3: exec_impl (vimscript.c:83)
             n1: 2908280 0x1F6577: nvim_exec2 (vimscript.c:59)
              n1: 2908280 0x3A44E3: nlua_api_nvim_exec2 (lua_api_c_bindings.generated.h:7735)
               n1: 2908280 0x667DD3: lj_BC_FUNCC (in /work/neovim/build/bin/nvim)
                n1: 2908280 0x65401F: lua_pcall (lj_api.c:1135)
                 n1: 2908280 0x3B111F: nlua_pcall (executor.c:183)
                  n1: 2908280 0x3B5DF3: nlua_exec_file (executor.c:1954)
                   n0: 2908280 0x3C28C7: main (main.c:679)
    n0: 120 in 1 place, below massif's threshold (1.00%)
   n1: 2789376 0x3F888B: mf_alloc_bhdr (memfile.c:496)
    n2: 2789376 0x3F80CB: mf_new (memfile.c:260)
     n2: 2764800 0x4004F7: ml_new_data (memline.c:2982)
      n1: 2760704 0x3FE26F: ml_append_int (memline.c:2186)
       n1: 2760704 0x3FEFC3: ml_append_flush (memline.c:2454)
        n1: 2760704 0x3FF0CB: ml_append_buf (memline.c:2507)
         n1: 2760704 0x1B6083: nvim_buf_set_lines (buffer.c:370)
          n1: 2760704 0x38FB47: nlua_api_nvim_buf_set_lines (lua_api_c_bindings.generated.h:612)
           n1: 2760704 0x667DD3: lj_BC_FUNCC (in /work/neovim/build/bin/nvim)
            n1: 2760704 0x65401F: lua_pcall (lj_api.c:1135)
             n1: 2760704 0x3B111F: nlua_pcall (executor.c:183)
              n1: 2760704 0x3B5DF3: nlua_exec_file (executor.c:1954)
               n0: 2760704 0x3C28C7: main (main.c:679)
      n0: 4096 in 1 place, below massif's threshold (1.00%)
     n0: 24576 in 2 places, all below massif's threshold (1.00%)
   n2: 581680 0x58D4B3: u_savecommon (undo.c:592)
    n1: 581656 0x58CAD3: u_savesub (undo.c:278)
     n1: 581656 0x2F4373: do_sub (ex_cmds.c:4361)
      n1: 581656 0x2F5FF3: ex_substitute (ex_cmds.c:4978)
       n1: 581656 0x2FDF9B: execute_cmd0 (ex_docmd.c:1795)
        n1: 581656 0x2FF90F: do_one_cmd (ex_docmd.c:2424)
         n1: 581656 0x2FB04F: do_cmdline (ex_docmd.c:690)
          n1: 581656 0x4EA963: do_source_ext (runtime.c:2403)
           n1: 581656 0x4E9CDB: do_source_str (runtime.c:2148)
            n1: 581656 0x1F67A3: exec_impl (vimscript.c:83)
             n1: 581656 0x1F6577: nvim_exec2 (vimscript.c:59)
              n1: 581656 0x3A44E3: nlua_api_nvim_exec2 (lua_api_c_bindings.generated.h:7735)
               n1: 581656 0x667DD3: lj_BC_FUNCC (in /work/neovim/build/bin/nvim)
                n1: 581656 0x65401F: lua_pcall (lj_api.c:1135)
                 n1: 581656 0x3B111F: nlua_pcall (executor.c:183)
                  n1: 581656 0x3B5DF3: nlua_exec_file (executor.c:1954)
                   n0: 581656 0x3C28C7: main (main.c:679)
    n0: 24 in 1 place, below massif's threshold (1.00%)
   n0: 89613 in 38 places, all below massif's threshold (1.00%)
  n0: 0 in 1 place, below massif's threshold (1.00%)
 n2: 7703647 0x403DBF: xrealloc (memory.c:193)
  n1: 7340032 0x32E2F7: extmark_splice_impl (extmark.c:638)
   n2: 7340032 0x32DDC7: extmark_splice (extmark.c:546)
    n1: 7340032 0x2F4437: do_sub (ex_cmds.c:4370)
     n1: 7340032 0x2F5FF3: ex_substitute (ex_cmds.c:4978)
      n1: 7340032 0x2FDF9B: execute_cmd0 (ex_docmd.c:1795)
       n1: 7340032 0x2FF90F: do_one_cmd (ex_docmd.c:2424)
        n1: 7340032 0x2FB04F: do_cmdline (ex_docmd.c:690)
         n1: 7340032 0x4EA963: do_source_ext (runtime.c:2403)
          n1: 7340032 0x4E9CDB: do_source_str (runtime.c:2148)
           n1: 7340032 0x1F67A3: exec_impl (vimscript.c:83)
            n1: 7340032 0x1F6577: nvim_exec2 (vimscript.c:59)
             n1: 7340032 0x3A44E3: nlua_api_nvim_exec2 (lua_api_c_bindings.generated.h:7735)
              n1: 7340032 0x667DD3: lj_BC_FUNCC (in /work/neovim/build/bin/nvim)
               n1: 7340032 0x65401F: lua_pcall (lj_api.c:1135)
                n1: 7340032 0x3B111F: nlua_pcall (executor.c:183)
                 n1: 7340032 0x3B5DF3: nlua_exec_file (executor.c:1954)
                  n0: 7340032 0x3C28C7: main (main.c:679)
    n0: 0 in 1 place, below massif's threshold (1.00%)
  n0: 363615 in 28 places, all below massif's threshold (1.00%)
 n2: 702681 0x403D27: xcalloc (memory.c:173)
  n2: 563328 0x3E2F1F: marktree_alloc_node (marktree.c:437)
   n2: 557760 0x3E178F: split_node (marktree.c:184)
    n2: 554144 0x3E22B3: marktree_putp_aux (marktree.c:282)
     n2: 509936 0x3E239F: marktree_putp_aux (marktree.c:290)
      n1: 308672 0x3E239F: marktree_putp_aux (marktree.c:290)
       n1: 308672 0x3E346B: marktree_put_key (marktree.c:508)
        n1: 308672 0x3E24DB: marktree_put (marktree.c:304)
         n1: 308672 0x32BA87: extmark_set (extmark.c:95)
          n1: 308672 0x1C3BDF: nvim_buf_set_extmark (extmark.c:936)
           n1: 308672 0x397D4F: nlua_api_nvim_buf_set_extmark (lua_api_c_bindings.generated.h:3479)
            n1: 308672 0x667DD3: lj_BC_FUNCC (in /work/neovim/build/bin/nvim)
             n1: 308672 0x65401F: lua_pcall (lj_api.c:1135)
              n1: 308672 0x3B111F: nlua_pcall (executor.c:183)
               n1: 308672 0x3B5DF3: nlua_exec_file (executor.c:1954)
                n0: 308672 0x3C28C7: main (main.c:679)
      n0: 201264 in 1 place, below massif's threshold (1.00%)
     n0: 44208 in 1 place, below massif's threshold (1.00%)
    n0: 3616 in 1 place, below massif's threshold (1.00%)
   n0: 5568 in 2 places, all below massif's threshold (1.00%)
  n0: 139353 in 20 places, all below massif's threshold (1.00%)
 n0: 39654 in 24 places, all below massif's threshold (1.00%)
#-----------
snapshot=62
#-----------
time=3567585376
mem_heap_B=19574233
mem_heap_extra_B=3046839
mem_stacks_B=0
heap_tree=empty
#-----------
snapshot=63
#-----------
time=3582616332
mem_heap_B=19619505
mem_heap_extra_B=3062991
mem_stacks_B=0
heap_tree=detailed
n4: 19619505 (heap allocation functions) malloc/new/new[], --alloc-fns, etc.
 n2: 11173523 0x403BD7: try_malloc (memory.c:113)
  n5: 11173523 0x403C5B: xmalloc (memory.c:147)
   n2: 4733510 0x403E53: xmallocz (memory.c:219)
    n2: 4733392 0x403E8B: xmemdupz (memory.c:237)
     n2: 4731445 0x40444F: xstrdup (memory.c:484)
      n2: 4725758 0x593F33: u_save_line_buf (undo.c:3099)
       n2: 4725757 0x58D52F: u_savecommon (undo.c:601)
        n1: 4725636 0x58CAD3: u_savesub (undo.c:278)
         n1: 4725636 0x2F4373: do_sub (ex_cmds.c:4361)
          n1: 4725636 0x2F5FF3: ex_substitute (ex_cmds.c:4978)
           n1: 4725636 0x2FDF9B: execute_cmd0 (ex_docmd.c:1795)
            n1: 4725636 0x2FF90F: do_one_cmd (ex_docmd.c:2424)
             n1: 4725636 0x2FB04F: do_cmdline (ex_docmd.c:690)
              n1: 4725636 0x4EA963: do_source_ext (runtime.c:2403)
               n1: 4725636 0x4E9CDB: do_source_str (runtime.c:2148)
                n1: 4725636 0x1F67A3: exec_impl (vimscript.c:83)
                 n1: 4725636 0x1F6577: nvim_exec2 (vimscript.c:59)
                  n1: 4725636 0x3A44E3: nlua_api_nvim_exec2 (lua_api_c_bindings.generated.h:7735)
                   n1: 4725636 0x667DD3: lj_BC_FUNCC (in /work/neovim/build/bin/nvim)
                    n1: 4725636 0x65401F: lua_pcall (lj_api.c:1135)
                     n1: 4725636 0x3B111F: nlua_pcall (executor.c:183)
                      n1: 4725636 0x3B5DF3: nlua_exec_file (executor.c:1954)
                       n0: 4725636 0x3C28C7: main (main.c:679)
        n0: 121 in 1 place, below massif's threshold (1.00%)
       n0: 1 in 1 place, below massif's threshold (1.00%)
      n0: 5687 in 23 places, all below massif's threshold (1.00%)
     n0: 1947 in 13 places, all below massif's threshold (1.00%)
    n0: 118 in 2 places, all below massif's threshold (1.00%)
   n2: 2967520 0x58D413: u_savecommon (undo.c:572)
    n1: 2967400 0x58CAD3: u_savesub (undo.c:278)
     n1: 2967400 0x2F4373: do_sub (ex_cmds.c:4361)
      n1: 2967400 0x2F5FF3: ex_substitute (ex_cmds.c:4978)
       n1: 2967400 0x2FDF9B: execute_cmd0 (ex_docmd.c:1795)
        n1: 2967400 0x2FF90F: do_one_cmd (ex_docmd.c:2424)
         n1: 2967400 0x2FB04F: do_cmdline (ex_docmd.c:690)
          n1: 2967400 0x4EA963: do_source_ext (runtime.c:2403)
           n1: 2967400 0x4E9CDB: do_source_str (runtime.c:2148)
            n1: 2967400 0x1F67A3: exec_impl (vimscript.c:83)
             n1: 2967400 0x1F6577: nvim_exec2 (vimscript.c:59)
              n1: 2967400 0x3A44E3: nlua_api_nvim_exec2 (lua_api_c_bindings.generated.h:7735)
               n1: 2967400 0x667DD3: lj_BC_FUNCC (in /work/neovim/build/bin/nvim)
                n1: 2967400 0x65401F: lua_pcall (lj_api.c:1135)
                 n1: 2967400 0x3B111F: nlua_pcall (executor.c:183)
                  n1: 2967400 0x3B5DF3: nlua_exec_file (executor.c:1954)
                   n0: 2967400 0x3C28C7: main (main.c:679)
    n0: 120 in 1 place, below massif's threshold (1.00%)
   n1: 2789376 0x3F888B: mf_alloc_bhdr (memfile.c:496)
    n2: 2789376 0x3F80CB: mf_new (memfile.c:260)
     n2: 2764800 0x4004F7: ml_new_data (memline.c:2982)
      n1: 2760704 0x3FE26F: ml_append_int (memline.c:2186)
       n1: 2760704 0x3FEFC3: ml_append_flush (memline.c:2454)
        n1: 2760704 0x3FF0CB: ml_append_buf (memline.c:2507)
         n1: 2760704 0x1B6083: nvim_buf_set_lines (buffer.c:370)
          n1: 2760704 0x38FB47: nlua_api_nvim_buf_set_lines (lua_api_c_bindings.generated.h:612)
           n1: 2760704 0x667DD3: lj_BC_FUNCC (in /work/neovim/build/bin/nvim)
            n1: 2760704 0x65401F: lua_pcall (lj_api.c:1135)
             n1: 2760704 0x3B111F: nlua_pcall (executor.c:183)
              n1: 2760704 0x3B5DF3: nlua_exec_file (executor.c:1954)
               n0: 2760704 0x3C28C7: main (main.c:679)
      n0: 4096 in 1 place, below massif's threshold (1.00%)
     n0: 24576 in 2 places, all below massif's threshold (1.00%)
   n2: 593504 0x58D4B3: u_savecommon (undo.c:592)
    n1: 593480 0x58CAD3: u_savesub (undo.c:278)
     n1: 593480 0x2F4373: do_sub (ex_cmds.c:4361)
      n1: 593480 0x2F5FF3: ex_substitute (ex_cmds.c:4978)
       n1: 593480 0x2FDF9B: execute_cmd0 (ex_docmd.c:1795)
        n1: 593480 0x2FF90F: do_one_cmd (ex_docmd.c:2424)
         n1: 593480 0x2FB04F: do_cmdline (ex_docmd.c:690)
          n1: 593480 0x4EA963: do_source_ext (runtime.c:2403)
           n1: 593480 0x4E9CDB: do_source_str (runtime.c:2148)
            n1: 593480 0x1F67A3: exec_impl (vimscript.c:83)
             n1: 593480 0x1F6577: nvim_exec2 (vimscript.c:59)
              n1: 593480 0x3A44E3: nlua_api_nvim_exec2 (lua_api_c_bindings.generated.h:7735)
               n1: 593480 0x667DD3: lj_BC_FUNCC (in /work/neovim/build/bin/nvim)
                n1: 593480 0x65401F: lua_pcall (lj_api.c:1135)
                 n1: 593480 0x3B111F: nlua_pcall (executor.c:183)
                  n1: 593480 0x3B5DF3: nlua_exec_file (executor.c:1954)
                   n0: 593480 0x3C28C7: main (main.c:679)
    n0: 24 in 1 place, below massif's threshold (1.00%)
   n0: 89613 in 38 places, all below massif's threshold (1.00%)
  n0: 0 in 1 place, below massif's threshold (1.00%)
 n2: 7703647 0x403DBF: xrealloc (memory.c:193)
  n1: 7340032 0x32E2F7: extmark_splice_impl (extmark.c:638)
   n2: 7340032 0x32DDC7: extmark_splice (extmark.c:546)
    n1: 7340032 0x2F4437: do_sub (ex_cmds.c:4370)
     n1: 7340032 0x2F5FF3: ex_substitute (ex_cmds.c:4978)
      n1: 7340032 0x2FDF9B: execute_cmd0 (ex_docmd.c:1795)
       n1: 7340032 0x2FF90F: do_one_cmd (ex_docmd.c:2424)
        n1: 7340032 0x2FB04F: do_cmdline (ex_docmd.c:690)
         n1: 7340032 0x4EA963: do_source_ext (runtime.c:2403)
          n1: 7340032 0x4E9CDB: do_source_str (runtime.c:2148)
           n1: 7340032 0x1F67A3: exec_impl (vimscript.c:83)
            n1: 7340032 0x1F6577: nvim_exec2 (vimscript.c:59)
             n1: 7340032 0x3A44E3: nlua_api_nvim_exec2 (lua_api_c_bindings.generated.h:7735)
              n1: 7340032 0x667DD3: lj_BC_FUNCC (in /work/neovim/build/bin/nvim)
               n1: 7340032 0x65401F: lua_pcall (lj_api.c:1135)
                n1: 7340032 0x3B111F: nlua_pcall (executor.c:183)
                 n1: 7340032 0x3B5DF3: nlua_exec_file (executor.c:1954)
                  n0: 7340032 0x3C28C7: main (main.c:679)
    n0: 0 in 1 place, below massif's threshold (1.00%)
  n0: 363615 in 28 places, all below massif's threshold (1.00%)
 n2: 702681 0x403D27: xcalloc (memory.c:173)
  n2: 563328 0x3E2F1F: marktree_alloc_node (marktree.c:437)
   n2: 557760 0x3E178F: split_node (marktree.c:184)
    n2: 554144 0x3E22B3: marktree_putp_aux (marktree.c:282)
     n2: 509936 0x3E239F: marktree_putp_aux (marktree.c:290)
      n1: 308672 0x3E239F: marktree_putp_aux (marktree.c:290)
       n1: 308672 0x3E346B: marktree_put_key (marktree.c:508)
        n1: 308672 0x3E24DB: marktree_put (marktree.c:304)
         n1: 308672 0x32BA87: extmark_set (extmark.c:95)
          n1: 308672 0x1C3BDF: nvim_buf_set_extmark (extmark.c:936)
           n1: 308672 0x397D4F: nlua_api_nvim_buf_set_extmark (lua_api_c_bindings.generated.h:3479)
            n1: 308672 0x667DD3: lj_BC_FUNCC (in /work/neovim/build/bin/nvim)
             n1: 308672 0x65401F: lua_pcall (lj_api.c:1135)
              n1: 308672 0x3B111F: nlua_pcall (executor.c:183)
               n1: 308672 0x3B5DF3: nlua_exec_file (executor.c:1954)
                n0: 308672 0x3C28C7: main (main.c:679)
      n0: 201264 in 1 place, below massif's threshold (1.00%)
     n0: 44208 in 1 place, below massif's threshold (1.00%)
    n0: 3616 in 1 place, below massif's threshold (1.00%)
   n0: 5568 in 2 places, all below massif's threshold (1.00%)
  n0: 139353 in 20 places, all below massif's threshold (1.00%)
 n0: 39654 in 24 places, all below massif's threshold (1.00%)
#-----------
snapshot=64
#-----------
time=3622800374
mem_heap_B=19726065
mem_heap_extra_B=3101047
mem_stacks_B=0
heap_tree=empty
#-----------
snapshot=65
#-----------
time=3644671390
mem_heap_B=19786721
mem_heap_extra_B=3122711
mem_stacks_B=0
heap_tree=detailed
n4: 19786721 (heap allocation functions) malloc/new/new[], --alloc-fns, etc.
 n2: 11340739 0x403BD7: try_malloc (memory.c:113)
  n5: 11340739 0x403C5B: xmalloc (memory.c:147)
   n2: 4829062 0x403E53: xmallocz (memory.c:219)
    n2: 4828944 0x403E8B: xmemdupz (memory.c:237)
     n2: 4826997 0x40444F: xstrdup (memory.c:484)
      n2: 4821310 0x593F33: u_save_line_buf (undo.c:3099)
       n2: 4821309 0x58D52F: u_savecommon (undo.c:601)
        n1: 4821188 0x58CAD3: u_savesub (undo.c:278)
         n1: 4821188 0x2F4373: do_sub (ex_cmds.c:4361)
          n1: 4821188 0x2F5FF3: ex_substitute (ex_cmds.c:4978)
           n1: 4821188 0x2FDF9B: execute_cmd0 (ex_docmd.c:1795)
            n1: 4821188 0x2FF90F: do_one_cmd (ex_docmd.c:2424)
             n1: 4821188 0x2FB04F: do_cmdline (ex_docmd.c:690)
              n1: 4821188 0x4EA963: do_source_ext (runtime.c:2403)
               n1: 4821188 0x4E9CDB: do_source_str (runtime.c:2148)
                n1: 4821188 0x1F67A3: exec_impl (vimscript.c:83)
                 n1: 4821188 0x1F6577: nvim_exec2 (vimscript.c:59)
                  n1: 4821188 0x3A44E3: nlua_api_nvim_exec2 (lua_api_c_bindings.generated.h:7735)
                   n1: 4821188 0x667DD3: lj_BC_FUNCC (in /work/neovim/build/bin/nvim)
                    n1: 4821188 0x65401F: lua_pcall (lj_api.c:1135)
                     n1: 4821188 0x3B111F: nlua_pcall (executor.c:183)
                      n1: 4821188 0x3B5DF3: nlua_exec_file (executor.c:1954)
                       n0: 4821188 0x3C28C7: main (main.c:679)
        n0: 121 in 1 place, below massif's threshold (1.00%)
       n0: 1 in 1 place, below massif's threshold (1.00%)
      n0: 5687 in 23 places, all below massif's threshold (1.00%)
     n0: 1947 in 13 places, all below massif's threshold (1.00%)
    n0: 118 in 2 places, all below massif's threshold (1.00%)
   n2: 3027240 0x58D413: u_savecommon (undo.c:572)
    n1: 3027120 0x58CAD3: u_savesub (undo.c:278)
     n1: 3027120 0x2F4373: do_sub (ex_cmds.c:4361)
      n1: 3027120 0x2F5FF3: ex_substitute (ex_cmds.c:4978)
       n1: 3027120 0x2FDF9B: execute_cmd0 (ex_docmd.c:1795)
        n1: 3027120 0x2FF90F: do_one_cmd (ex_docmd.c:2424)
         n1: 3027120 0x2FB04F: do_cmdline (ex_docmd.c:690)
          n1: 3027120 0x4EA963: do_source_ext (runtime.c:2403)
           n1: 3027120 0x4E9CDB: do_source_str (runtime.c:2148)
            n1: 3027120 0x1F67A3: exec_impl (vimscript.c:83)
             n1: 3027120 0x1F6577: nvim_exec2 (vimscript.c:59)
              n1: 3027120 0x3A44E3: nlua_api_nvim_exec2 (lua_api_c_bindings.generated.h:7735)
               n1: 3027120 0x667DD3: lj_BC_FUNCC (in /work/neovim/build/bin/nvim)
                n1: 3027120 0x65401F: lua_pcall (lj_api.c:1135)
                 n1: 3027120 0x3B111F: nlua_pcall (executor.c:183)
                  n1: 3027120 0x3B5DF3: nlua_exec_file (executor.c:1954)
                   n0: 3027120 0x3C28C7: main (main.c:679)
    n0: 120 in 1 place, below massif's threshold (1.00%)
   n1: 2789376 0x3F888B: mf_alloc_bhdr (memfile.c:496)
    n2: 2789376 0x3F80CB: mf_new (memfile.c:260)
     n2: 2764800 0x4004F7: ml_new_data (memline.c:2982)
      n1: 2760704 0x3FE26F: ml_append_int (memline.c:2186)
       n1: 2760704 0x3FEFC3: ml_append_flush (memline.c:2454)
        n1: 2760704 0x3FF0CB: ml_append_buf (memline.c:2507)
         n1: 2760704 0x1B6083: nvim_buf_set_lines (buffer.c:370)
          n1: 2760704 0x38FB47: nlua_api_nvim_buf_set_lines (lua_api_c_bindings.generated.h:612)
           n1: 2760704 0x667DD3: lj_BC_FUNCC (in /work/neovim/build/bin/nvim)
            n1: 2760704 0x65401F: lua_pcall (lj_api.c:1135)
             n1: 2760704 0x3B111F: nlua_pcall (executor.c:183)
              n1: 2760704 0x3B5DF3: nlua_exec_file (executor.c:1954)
               n0: 2760704 0x3C28C7: main (main.c:679)
      n0: 4096 in 1 place, below massif's threshold (1.00%)
     n0: 24576 in 2 places, all below massif's threshold (1.00%)
   n2: 605448 0x58D4B3: u_savecommon (undo.c:592)
    n1: 605424 0x58CAD3: u_savesub (undo.c:278)
     n1: 605424 0x2F4373: do_sub (ex_cmds.c:4361)
      n1: 605424 0x2F5FF3: ex_substitute (ex_cmds.c:4978)
       n1: 605424 0x2FDF9B: execute_cmd0 (ex_docmd.c:1795)
        n1: 605424 0x2FF90F: do_one_cmd (ex_docmd.c:2424)
         n1: 605424 0x2FB04F: do_cmdline (ex_docmd.c:690)
          n1: 605424 0x4EA963: do_source_ext (runtime.c:2403)
           n1: 605424 0x4E9CDB: do_source_str (runtime.c:2148)
            n1: 605424 0x1F67A3: exec_impl (vimscript.c:83)
             n1: 605424 0x1F6577: nvim_exec2 (vimscript.c:59)
              n1: 605424 0x3A44E3: nlua_api_nvim_exec2 (lua_api_c_bindings.generated.h:7735)
               n1: 605424 0x667DD3: lj_BC_FUNCC (in /work/neovim/build/bin/nvim)
                n1: 605424 0x65401F: lua_pcall (lj_api.c:1135)
                 n1: 605424 0x3B111F: nlua_pcall (executor.c:183)
                  n1: 605424 0x3B5DF3: nlua_exec_file (executor.c:1954)
                   n0: 605424 0x3C28C7: main (main.c:679)
    n0: 24 in 1 place, below massif's threshold (1.00%)
   n0: 89613 in 38 places, all below massif's threshold (1.00%)
  n0: 0 in 1 place, below massif's threshold (1.00%)
 n2: 7703647 0x403DBF: xrealloc (memory.c:193)
  n1: 7340032 0x32E2F7: extmark_splice_impl (extmark.c:638)
   n2: 7340032 0x32DDC7: extmark_splice (extmark.c:546)
    n1: 7340032 0x2F4437: do_sub (ex_cmds.c:4370)
     n1: 7340032 0x2F5FF3: ex_substitute (ex_cmds.c:4978)
      n1: 7340032 0x2FDF9B: execute_cmd0 (ex_docmd.c:1795)
       n1: 7340032 0x2FF90F: do_one_cmd (ex_docmd.c:2424)
        n1: 7340032 0x2FB04F: do_cmdline (ex_docmd.c:690)
         n1: 7340032 0x4EA963: do_source_ext (runtime.c:2403)
          n1: 7340032 0x4E9CDB: do_source_str (runtime.c:2148)
           n1: 7340032 0x1F67A3: exec_impl (vimscript.c:83)
            n1: 7340032 0x1F6577: nvim_exec2 (vimscript.c:59)
             n1: 7340032 0x3A44E3: nlua_api_nvim_exec2 (lua_api_c_bindings.generated.h:7735)
              n1: 7340032 0x667DD3: lj_BC_FUNCC (in /work/neovim/build/bin/nvim)
               n1: 7340032 0x65401F: lua_pcall (lj_api.c:1135)
                n1: 7340032 0x3B111F: nlua_pcall (executor.c:183)
                 n1: 7340032 0x3B5DF3: nlua_exec_file (executor.c:1954)
                  n0: 7340032 0x3C28C7: main (main.c:679)
    n0: 0 in 1 place, below massif's threshold (1.00%)
  n0: 363615 in 28 places, all below massif's threshold (1.00%)
 n2: 702681 0x403D27: xcalloc (memory.c:173)
  n2: 563328 0x3E2F1F: marktree_alloc_node (marktree.c:437)
   n2: 557760 0x3E178F: split_node (marktree.c:184)
    n2: 554144 0x3E22B3: marktree_putp_aux (marktree.c:282)
     n2: 509936 0x3E239F: marktree_putp_aux (marktree.c:290)
      n1: 308672 0x3E239F: marktree_putp_aux (marktree.c:290)
       n1: 308672 0x3E346B: marktree_put_key (marktree.c:508)
        n1: 308672 0x3E24DB: marktree_put (marktree.c:304)
         n1: 308672 0x32BA87: extmark_set (extmark.c:95)
          n1: 308672 0x1C3BDF: nvim_buf_set_extmark (extmark.c:936)
           n1: 308672 0x397D4F: nlua_api_nvim_buf_set_extmark (lua_api_c_bindings.generated.h:3479)
            n1: 308672 0x667DD3: lj_BC_FUNCC (in /work/neovim/build/bin/nvim)
             n1: 308672 0x65401F: lua_pcall (lj_api.c:1135)
              n1: 308672 0x3B111F: nlua_pcall (executor.c:183)
               n1: 308672 0x3B5DF3: nlua_exec_file (executor.c:1954)
                n0: 308672 0x3C28C7: main (main.c:679)
      n0: 201264 in 1 place, below massif's threshold (1.00%)
     n0: 44208 in 1 place, below massif's threshold (1.00%)
    n0: 3616 in 1 place, below massif's threshold (1.00%)
   n0: 5568 in 2 places, all below massif's threshold (1.00%)
  n0: 139353 in 20 places, all below massif's threshold (1.00%)
 n0: 39654 in 24 places, all below massif's threshold (1.00%)
#-----------
snapshot=66
#-----------
time=3684840302
mem_heap_B=19895518
mem_heap_extra_B=3161754
mem_stacks_B=0
heap_tree=empty
#-----------
snapshot=67
#-----------
time=3710616641
mem_heap_B=19955617
mem_heap_extra_B=3183031
mem_stacks_B=0
heap_tree=detailed
n4: 19955617 (heap allocation functions) malloc/new/new[], --alloc-fns, etc.
 n2: 11509635 0x403BD7: try_malloc (memory.c:113)
  n5: 11509635 0x403C5B: xmalloc (memory.c:147)
   n2: 4925574 0x403E53: xmallocz (memory.c:219)
    n2: 4925456 0x403E8B: xmemdupz (memory.c:237)
     n2: 4923509 0x40444F: xstrdup (memory.c:484)
      n2: 4917822 0x593F33: u_save_line_buf (undo.c:3099)
       n2: 4917821 0x58D52F: u_savecommon (undo.c:601)
        n1: 4917700 0x58CAD3: u_savesub (undo.c:278)
         n1: 4917700 0x2F4373: do_sub (ex_cmds.c:4361)
          n1: 4917700 0x2F5FF3: ex_substitute (ex_cmds.c:4978)
           n1: 4917700 0x2FDF9B: execute_cmd0 (ex_docmd.c:1795)
            n1: 4917700 0x2FF90F: do_one_cmd (ex_docmd.c:2424)
             n1: 4917700 0x2FB04F: do_cmdline (ex_docmd.c:690)
              n1: 4917700 0x4EA963: do_source_ext (runtime.c:2403)
               n1: 4917700 0x4E9CDB: do_source_str (runtime.c:2148)
                n1: 4917700 0x1F67A3: exec_impl (vimscript.c:83)
                 n1: 4917700 0x1F6577: nvim_exec2 (vimscript.c:59)
                  n1: 4917700 0x3A44E3: nlua_api_nvim_exec2 (lua_api_c_bindings.generated.h:7735)
                   n1: 4917700 0x667DD3: lj_BC_FUNCC (in /work/neovim/build/bin/nvim)
                    n1: 4917700 0x65401F: lua_pcall (lj_api.c:1135)
                     n1: 4917700 0x3B111F: nlua_pcall (executor.c:183)
                      n1: 4917700 0x3B5DF3: nlua_exec_file (executor.c:1954)
                       n0: 4917700 0x3C28C7: main (main.c:679)
        n0: 121 in 1 place, below massif's threshold (1.00%)
       n0: 1 in 1 place, below massif's threshold (1.00%)
      n0: 5687 in 23 places, all below massif's threshold (1.00%)
     n0: 1947 in 13 places, all below massif's threshold (1.00%)
    n0: 118 in 2 places, all below massif's threshold (1.00%)
   n2: 3087560 0x58D413: u_savecommon (undo.c:572)
    n1: 3087440 0x58CAD3: u_savesub (undo.c:278)
     n1: 3087440 0x2F4373: do_sub (ex_cmds.c:4361)
      n1: 3087440 0x2F5FF3: ex_substitute (ex_cmds.c:4978)
       n1: 3087440 0x2FDF9B: execute_cmd0 (ex_docmd.c:1795)
        n1: 3087440 0x2FF90F: do_one_cmd (ex_docmd.c:2424)
         n1: 3087440 0x2FB04F: do_cmdline (ex_docmd.c:690)
          n1: 3087440 0x4EA963: do_source_ext (runtime.c:2403)
           n1: 3087440 0x4E9CDB: do_source_str (runtime.c:2148)
            n1: 3087440 0x1F67A3: exec_impl (vimscript.c:83)
             n1: 3087440 0x1F6577: nvim_exec2 (vimscript.c:59)
              n1: 3087440 0x3A44E3: nlua_api_nvim_exec2 (lua_api_c_bindings.generated.h:7735)
               n1: 3087440 0x667DD3: lj_BC_FUNCC (in /work/neovim/build/bin/nvim)
                n1: 3087440 0x65401F: lua_pcall (lj_api.c:1135)
                 n1: 3087440 0x3B111F: nlua_pcall (executor.c:183)
                  n1: 3087440 0x3B5DF3: nlua_exec_file (executor.c:1954)
                   n0: 3087440 0x3C28C7: main (main.c:679)
    n0: 120 in 1 place, below massif's threshold (1.00%)
   n1: 2789376 0x3F888B: mf_alloc_bhdr (memfile.c:496)
    n2: 2789376 0x3F80CB: mf_new (memfile.c:260)
     n2: 2764800 0x4004F7: ml_new_data (memline.c:2982)
      n1: 2760704 0x3FE26F: ml_append_int (memline.c:2186)
       n1: 2760704 0x3FEFC3: ml_append_flush (memline.c:2454)
        n1: 2760704 0x3FF0CB: ml_append_buf (memline.c:2507)
         n1: 2760704 0x1B6083: nvim_buf_set_lines (buffer.c:370)
          n1: 2760704 0x38FB47: nlua_api_nvim_buf_set_lines (lua_api_c_bindings.generated.h:612)
           n1: 2760704 0x667DD3: lj_BC_FUNCC (in /work/neovim/build/bin/nvim)
            n1: 2760704 0x65401F: lua_pcall (lj_api.c:1135)
             n1: 2760704 0x3B111F: nlua_pcall (executor.c:183)
              n1: 2760704 0x3B5DF3: nlua_exec_file (executor.c:1954)
               n0: 2760704 0x3C28C7: main (main.c:679)
      n0: 4096 in 1 place, below massif's threshold (1.00%)
     n0: 24576 in 2 places, all below massif's threshold (1.00%)
   n2: 617512 0x58D4B3: u_savecommon (undo.c:592)
    n1: 617488 0x58CAD3: u_savesub (undo.c:278)
     n1: 617488 0x2F4373: do_sub (ex_cmds.c:4361)
      n1: 617488 0x2F5FF3: ex_substitute (ex_cmds.c:4978)
       n1: 617488 0x2FDF9B: execute_cmd0 (ex_docmd.c:1795)
        n1: 617488 0x2FF90F: do_one_cmd (ex_docmd.c:2424)
         n1: 617488 0x2FB04F: do_cmdline (ex_docmd.c:690)
          n1: 617488 0x4EA963: do_source_ext (runtime.c:2403)
           n1: 617488 0x4E9CDB: do_source_str (runtime.c:2148)
            n1: 617488 0x1F67A3: exec_impl (vimscript.c:83)
             n1: 617488 0x1F6577: nvim_exec2 (vimscript.c:59)
              n1: 617488 0x3A44E3: nlua_api_nvim_exec2 (lua_api_c_bindings.generated.h:7735)
               n1: 617488 0x667DD3: lj_BC_FUNCC (in /work/neovim/build/bin/nvim)
                n1: 617488 0x65401F: lua_pcall (lj_api.c:1135)
                 n1: 617488 0x3B111F: nlua_pcall (executor.c:183)
                  n1: 617488 0x3B5DF3: nlua_exec_file (executor.c:1954)
                   n0: 617488 0x3C28C7: main (main.c:679)
    n0: 24 in 1 place, below massif's threshold (1.00%)
   n0: 89613 in 38 places, all below massif's threshold (1.00%)
  n0: 0 in 1 place, below massif's threshold (1.00%)
 n2: 7703647 0x403DBF: xrealloc (memory.c:193)
  n1: 7340032 0x32E2F7: extmark_splice_impl (extmark.c:638)
   n2: 7340032 0x32DDC7: extmark_splice (extmark.c:546)
    n1: 7340032 0x2F4437: do_sub (ex_cmds.c:4370)
     n1: 7340032 0x2F5FF3: ex_substitute (ex_cmds.c:4978)
      n1: 7340032 0x2FDF9B: execute_cmd0 (ex_docmd.c:1795)
       n1: 7340032 0x2FF90F: do_one_cmd (ex_docmd.c:2424)
        n1: 7340032 0x2FB04F: do_cmdline (ex_docmd.c:690)
         n1: 7340032 0x4EA963: do_source_ext (runtime.c:2403)
          n1: 7340032 0x4E9CDB: do_source_str (runtime.c:2148)
           n1: 7340032 0x1F67A3: exec_impl (vimscript.c:83)
            n1: 7340032 0x1F6577: nvim_exec2 (vimscript.c:59)
             n1: 7340032 0x3A44E3: nlua_api_nvim_exec2 (lua_api_c_bindings.generated.h:7735)
              n1: 7340032 0x667DD3: lj_BC_FUNCC (in /work/neovim/build/bin/nvim)
               n1: 7340032 0x65401F: lua_pcall (lj_api.c:1135)
                n1: 7340032 0x3B111F: nlua_pcall (executor.c:183)
                 n1: 7340032 0x3B5DF3: nlua_exec_file (executor.c:1954)
                  n0: 7340032 0x3C28C7: main (main.c:679)
    n0: 0 in 1 place, below massif's threshold (1.00%)
  n0: 363615 in 28 places, all below massif's threshold (1.00%)
 n2: 702681 0x403D27: xcalloc (memory.c:173)
  n2: 563328 0x3E2F1F: marktree_alloc_node (marktree.c:437)
   n2: 557760 0x3E178F: split_node (marktree.c:184)
    n2: 554144 0x3E22B3: marktree_putp_aux (marktree.c:282)
     n2: 509936 0x3E239F: marktree_putp_aux (marktree.c:290)
      n1: 308672 0x3E239F: marktree_putp_aux (marktree.c:290)
       n1: 308672 0x3E346B: marktree_put_key (marktree.c:508)
        n1: 308672 0x3E24DB: marktree_put (marktree.c:304)
         n1: 308672 0x32BA87: extmark_set (extmark.c:95)
          n1: 308672 0x1C3BDF: nvim_buf_set_extmark (extmark.c:936)
           n1: 308672 0x397D4F: nlua_api_nvim_buf_set_extmark (lua_api_c_bindings.generated.h:3479)
            n1: 308672 0x667DD3: lj_BC_FUNCC (in /work/neovim/build/bin/nvim)
             n1: 308672 0x65401F: lua_pcall (lj_api.c:1135)
              n1: 308672 0x3B111F: nlua_pcall (executor.c:183)
               n1: 308672 0x3B5DF3: nlua_exec_file (executor.c:1954)
                n0: 308672 0x3C28C7: main (main.c:679)
      n0: 201264 in 1 place, below massif's threshold (1.00%)
     n0: 44208 in 1 place, below massif's threshold (1.00%)
    n0: 3616 in 1 place, below massif's threshold (1.00%)
   n0: 5568 in 2 places, all below massif's threshold (1.00%)
  n0: 139353 in 20 places, all below massif's threshold (1.00%)
 n0: 39654 in 24 places, all below massif's threshold (1.00%)
#-----------
snapshot=68
#-----------
time=3750810123
mem_heap_B=20061281
mem_heap_extra_B=3220767
mem_stacks_B=0
heap_tree=empty
#-----------
snapshot=69
#-----------
time=3779776350
mem_heap_B=20126193
mem_heap_extra_B=3243951
mem_stacks_B=0
heap_tree=detailed
n4: 20126193 (heap allocation functions) malloc/new/new[], --alloc-fns, etc.
 n2: 11680211 0x403BD7: try_malloc (memory.c:113)
  n5: 11680211 0x403C5B: xmalloc (memory.c:147)
   n2: 5023046 0x403E53: xmallocz (memory.c:219)
    n2: 5022928 0x403E8B: xmemdupz (memory.c:237)
     n2: 5020981 0x40444F: xstrdup (memory.c:484)
      n2: 5015294 0x593F33: u_save_line_buf (undo.c:3099)
       n2: 5015293 0x58D52F: u_savecommon (undo.c:601)
        n1: 5015172 0x58CAD3: u_savesub (undo.c:278)
         n1: 5015172 0x2F4373: do_sub (ex_cmds.c:4361)
          n1: 5015172 0x2F5FF3: ex_substitute (ex_cmds.c:4978)
           n1: 5015172 0x2FDF9B: execute_cmd0 (ex_docmd.c:1795)
            n1: 5015172 0x2FF90F: do_one_cmd (ex_docmd.c:2424)
             n1: 5015172 0x2FB04F: do_cmdline (ex_docmd.c:690)
              n1: 5015172 0x4EA963: do_source_ext (runtime.c:2403)
               n1: 5015172 0x4E9CDB: do_source_str (runtime.c:2148)
                n1: 5015172 0x1F67A3: exec_impl (vimscript.c:83)
                 n1: 5015172 0x1F6577: nvim_exec2 (vimscript.c:59)
                  n1: 5015172 0x3A44E3: nlua_api_nvim_exec2 (lua_api_c_bindings.generated.h:7735)
                   n1: 5015172 0x667DD3: lj_BC_FUNCC (in /work/neovim/build/bin/nvim)
                    n1: 5015172 0x65401F: lua_pcall (lj_api.c:1135)
                     n1: 5015172 0x3B111F: nlua_pcall (executor.c:183)
                      n1: 5015172 0x3B5DF3: nlua_exec_file (executor.c:1954)
                       n0: 5015172 0x3C28C7: main (main.c:679)
        n0: 121 in 1 place, below massif's threshold (1.00%)
       n0: 1 in 1 place, below massif's threshold (1.00%)
      n0: 5687 in 23 places, all below massif's threshold (1.00%)
     n0: 1947 in 13 places, all below massif's threshold (1.00%)
    n0: 118 in 2 places, all below massif's threshold (1.00%)
   n2: 3148480 0x58D413: u_savecommon (undo.c:572)
    n1: 3148360 0x58CAD3: u_savesub (undo.c:278)
     n1: 3148360 0x2F4373: do_sub (ex_cmds.c:4361)
      n1: 3148360 0x2F5FF3: ex_substitute (ex_cmds.c:4978)
       n1: 3148360 0x2FDF9B: execute_cmd0 (ex_docmd.c:1795)
        n1: 3148360 0x2FF90F: do_one_cmd (ex_docmd.c:2424)
         n1: 3148360 0x2FB04F: do_cmdline (ex_docmd.c:690)
          n1: 3148360 0x4EA963: do_source_ext (runtime.c:2403)
           n1: 3148360 0x4E9CDB: do_source_str (runtime.c:2148)
            n1: 3148360 0x1F67A3: exec_impl (vimscript.c:83)
             n1: 3148360 0x1F6577: nvim_exec2 (vimscript.c:59)
              n1: 3148360 0x3A44E3: nlua_api_nvim_exec2 (lua_api_c_bindings.generated.h:7735)
               n1: 3148360 0x667DD3: lj_BC_FUNCC (in /work/neovim/build/bin/nvim)
                n1: 3148360 0x65401F: lua_pcall (lj_api.c:1135)
                 n1: 3148360 0x3B111F: nlua_pcall (executor.c:183)
                  n1: 3148360 0x3B5DF3: nlua_exec_file (executor.c:1954)
                   n0: 3148360 0x3C28C7: main (main.c:679)
    n0: 120 in 1 place, below massif's threshold (1.00%)
   n1: 2789376 0x3F888B: mf_alloc_bhdr (memfile.c:496)
    n2: 2789376 0x3F80CB: mf_new (memfile.c:260)
     n2: 2764800 0x4004F7: ml_new_data (memline.c:2982)
      n1: 2760704 0x3FE26F: ml_append_int (memline.c:2186)
       n1: 2760704 0x3FEFC3: ml_append_flush (memline.c:2454)
        n1: 2760704 0x3FF0CB: ml_append_buf (memline.c:2507)
         n1: 2760704 0x1B6083: nvim_buf_set_lines (buffer.c:370)
          n1: 2760704 0x38FB47: nlua_api_nvim_buf_set_lines (lua_api_c_bindings.generated.h:612)
           n1: 2760704 0x667DD3: lj_BC_FUNCC (in /work/neovim/build/bin/nvim)
            n1: 2760704 0x65401F: lua_pcall (lj_api.c:1135)
             n1: 2760704 0x3B111F: nlua_pcall (executor.c:183)
              n1: 2760704 0x3B5DF3: nlua_exec_file (executor.c:1954)
               n0: 2760704 0x3C28C7: main (main.c:679)
      n0: 4096 in 1 place, below massif's threshold (1.00%)
     n0: 24576 in 2 places, all below massif's threshold (1.00%)
   n2: 629696 0x58D4B3: u_savecommon (undo.c:592)
    n1: 629672 0x58CAD3: u_savesub (undo.c:278)
     n1: 629672 0x2F4373: do_sub (ex_cmds.c:4361)
      n1: 629672 0x2F5FF3: ex_substitute (ex_cmds.c:4978)
       n1: 629672 0x2FDF9B: execute_cmd0 (ex_docmd.c:1795)
        n1: 629672 0x2FF90F: do_one_cmd (ex_docmd.c:2424)
         n1: 629672 0x2FB04F: do_cmdline (ex_docmd.c:690)
          n1: 629672 0x4EA963: do_source_ext (runtime.c:2403)
           n1: 629672 0x4E9CDB: do_source_str (runtime.c:2148)
            n1: 629672 0x1F67A3: exec_impl (vimscript.c:83)
             n1: 629672 0x1F6577: nvim_exec2 (vimscript.c:59)
              n1: 629672 0x3A44E3: nlua_api_nvim_exec2 (lua_api_c_bindings.generated.h:7735)
               n1: 629672 0x667DD3: lj_BC_FUNCC (in /work/neovim/build/bin/nvim)
                n1: 629672 0x65401F: lua_pcall (lj_api.c:1135)
                 n1: 629672 0x3B111F: nlua_pcall (executor.c:183)
                  n1: 629672 0x3B5DF3: nlua_exec_file (executor.c:1954)
                   n0: 629672 0x3C28C7: main (main.c:679)
    n0: 24 in 1 place, below massif's threshold (1.00%)
   n0: 89613 in 38 places, all below massif's threshold (1.00%)
  n0: 0 in 1 place, below massif's threshold (1.00%)
 n2: 7703647 0x403DBF: xrealloc (memory.c:193)
  n1: 7340032 0x32E2F7: extmark_splice_impl (extmark.c:638)
   n2: 7340032 0x32DDC7: extmark_splice (extmark.c:546)
    n1: 7340032 0x2F4437: do_sub (ex_cmds.c:4370)
     n1: 7340032 0x2F5FF3: ex_substitute (ex_cmds.c:4978)
      n1: 7340032 0x2FDF9B: execute_cmd0 (ex_docmd.c:1795)
       n1: 7340032 0x2FF90F: do_one_cmd (ex_docmd.c:2424)
        n1: 7340032 0x2FB04F: do_cmdline (ex_docmd.c:690)
         n1: 7340032 0x4EA963: do_source_ext (runtime.c:2403)
          n1: 7340032 0x4E9CDB: do_source_str (runtime.c:2148)
           n1: 7340032 0x1F67A3: exec_impl (vimscript.c:83)
            n1: 7340032 0x1F6577: nvim_exec2 (vimscript.c:59)
             n1: 7340032 0x3A44E3: nlua_api_nvim_exec2 (lua_api_c_bindings.generated.h:7735)
              n1: 7340032 0x667DD3: lj_BC_FUNCC (in /work/neovim/build/bin/nvim)
               n1: 7340032 0x65401F: lua_pcall (lj_api.c:1135)
                n1: 7340032 0x3B111F: nlua_pcall (executor.c:183)
                 n1: 7340032 0x3B5DF3: nlua_exec_file (executor.c:1954)
                  n0: 7340032 0x3C28C7: main (main.c:679)
    n0: 0 in 1 place, below massif's threshold (1.00%)
  n0: 363615 in 28 places, all below massif's threshold (1.00%)
 n2: 702681 0x403D27: xcalloc (memory.c:173)
  n2: 563328 0x3E2F1F: marktree_alloc_node (marktree.c:437)
   n2: 557760 0x3E178F: split_node (marktree.c:184)
    n2: 554144 0x3E22B3: marktree_putp_aux (marktree.c:282)
     n2: 509936 0x3E239F: marktree_putp_aux (marktree.c:290)
      n1: 308672 0x3E239F: marktree_putp_aux (marktree.c:290)
       n1: 308672 0x3E346B: marktree_put_key (marktree.c:508)
        n1: 308672 0x3E24DB: marktree_put (marktree.c:304)
         n1: 308672 0x32BA87: extmark_set (extmark.c:95)
          n1: 308672 0x1C3BDF: nvim_buf_set_extmark (extmark.c:936)
           n1: 308672 0x397D4F: nlua_api_nvim_buf_set_extmark (lua_api_c_bindings.generated.h:3479)
            n1: 308672 0x667DD3: lj_BC_FUNCC (in /work/neovim/build/bin/nvim)
             n1: 308672 0x65401F: lua_pcall (lj_api.c:1135)
              n1: 308672 0x3B111F: nlua_pcall (executor.c:183)
               n1: 308672 0x3B5DF3: nlua_exec_file (executor.c:1954)
                n0: 308672 0x3C28C7: main (main.c:679)
      n0: 201264 in 1 place, below massif's threshold (1.00%)
     n0: 44208 in 1 place, below massif's threshold (1.00%)
    n0: 3616 in 1 place, below massif's threshold (1.00%)
   n0: 5568 in 2 places, all below massif's threshold (1.00%)
  n0: 139353 in 20 places, all below massif's threshold (1.00%)
 n0: 39654 in 24 places, all below massif's threshold (1.00%)
#-----------
snapshot=70
#-----------
time=3819972854
mem_heap_B=20219873
mem_heap_extra_B=3277407
mem_stacks_B=0
heap_tree=empty
#-----------
snapshot=71
#-----------
time=3847982162
mem_heap_B=20734591
mem_heap_extra_B=3379785
mem_stacks_B=0
heap_tree=peak
n4: 20734591 (heap allocation functions) malloc/new/new[], --alloc-fns, etc.
 n2: 12066062 0x403BD7: try_malloc (memory.c:113)
  n5: 12066062 0x403C5B: xmalloc (memory.c:147)
   n2: 5219430 0x403E53: xmallocz (memory.c:219)
    n2: 5219376 0x403E8B: xmemdupz (memory.c:237)
     n2: 5103435 0x40444F: xstrdup (memory.c:484)
      n2: 5097790 0x593F33: u_save_line_buf (undo.c:3099)
       n2: 5097789 0x58D52F: u_savecommon (undo.c:601)
        n1: 5097668 0x58CAD3: u_savesub (undo.c:278)
         n1: 5097668 0x2F4373: do_sub (ex_cmds.c:4361)
          n1: 5097668 0x2F5FF3: ex_substitute (ex_cmds.c:4978)
           n1: 5097668 0x2FDF9B: execute_cmd0 (ex_docmd.c:1795)
            n1: 5097668 0x2FF90F: do_one_cmd (ex_docmd.c:2424)
             n1: 5097668 0x2FB04F: do_cmdline (ex_docmd.c:690)
              n1: 5097668 0x4EA963: do_source_ext (runtime.c:2403)
               n1: 5097668 0x4E9CDB: do_source_str (runtime.c:2148)
                n1: 5097668 0x1F67A3: exec_impl (vimscript.c:83)
                 n1: 5097668 0x1F6577: nvim_exec2 (vimscript.c:59)
                  n1: 5097668 0x3A44E3: nlua_api_nvim_exec2 (lua_api_c_bindings.generated.h:7735)
                   n1: 5097668 0x667DD3: lj_BC_FUNCC (in /work/neovim/build/bin/nvim)
                    n1: 5097668 0x65401F: lua_pcall (lj_api.c:1135)
                     n1: 5097668 0x3B111F: nlua_pcall (executor.c:183)
                      n1: 5097668 0x3B5DF3: nlua_exec_file (executor.c:1954)
                       n0: 5097668 0x3C28C7: main (main.c:679)
        n0: 121 in 1 place, below massif's threshold (1.00%)
       n0: 1 in 1 place, below massif's threshold (1.00%)
      n0: 5645 in 24 places, all below massif's threshold (1.00%)
     n0: 115941 in 13 places, all below massif's threshold (1.00%)
    n0: 54 in 2 places, all below massif's threshold (1.00%)
   n2: 3200040 0x58D413: u_savecommon (undo.c:572)
    n1: 3199920 0x58CAD3: u_savesub (undo.c:278)
     n1: 3199920 0x2F4373: do_sub (ex_cmds.c:4361)
      n1: 3199920 0x2F5FF3: ex_substitute (ex_cmds.c:4978)
       n1: 3199920 0x2FDF9B: execute_cmd0 (ex_docmd.c:1795)
        n1: 3199920 0x2FF90F: do_one_cmd (ex_docmd.c:2424)
         n1: 3199920 0x2FB04F: do_cmdline (ex_docmd.c:690)
          n1: 3199920 0x4EA963: do_source_ext (runtime.c:2403)
           n1: 3199920 0x4E9CDB: do_source_str (runtime.c:2148)
            n1: 3199920 0x1F67A3: exec_impl (vimscript.c:83)
             n1: 3199920 0x1F6577: nvim_exec2 (vimscript.c:59)
              n1: 3199920 0x3A44E3: nlua_api_nvim_exec2 (lua_api_c_bindings.generated.h:7735)
               n1: 3199920 0x667DD3: lj_BC_FUNCC (in /work/neovim/build/bin/nvim)
                n1: 3199920 0x65401F: lua_pcall (lj_api.c:1135)
                 n1: 3199920 0x3B111F: nlua_pcall (executor.c:183)
                  n1: 3199920 0x3B5DF3: nlua_exec_file (executor.c:1954)
                   n0: 3199920 0x3C28C7: main (main.c:679)
    n0: 120 in 1 place, below massif's threshold (1.00%)
   n1: 2789376 0x3F888B: mf_alloc_bhdr (memfile.c:496)
    n2: 2789376 0x3F80CB: mf_new (memfile.c:260)
     n2: 2764800 0x4004F7: ml_new_data (memline.c:2982)
      n1: 2760704 0x3FE26F: ml_append_int (memline.c:2186)
       n1: 2760704 0x3FEFC3: ml_append_flush (memline.c:2454)
        n1: 2760704 0x3FF0CB: ml_append_buf (memline.c:2507)
         n1: 2760704 0x1B6083: nvim_buf_set_lines (buffer.c:370)
          n1: 2760704 0x38FB47: nlua_api_nvim_buf_set_lines (lua_api_c_bindings.generated.h:612)
           n1: 2760704 0x667DD3: lj_BC_FUNCC (in /work/neovim/build/bin/nvim)
            n1: 2760704 0x65401F: lua_pcall (lj_api.c:1135)
             n1: 2760704 0x3B111F: nlua_pcall (executor.c:183)
              n1: 2760704 0x3B5DF3: nlua_exec_file (executor.c:1954)
               n0: 2760704 0x3C28C7: main (main.c:679)
      n0: 4096 in 1 place, below massif's threshold (1.00%)
     n0: 24576 in 2 places, all below massif's threshold (1.00%)
   n2: 640008 0x58D4B3: u_savecommon (undo.c:592)
    n1: 639984 0x58CAD3: u_savesub (undo.c:278)
     n1: 639984 0x2F4373: do_sub (ex_cmds.c:4361)
      n1: 639984 0x2F5FF3: ex_substitute (ex_cmds.c:4978)
       n1: 639984 0x2FDF9B: execute_cmd0 (ex_docmd.c:1795)
        n1: 639984 0x2FF90F: do_one_cmd (ex_docmd.c:2424)
         n1: 639984 0x2FB04F: do_cmdline (ex_docmd.c:690)
          n1: 639984 0x4EA963: do_source_ext (runtime.c:2403)
           n1: 639984 0x4E9CDB: do_source_str (runtime.c:2148)
            n1: 639984 0x1F67A3: exec_impl (vimscript.c:83)
             n1: 639984 0x1F6577: nvim_exec2 (vimscript.c:59)
              n1: 639984 0x3A44E3: nlua_api_nvim_exec2 (lua_api_c_bindings.generated.h:7735)
               n1: 639984 0x667DD3: lj_BC_FUNCC (in /work/neovim/build/bin/nvim)
                n1: 639984 0x65401F: lua_pcall (lj_api.c:1135)
                 n1: 639984 0x3B111F: nlua_pcall (executor.c:183)
                  n1: 639984 0x3B5DF3: nlua_exec_file (executor.c:1954)
                   n0: 639984 0x3C28C7: main (main.c:679)
    n0: 24 in 1 place, below massif's threshold (1.00%)
   n0: 217208 in 38 places, all below massif's threshold (1.00%)
  n0: 0 in 1 place, below massif's threshold (1.00%)
 n2: 7702149 0x403DBF: xrealloc (memory.c:193)
  n1: 7340032 0x32E2F7: extmark_splice_impl (extmark.c:638)
   n2: 7340032 0x32DDC7: extmark_splice (extmark.c:546)
    n1: 7340032 0x2F4437: do_sub (ex_cmds.c:4370)
     n1: 7340032 0x2F5FF3: ex_substitute (ex_cmds.c:4978)
      n1: 7340032 0x2FDF9B: execute_cmd0 (ex_docmd.c:1795)
       n1: 7340032 0x2FF90F: do_one_cmd (ex_docmd.c:2424)
        n1: 7340032 0x2FB04F: do_cmdline (ex_docmd.c:690)
         n1: 7340032 0x4EA963: do_source_ext (runtime.c:2403)
          n1: 7340032 0x4E9CDB: do_source_str (runtime.c:2148)
           n1: 7340032 0x1F67A3: exec_impl (vimscript.c:83)
            n1: 7340032 0x1F6577: nvim_exec2 (vimscript.c:59)
             n1: 7340032 0x3A44E3: nlua_api_nvim_exec2 (lua_api_c_bindings.generated.h:7735)
              n1: 7340032 0x667DD3: lj_BC_FUNCC (in /work/neovim/build/bin/nvim)
               n1: 7340032 0x65401F: lua_pcall (lj_api.c:1135)
                n1: 7340032 0x3B111F: nlua_pcall (executor.c:183)
                 n1: 7340032 0x3B5DF3: nlua_exec_file (executor.c:1954)
                  n0: 7340032 0x3C28C7: main (main.c:679)
    n0: 0 in 1 place, below massif's threshold (1.00%)
  n0: 362117 in 28 places, all below massif's threshold (1.00%)
 n2: 926726 0x403D27: xcalloc (memory.c:173)
  n2: 563328 0x3E2F1F: marktree_alloc_node (marktree.c:437)
   n2: 557760 0x3E178F: split_node (marktree.c:184)
    n2: 554144 0x3E22B3: marktree_putp_aux (marktree.c:282)
     n2: 509936 0x3E239F: marktree_putp_aux (marktree.c:290)
      n1: 308672 0x3E239F: marktree_putp_aux (marktree.c:290)
       n1: 308672 0x3E346B: marktree_put_key (marktree.c:508)
        n1: 308672 0x3E24DB: marktree_put (marktree.c:304)
         n1: 308672 0x32BA87: extmark_set (extmark.c:95)
          n1: 308672 0x1C3BDF: nvim_buf_set_extmark (extmark.c:936)
           n1: 308672 0x397D4F: nlua_api_nvim_buf_set_extmark (lua_api_c_bindings.generated.h:3479)
            n1: 308672 0x667DD3: lj_BC_FUNCC (in /work/neovim/build/bin/nvim)
             n1: 308672 0x65401F: lua_pcall (lj_api.c:1135)
              n1: 308672 0x3B111F: nlua_pcall (executor.c:183)
               n1: 308672 0x3B5DF3: nlua_exec_file (executor.c:1954)
                n0: 308672 0x3C28C7: main (main.c:679)
      n0: 201264 in 1 place, below massif's threshold (1.00%)
     n0: 44208 in 1 place, below massif's threshold (1.00%)
    n0: 3616 in 1 place, below massif's threshold (1.00%)
   n0: 5568 in 2 places, all below massif's threshold (1.00%)
  n0: 363398 in 21 places, all below massif's threshold (1.00%)
 n0: 39654 in 24 places, all below massif's threshold (1.00%)
#-----------
snapshot=72
#-----------
time=3888149935
mem_heap_B=20303453
mem_heap_extra_B=3307507
mem_stacks_B=0
heap_tree=empty
#-----------
snapshot=73
#-----------
time=3928317774
mem_heap_B=20450894
mem_heap_extra_B=3352330
mem_stacks_B=0
heap_tree=empty
